/dq_DR/drive_wheel,/q_yrp/pitch
0.0,-0.0788601
0.0,-0.0788786
0.148004,-0.0787165
0.0342386,-0.0785566
0.178704,-0.0782209
0.168073,-0.0777759
0.0714056,-0.0773799
0.0762764,-0.0770121
0.0581977,-0.0766964
0.0523278,-0.0764349
-0.0165208,-0.0762904
-0.0180714,-0.0762531
0.0448282,-0.0762121
0.0832919,-0.0761345
-0.0292882,-0.0761591
0.0332165,-0.0761892
0.0722912,-0.0761612
-0.0394988,-0.0762304
-0.0397968,-0.0763631
-0.038915,-0.0765524
-0.0377214,-0.0767806
0.0270471,-0.0769674
0.0249043,-0.0771156
-0.0837988,-0.0773656
0.0255612,-0.0775438
0.0665829,-0.0776168
0.0618825,-0.0776076
0.0145687,-0.0776087
0.0121238,-0.0776186
0.0102529,-0.0776479
0.00851615,-0.0776921
0.00694128,-0.0777574
-0.0579755,-0.0779058
-0.0558673,-0.0781058
0.0105319,-0.0782618
0.0523762,-0.0783148
0.00646053,-0.0783644
0.047322,-0.0783511
-0.0618699,-0.0784416
0.0463056,-0.0784631
0.0437243,-0.0784299
0.167468,-0.0782169
-0.0123916,-0.0781004
0.070278,-0.0779457
-0.0193574,-0.0778792
-0.0202055,-0.0778605
-0.0834436,-0.0779658
0.0260952,-0.0780162
-0.0176428,-0.0780898
-0.0811608,-0.0782467
-0.0136979,-0.0783882
-0.0760378,-0.0785995
-0.0720258,-0.0788563
-0.00391475,-0.07905
-0.0028551,-0.0791932
-0.0660467,-0.0793658
0.0436799,-0.0794415
0.0423039,-0.079443
0.0822003,-0.0793417
0.035006,-0.079218
-0.158423,-0.079309
-0.0656403,-0.0794316
0.0455109,-0.0794508
0.00168423,-0.0794524
-0.104374,-0.0795752
0.00739244,-0.0796489
0.00848081,-0.0796652
-0.0551222,-0.0797226
0.0964319,-0.0796234
0.0500347,-0.0794671
-0.0592786,-0.0794027
0.00714322,-0.0793374
0.0498607,-0.0792073
0.0473074,-0.0790378
0.00197353,-0.078884
0.128595,-0.0785942
0.0365139,-0.0783125
-0.00949318,-0.0781054
-0.00988135,-0.0779473
-0.00978807,-0.0778373
-0.0730651,-0.0778455
0.0365252,-0.0778092
0.0349637,-0.0777382
-0.0735602,-0.0777784
-0.0699457,-0.077894
-0.00208054,-0.0779966
0.0411625,-0.0780325
0.0390563,-0.0780084
-0.11171,-0.0781252
-0.000206813,-0.0781983
0.0434337,-0.078201
0.0412365,-0.0781308
-0.00372199,-0.0780786
-0.0675193,-0.0781082
-0.00027373,-0.0781192
-0.0631582,-0.0781783
0.0885498,-0.0780976
0.0425259,-0.0779732
-0.00293958,-0.0778711
-0.00326537,-0.0777984
0.0392128,-0.0776851
-0.00531368,-0.077606
-0.0691179,-0.0776233
-0.0018718,-0.0776382
-0.00106347,-0.0776451
-0.000916385,-0.0776585
-0.000881574,-0.0776703
0.126141,-0.0775283
-0.00747179,-0.0774247
-0.00859283,-0.0773725
0.07638,-0.0772457
-0.0126774,-0.0771676
-0.0766296,-0.0771936
-0.00922651,-0.0772125
-0.00815661,-0.0772229
-0.113824,-0.0773642
-0.0650136,-0.0775613
0.0457021,-0.0776559
-0.0615577,-0.0777989
-0.0583863,-0.0779507
0.0517854,-0.0779763
-0.0557525,-0.0780451
0.0531844,-0.078026
0.00901326,-0.0779904
-0.05511,-0.0780278
0.0540873,-0.0779849
0.052062,-0.0778715
-0.0569208,-0.0778302
-0.0540705,-0.0778554
-0.0503247,-0.0779268
0.10165,-0.077853
0.0972487,-0.0776922
-0.0994038,-0.0776971
-0.0527278,-0.077765
0.0572749,-0.0777349
0.0973941,-0.0775881
-0.0566172,-0.0775412
0.00897197,-0.0775007
0.00904932,-0.0774575
-0.0551214,-0.0774971
0.0114242,-0.0775063
0.0960627,-0.0773888
0.00619266,-0.0772874
0.0471624,-0.0771637
0.044305,-0.0770209
-0.00127685,-0.0769415
-0.00203741,-0.0768948
-0.00236014,-0.0768751
-0.0660685,-0.0769411
-0.0628588,-0.0770759
-0.0589571,-0.077256
-0.055055,-0.07749
0.0122921,-0.077652
0.0972277,-0.0776612
-0.0561525,-0.0777301
-0.138754,-0.0779659
-0.0455461,-0.0781878
0.0223695,-0.0783268
0.0222419,-0.0783875
-0.0421396,-0.0784751
0.0240283,-0.0784938
-0.124625,-0.0786666
-0.0326508,-0.0788221
0.0346984,-0.0788808
0.0339752,-0.0788576
-0.0309756,-0.0788722
-0.0289477,-0.0789081
-0.02641,-0.0789686
0.0819135,-0.0789048
0.120853,-0.0786932
0.0715854,-0.078431
0.0665721,-0.0781423
0.0197327,-0.0778954
0.102305,-0.0775869
-0.0521169,-0.0774239
0.0127135,-0.0772913
0.0543319,-0.077138
-0.0551158,-0.0770873
-0.0956347,-0.0771725
-0.0479996,-0.0772938
0.0189785,-0.0773798
0.0607895,-0.0773754
-0.0910173,-0.0774891
0.0191573,-0.0775489
0.0189891,-0.0775749
-0.0457395,-0.0776465
-0.0857882,-0.0778149
-0.0382384,-0.0779894
0.0285424,-0.078079
0.0702014,-0.0780636
0.0664445,-0.0779714
0.0198936,-0.0778832
-0.0454126,-0.0778718
-0.0433137,-0.0779192
-0.0405189,-0.0780069
-0.0377955,-0.0781243
0.0284504,-0.0781693
0.112303,-0.0780569
-0.0421275,-0.0780236
-0.0409962,-0.0780462
0.0252475,-0.0780307
0.0666416,-0.0779295
-0.0429835,-0.0779031
0.0645541,-0.0777963
0.0189675,-0.0776866
-0.0464093,-0.0776687
0.146337,-0.07749
0.0539213,-0.0773095
0.0912998,-0.0770776
0.0428431,-0.076872
-0.00368216,-0.0767455
-0.0683927,-0.0767592
0.0403016,-0.0767355
-0.11019,-0.076878
-0.0629594,-0.0770748
0.00469949,-0.0772241
0.00484702,-0.0773388
-0.0590727,-0.0775046
-0.0985867,-0.077749
0.0133718,-0.0779244
-0.0498544,-0.0781193
-0.0466431,-0.0783346
-0.0857384,-0.0785964
-0.0801402,-0.0788938
0.116493,-0.0789558
-0.0788625,-0.0791001
0.0733866,-0.0790926
-0.0351434,-0.0791188
-0.033403,-0.0791566
0.0328593,-0.0791205
0.032013,-0.0790264
0.115308,-0.0787957
0.0241966,-0.0785863
0.0218349,-0.0783971
-0.0432163,-0.0783111
-0.0411904,-0.0782853
0.0250527,-0.078235
0.0241816,-0.0781606
-0.0408512,-0.0781625
-0.0813063,-0.0782617
0.0296115,-0.0783096
-0.0344766,-0.0783842
-0.117091,-0.0785917
-0.0254943,-0.0787793
-0.0646615,-0.0790017
0.0457085,-0.0790988
0.0447588,-0.0791014
0.0425213,-0.0790406
-0.0232351,-0.0790127
0.126227,-0.0788372
-0.0283377,-0.078735
0.0780022,-0.0785525
-0.0318737,-0.0784527
-0.0310083,-0.0784101
-0.0290905,-0.0784237
0.0364549,-0.0783852
-0.0287111,-0.0784044
0.120755,-0.078261
-0.03376,-0.0781991
0.0302656,-0.0781132
-0.0771538,-0.0781553
0.117112,-0.0780457
-0.0368034,-0.0780275
-0.0786548,-0.0781101
-0.0741392,-0.0782605
0.036596,-0.0783231
0.0355199,-0.0783239
-0.0301878,-0.0783665
0.0346704,-0.0783552
0.0331859,-0.0783001
-0.0325111,-0.0782969
0.0324246,-0.0782604
0.030897,-0.0781949
-0.0770826,-0.0782513
0.0326066,-0.0782567
-0.0320144,-0.0782991
0.0752439,-0.0782301
0.029182,-0.0781407
-0.0368149,-0.0781209
0.1131,-0.0779692
0.0644983,-0.0777852
0.0171269,-0.0776353
0.0573501,-0.0774675
-0.0949335,-0.0774763
-0.0910165,-0.0776142
-0.0432848,-0.0777896
0.0233062,-0.0779086
-0.04117,-0.0780532
0.0243307,-0.078137
0.0234422,-0.0781626
0.0642324,-0.0781121
0.0180452,-0.0780497
-0.0897593,-0.0781233
0.0628842,-0.078098
-0.130373,-0.0782483
-0.0393359,-0.0784054
-0.0357533,-0.0785587
0.0304053,-0.0786251
-0.0340443,-0.0787078
0.0738275,-0.0786521
0.07025,-0.0785153
0.0658536,-0.0783129
0.0191544,-0.078131
-0.0463435,-0.078048
0.0615508,-0.0779074
-0.0899005,-0.0779184
0.104718,-0.077801
0.0574346,-0.0776527
0.0105394,-0.0775267
0.0935111,-0.077325
0.00308746,-0.077171
-0.104768,-0.0772016
0.006192,-0.077227
0.0487508,-0.0772061
0.00325507,-0.0772027
-0.0615283,-0.077294
0.0472532,-0.0773133
-0.0609352,-0.0774145
0.0897883,-0.0773828
0.0429034,-0.0773167
0.0391553,-0.0772321
-0.00631391,-0.077199
0.0353556,-0.0771545
-0.0731157,-0.0772341
-0.00652791,-0.0773205
0.036441,-0.0773448
0.0340901,-0.07734
0.116214,-0.0772083
-0.0181889,-0.0771509
-0.0191911,-0.077146
0.0236185,-0.0771383
-0.0205697,-0.0771882
-0.0838261,-0.0773453
0.0685325,-0.0773952
-0.0195171,-0.0774678
-0.0196138,-0.0775608
0.0659124,-0.0775642
0.062158,-0.0775024
-0.133095,-0.0776346
-0.0846636,-0.0778586
0.0269042,-0.0780013
0.0262529,-0.0780785
-0.0813761,-0.0782526
-0.0773477,-0.0784922
-0.00862393,-0.0786896
-0.155466,-0.0790224
-0.0615659,-0.0793269
-0.0560251,-0.0796008
0.0544644,-0.0797185
0.0531579,-0.0797175
0.0506225,-0.0796294
0.0904113,-0.0794376
0.0852626,-0.0791756
-0.00471609,-0.0789649
-0.00536706,-0.0787969
0.122077,-0.0785311
0.0305017,-0.0782785
0.0695942,-0.0779967
-0.125605,-0.0779429
-0.120306,-0.0780401
-0.0701189,-0.0782054
0.0830822,-0.0782403
-0.00521339,-0.0782743
-0.00565165,-0.0783088
-0.00522572,-0.0783356
-0.0683407,-0.0784318
0.0414363,-0.0784389
0.0401696,-0.0783872
-0.0680976,-0.0784236
0.0410701,-0.0783932
0.0820002,-0.0782685
-0.0711078,-0.0782653
0.0377972,-0.0782102
-0.0694177,-0.0782444
0.0399036,-0.0782181
-0.00389386,-0.0782018
-0.00401455,-0.0782051
-0.0672737,-0.0782907
-0.10584,-0.0784821
0.00676634,-0.0786165
0.0502369,-0.0786524
0.0479353,-0.078612
0.00283504,-0.0785773
0.0448629,-0.0784926
0.042412,-0.0783738
0.0470854,-0.0782275
0.0356248,-0.078076
-0.00830881,-0.0779739
-0.0719846,-0.0779949
0.0799519,-0.0779013
-0.114529,-0.0779766
-0.00337684,-0.0780347
-0.0656075,-0.0781529
-0.146464,-0.0784097
0.052957,-0.0785303
0.00972262,-0.078591
0.0514623,-0.0785579
0.00669386,-0.0785145
0.00611469,-0.0784757
0.0483783,-0.0783852
0.00341847,-0.0783112
0.00282213,-0.0782381
-0.103212,-0.0783126
0.0507581,-0.0782979
-0.0566713,-0.0783506
0.00963284,-0.0783647
0.00992728,-0.0783537
0.00959413,-0.0783133
0.00917161,-0.0782553
0.0511628,-0.0781509
0.00603596,-0.0780492
0.0476115,-0.0779115
0.00250828,-0.0777888
-0.104134,-0.0778259
-0.0562633,-0.0779022
-0.0945414,-0.0780727
-0.0460131,-0.0782364
0.0638373,-0.0782705
-0.0867563,-0.078382
0.108786,-0.0783181
0.019278,-0.0782291
0.0220003,-0.0781182
0.100664,-0.0778836
0.0110142,-0.0776867
0.00932254,-0.0775249
0.050931,-0.0773557
0.0478106,-0.0771668
0.0020333,-0.0770212
-0.0624342,-0.0769796
0.131143,-0.0767915
-0.00286431,-0.0766581
0.0378529,-0.0765238
-0.00714923,-0.0764371
-0.00779358,-0.0763988
-0.0715431,-0.0764778
-0.0680401,-0.0766277
-0.063816,-0.0768356
0.00370871,-0.0769899
-0.0593691,-0.0771815
0.0499137,-0.0772794
0.0479945,-0.0773011
-0.0609034,-0.0773883
0.0055281,-0.0774491
0.00643458,-0.0774975
0.00643008,-0.0775182
-0.0581255,-0.0776098
0.0933514,-0.0775542
0.0466583,-0.077453
0.000799584,-0.0773684
0.0425008,-0.0772492
0.0823437,-0.0770523
-0.00762561,-0.0769138
0.0338426,-0.0767669
-0.0107915,-0.0766789
0.031312,-0.0765777
-0.0132195,-0.0765196
-0.0133366,-0.0765142
-0.0157234,-0.0765423
-0.118315,-0.0767353
-0.0698675,-0.0769917
-0.00127567,-0.0771947
0.126619,-0.0772097
0.0353247,-0.0771848
0.116799,-0.0770289
0.109679,-0.076784
0.101946,-0.0764869
-0.0326729,-0.0763237
-0.0330654,-0.0762727
0.0104746,-0.0762471
0.0940505,-0.0761439
-0.0391663,-0.0761511
0.00335557,-0.0761837
-0.145347,-0.0764235
-0.0326362,-0.0766671
-0.0299559,-0.0769183
-0.0337162,-0.0771617
0.0164539,-0.0773507
0.0153637,-0.0774882
-0.0281028,-0.0776445
0.0155499,-0.077752
-0.0274377,-0.0778818
-0.0897203,-0.0781049
-0.020988,-0.0783024
0.0236629,-0.0784227
0.0228478,-0.0784881
-0.0843429,-0.0786336
0.0261707,-0.0786938
-0.0164392,-0.0787466
0.0268668,-0.0787582
-0.0799665,-0.078844
-0.0120572,-0.0789274
0.0322356,-0.0789373
-0.0748041,-0.0790324
0.03517,-0.0790432
0.034554,-0.0789986
-0.115682,-0.0790859
-0.00332105,-0.0791345
-0.0649776,-0.0792265
0.00280192,-0.0792772
0.00404775,-0.0792975
-0.0591106,-0.0793725
0.0505907,-0.0793415
-0.098896,-0.0794219
-0.0933608,-0.0795686
0.0195063,-0.0796338
0.0204691,-0.079629
0.0201455,-0.0795677
0.0198042,-0.0794585
0.0615694,-0.0792683
-0.0895598,-0.0792166
0.0211917,-0.0791302
0.148784,-0.0788597
0.0985667,-0.0785178
0.00712604,-0.0782491
0.0480226,-0.0779778
-0.103304,-0.0778982
-0.140532,-0.0780041
-0.0896854,-0.078196
0.0228804,-0.0783038
0.0656559,-0.0783079
0.0621881,-0.078227
0.0585936,-0.0780936
0.0125593,-0.0779709
0.0536579,-0.0778116
0.0928834,-0.0775787
-0.061261,-0.0774893
-0.0688942,-0.0775198
0.0926338,-0.0774317
0.0034802,-0.0773638
0.00205424,-0.0773037
0.0439248,-0.0772071
-0.0648331,-0.0772268
-0.104293,-0.0773904
0.00753666,-0.0775056
0.00818656,-0.0775796
0.0501341,-0.0775662
-0.0585434,-0.0776438
0.092293,-0.0775978
0.00310315,-0.0775665
0.00185731,-0.0775558
0.0438431,-0.0775013
0.125958,-0.077324
0.0335465,-0.0771702
-0.0761651,-0.0771767
-0.00941454,-0.0772156
0.03367,-0.0772245
0.0314411,-0.0772199
-0.0134993,-0.0772496
-0.0135884,-0.077304
0.0291232,-0.0773192
-0.120994,-0.0774954
0.0330918,-0.0776003
-0.0101055,-0.0777103
-0.011604,-0.077822
-0.115978,-0.0780516
-0.0668212,-0.0783159
0.0441028,-0.0784534
0.0497238,-0.0785074
-0.0659212,-0.0786251
-0.0729968,-0.078796
0.00677697,-0.0789003
0.00652348,-0.0789623
-0.0569659,-0.0790662
-0.0959397,-0.0792539
0.0164382,-0.0793668
0.0172294,-0.079414
-0.0466252,-0.0794969
0.0200146,-0.0795179
0.0622862,-0.0794457
0.0170873,-0.0793511
-0.089902,-0.0793583
-0.0848447,-0.0794434
0.0271768,-0.0794443
0.112119,-0.0792871
-0.0419023,-0.0792069
0.0232888,-0.0791003
0.0227567,-0.0789761
-0.0842404,-0.0789646
0.0263322,-0.0789079
-0.037417,-0.078884
0.0706486,-0.078768
0.0253042,-0.0786322
0.108261,-0.0783817
0.144799,-0.0780047
-0.0975273,-0.077845
-0.0517622,-0.0778004
-0.0484135,-0.0778361
-0.045331,-0.077933
0.105745,-0.0778714
-0.0476281,-0.0778936
0.017417,-0.0778858
-0.131469,-0.0780456
0.0238581,-0.0781301
0.0665188,-0.0781052
0.020532,-0.0780599
0.103624,-0.0778895
0.0128988,-0.077762
-0.0526408,-0.07774
-0.0502351,-0.077799
-0.0896686,-0.0779657
0.106337,-0.077965
0.0169551,-0.0779489
0.0149591,-0.0779188
-0.134537,-0.0780659
0.105567,-0.078057
0.016609,-0.0780334
-0.0913425,-0.0781397
-0.0441859,-0.0782678
-0.0830342,-0.0784688
0.11274,-0.0784757
-0.0403949,-0.0785262
0.0245096,-0.0785271
0.066048,-0.0784386
-0.0434801,-0.0784349
0.0218133,-0.078404
-0.0424803,-0.0784466
-0.0402513,-0.07853
-0.0374715,-0.0786372
0.0710857,-0.0786331
0.0255809,-0.0786071
0.0235953,-0.0785727
0.0221282,-0.0785349
-0.127651,-0.0786747
-0.0361715,-0.0788312
0.03084,-0.0789023
0.034952,-0.0789158
0.0297575,-0.0788947
0.0331302,-0.0788441
0.0364719,-0.0787809
0.0398533,-0.0786969
0.043225,-0.0786086
0.04659,-0.0784992
0.0158357,-0.0784079
-0.0498964,-0.0784162
-0.0478366,-0.0784927
-0.0873893,-0.0786754
0.0236921,-0.0787918
0.108257,-0.0787578
0.017358,-0.0787258
0.0576099,-0.0786489
-0.0519263,-0.0786759
0.0134439,-0.0786957
0.012921,-0.0787063
0.0118013,-0.078709
-0.0529285,-0.0787816
0.0131579,-0.0788319
0.0127812,-0.0788469
0.0117812,-0.0788455
0.0531076,-0.0787818
0.0499113,-0.0786947
0.0463107,-0.0785925
0.0427343,-0.0784897
-0.0664751,-0.0785155
-0.064089,-0.0786315
0.0878797,-0.0786247
-0.0649747,-0.0787167
0.000863239,-0.0788051
-0.104764,-0.0790129
-0.0569481,-0.079257
0.0107653,-0.0794419
0.0108953,-0.0795764
-0.0531453,-0.0797369
0.0133551,-0.0798327
0.0134353,-0.079889
0.0551347,-0.0798655
0.0522323,-0.0797889
0.00645954,-0.0797181
-0.0581383,-0.0797454
0.0084252,-0.079757
0.0932763,-0.0796608
-0.0602023,-0.0796672
-0.0581156,-0.0797412
0.00912142,-0.0797847
0.00925244,-0.0797953
-0.0972258,-0.0799227
0.0140363,-0.0799787
0.0144493,-0.0799899
0.0137959,-0.0799746
-0.0504063,-0.0800314
0.0583648,-0.0799967
-0.0500406,-0.0800188
-0.0477181,-0.0800875
-0.0524052,-0.0801848
0.0228525,-0.0802274
0.0647674,-0.0801642
-0.0444563,-0.0801699
-0.042385,-0.0802179
0.0242376,-0.0802182
0.066002,-0.0801229
0.0202096,-0.0800156
-0.0449286,-0.0799798
0.0209531,-0.0799302
-0.0431153,-0.0799515
0.065061,-0.0798907
0.0197279,-0.0798151
0.0180901,-0.0797303
0.0168448,-0.0796387
0.100349,-0.0794461
-0.0960828,-0.0794247
0.0137786,-0.0793898
0.140797,-0.0791905
0.0480806,-0.0789905
0.0435827,-0.0787995
-0.0659218,-0.0787521
9.69238e-05,-0.0787301
0.000128991,-0.0787342
-0.0639109,-0.0788421
0.00261949,-0.0789441
-0.0607296,-0.079105
0.132934,-0.0790745
-0.000968333,-0.0790492
-0.150954,-0.0792449
0.00525274,-0.0793973
0.0487534,-0.0794739
-0.0598409,-0.0796155
0.00644435,-0.0797229
0.0490397,-0.0797406
0.0885969,-0.0796413
-0.00144748,-0.079563
-0.0662159,-0.0795763
0.00073297,-0.0795864
-0.0623785,-0.0796545
0.089142,-0.0795956
0.0002121,-0.0795372
0.0415003,-0.0794442
-0.00331409,-0.079376
0.0384944,-0.0792855
-0.00619638,-0.0792275
0.0780525,-0.0790926
-0.074792,-0.079086
-0.00836073,-0.0791006
-0.11348,-0.0792587
0.0408445,-0.0793307
0.039776,-0.0793413
-0.00518179,-0.079358
-0.00542651,-0.0793825
-0.0051934,-0.0794129
-0.068586,-0.0795219
0.0410508,-0.0795479
-0.108732,-0.0796982
0.0875454,-0.0796913
0.0840869,-0.0795704
0.0363561,-0.0794324
-0.157335,-0.0795251
0.0414123,-0.0795488
0.0406759,-0.0795053
-0.00421826,-0.0794896
0.0379274,-0.0794233
-0.0700181,-0.0794675
-0.00322476,-0.0795003
-0.0023513,-0.0795224
-0.108116,-0.0796476
-0.144372,-0.0799054
-0.0502856,-0.0801449
0.102914,-0.0801942
0.0563265,-0.0801491
-0.053128,-0.0801693
-0.0503299,-0.0802332
0.0592776,-0.0801909
0.0147884,-0.0801232
0.0137895,-0.0800421
-0.0926238,-0.0800724
0.0185045,-0.0800565
-0.0446853,-0.0800882
0.0641016,-0.0800141
-0.0866474,-0.080044
0.108281,-0.0798951
-0.044499,-0.0798302
-0.0427036,-0.0798181
-0.0396676,-0.0798372
0.0269289,-0.0797904
0.0264029,-0.0797049
0.0251178,-0.0795901
0.0238714,-0.07947
0.149709,-0.0791908
0.0567318,-0.0788973
0.0518051,-0.078607
0.00564231,-0.0783744
-0.0592762,-0.0782725
0.0492875,-0.0781279
0.0466853,-0.0779721
0.0431513,-0.0778162
-0.00262703,-0.077724
-0.067235,-0.0777418
-0.00055635,-0.0777629
-0.000366305,-0.0777813
0.0415666,-0.0777609
0.0389834,-0.0777096
0.120543,-0.0775432
-0.0140393,-0.0774562
-0.0787197,-0.0775156
-0.0116553,-0.0775766
-0.0107924,-0.0776338
-0.0106048,-0.0776967
-0.0103371,-0.0777597
0.0324073,-0.0777714
-0.0119796,-0.0778056
-0.0120524,-0.0778696
0.0307443,-0.0778883
0.0289145,-0.0778833
-0.0792011,-0.0779718
0.0302916,-0.0780094
0.113913,-0.0778991
-0.0199714,-0.0778505
-0.0204624,-0.0778395
-0.0196812,-0.0778674
0.0659009,-0.0778161
-0.128536,-0.0779536
-0.0800785,-0.0781698
-0.0746671,-0.0784345
-0.0696975,-0.078738
-0.00118641,-0.0789753
0.000107751,-0.0791488
0.000677249,-0.0792684
0.0436155,-0.0792937
-0.0643506,-0.0793751
0.0027328,-0.0794298
0.00368784,-0.0794515
0.00395329,-0.0794584
0.00415827,-0.0794395
0.00428745,-0.0794028
0.0467273,-0.0793111
-0.146116,-0.0794175
0.052329,-0.0794239
0.00898297,-0.0794041
0.093149,-0.0792677
-0.0599601,-0.0792307
0.00611117,-0.0791962
0.0488888,-0.0791002
0.0040384,-0.0790271
0.00341404,-0.0789714
0.00322833,-0.0789119
-0.14504,-0.0790357
0.0534107,-0.0790625
0.00986441,-0.0790681
0.00912034,-0.0790482
0.0510585,-0.0789563
0.0483936,-0.078828
0.00291491,-0.078723
0.0870546,-0.0785426
0.0818563,-0.078313
-0.071993,-0.0782397
-0.00590536,-0.0781957
0.079456,-0.0780711
0.0324315,-0.0779575
0.0293679,-0.0778516
0.0267949,-0.0777656
0.0243878,-0.0776869
-0.0836343,-0.0777456
-0.0167176,-0.0778255
0.0268865,-0.0778492
-0.123135,-0.0780106
0.0312077,-0.0780873
-0.0117697,-0.0781674
0.0308248,-0.0781892
-0.0132773,-0.0782202
-0.0129392,-0.0782544
-0.0757935,-0.0783735
0.119038,-0.0783173
0.0710133,-0.0782066
0.0233509,-0.0780958
-0.0849594,-0.0781151
0.0249514,-0.0780955
-0.081802,-0.0781744
-0.0141764,-0.0782553
-0.0762111,-0.0783936
-0.0717664,-0.078591
0.0815082,-0.0786337
0.0356496,-0.0786132
-0.0727214,-0.078685
-0.111305,-0.0788611
-0.0618766,-0.079055
0.00674539,-0.079172
0.00775268,-0.0792344
0.00802256,-0.079235
-0.0554173,-0.0792833
-0.0517671,-0.0793593
0.0158213,-0.0793639
0.0163278,-0.0793205
-0.0899378,-0.0793761
0.0638526,-0.0793137
0.0197285,-0.0792195
0.0611013,-0.0790436
-0.0477885,-0.0789473
0.0605518,-0.0787648
0.0581553,-0.0785301
-0.0512311,-0.0783958
0.0146714,-0.0782472
-0.0489492,-0.0781835
-0.0462644,-0.0781767
-0.0852871,-0.0782603
-0.0798557,-0.0784057
0.031925,-0.0784571
0.0742285,-0.0783971
-0.0353197,-0.0783769
0.0724003,-0.0782646
0.0691754,-0.0780634
0.0226895,-0.0778679
-0.0426554,-0.0777571
0.0230443,-0.0776218
0.0222518,-0.0774747
-0.0426452,-0.0773992
0.0653814,-0.0772507
0.019921,-0.0771102
0.0181133,-0.0769766
0.0168126,-0.0768535
-0.0901896,-0.0768814
-0.0435081,-0.0769503
0.0233138,-0.0769657
0.0650401,-0.0768965
0.0189757,-0.0768193
0.059568,-0.0766973
0.0135858,-0.0765921
0.0543255,-0.0764568
0.0932476,-0.0762558
0.00234263,-0.0761157
0.0429314,-0.07598
-0.150746,-0.076083
0.0893147,-0.0760718
0.09847,-0.0759743
-0.00676657,-0.0759365
-0.00715285,-0.0759322
0.0772062,-0.0758566
0.0300012,-0.0757829
0.069067,-0.0756675
0.0216971,-0.075586
-0.129549,-0.0757224
-0.166131,-0.0760581
-0.00813808,-0.0763426
0.0360978,-0.0765431
-0.0718181,-0.0768035
0.037552,-0.07696
-0.00617952,-0.077097
-0.00625867,-0.0772188
-0.00591014,-0.0773487
-0.0691382,-0.0775467
0.167613,-0.0774821
-0.0737772,-0.0775393
-0.0713018,-0.0776703
0.039074,-0.0777221
0.164369,-0.0775397
-0.0776214,-0.077502
-0.0118342,-0.0774909
-0.0107086,-0.0774975
-0.116152,-0.0776501
-0.00382932,-0.0777845
-0.00231407,-0.0778978
-0.0655368,-0.0780665
0.0441863,-0.0781214
-0.105589,-0.0782937
0.0484758,-0.0783552
0.0897364,-0.0782935
4.44546e-05,-0.0782373
-0.10661,-0.0783207
0.0476465,-0.0783195
0.046463,-0.0782493
0.043593,-0.078145
0.0410622,-0.0780226
-0.00413895,-0.0779405
0.0803094,-0.0777833
-0.00901213,-0.0776926
-0.0107485,-0.0776353
-0.00936745,-0.0776114
-0.0109707,-0.0775975
-0.114113,-0.0777281
-0.151089,-0.0780134
-0.166908,-0.0784217
0.108964,-0.0785996
-0.0925275,-0.0788409
0.0618787,-0.078943
0.017909,-0.0789679
-0.0465091,-0.0790271
0.104618,-0.0789117
0.0154274,-0.0787907
-0.0495966,-0.078737
-0.0467092,-0.0787378
-0.0431966,-0.0787601
0.150768,-0.0785744
-0.08945,-0.0785284
0.0625805,-0.0783936
0.102583,-0.0781566
-0.178613,-0.0781936
-0.0428782,-0.0782656
0.0251303,-0.0782732
0.0246588,-0.0782501
-0.0400324,-0.078287
0.0258083,-0.0782795
0.06769,-0.0781785
-0.0843015,-0.078198
0.0257115,-0.0781584
-0.0805583,-0.0782126
0.0298693,-0.0781938
-0.0339988,-0.0782166
0.116194,-0.0780887
0.0258893,-0.0779555
-0.0401275,-0.0779007
-0.0380661,-0.0778909
0.0280363,-0.0778454
0.0270216,-0.0777627
-0.123023,-0.077842
0.0319916,-0.0778485
0.0317231,-0.0778085
-0.0334927,-0.0778255
0.0318056,-0.0777927
0.0729438,-0.0776787
0.0264741,-0.0775654
0.0666266,-0.0773969
-0.0433834,-0.0773241
-0.12642,-0.0774281
0.0711719,-0.0774174
0.026265,-0.0773772
-0.0394258,-0.0774114
-0.037553,-0.0774848
0.0707714,-0.07746
0.0673645,-0.0773578
-0.0430619,-0.077335
-0.0414792,-0.0773517
0.0245371,-0.077332
-0.0399715,-0.0773657
0.0255048,-0.0773588
0.0244386,-0.0773179
0.0228599,-0.0772513
0.021307,-0.0771863
0.0620309,-0.0770647
0.0158731,-0.0769655
0.0140202,-0.0768829
0.0550171,-0.0767703
-0.054613,-0.076765
0.0109275,-0.0767461
-0.0531513,-0.0768017
-0.0506954,-0.0768969
0.0158961,-0.0769644
0.0577473,-0.076954
0.0119988,-0.0769459
-0.0530258,-0.0770084
0.0130467,-0.0770468
0.139673,-0.0768999
0.00473234,-0.0767911
0.0449659,-0.0766695
-0.0641183,-0.0766665
0.00196809,-0.0766598
0.0866961,-0.0765601
-0.00319855,-0.0764982
0.080348,-0.0763712
-0.00946899,-0.0763019
0.0318319,-0.0762335
-0.01296,-0.0762145
-0.0133666,-0.0762253
0.0714499,-0.0761589
0.0670231,-0.0760395
0.0618424,-0.0759117
-0.0915168,-0.0759588
0.0177894,-0.0759988
0.0168615,-0.0760408
0.0149671,-0.0760777
-0.0928423,-0.0762489
-0.130838,-0.0765597
-0.0174783,-0.0768265
-0.163538,-0.0772308
0.0362246,-0.0774903
0.0785882,-0.077592
-0.0738624,-0.0777588
0.0777801,-0.077786
0.0745117,-0.0777089
0.0273731,-0.0776214
0.0250384,-0.0775151
-0.0191863,-0.0774633
0.0661264,-0.0773271
-0.12822,-0.0773767
-0.0798525,-0.0775047
0.0739153,-0.0775234
-0.162242,-0.0777508
-0.0056051,-0.0779201
-0.0668261,-0.0781277
-0.105021,-0.0783956
-0.0980119,-0.0787234
-0.0904912,-0.0790639
0.0648708,-0.0792189
0.0210757,-0.0792878
0.0629868,-0.079231
-0.0456122,-0.0792206
0.0205988,-0.0791468
0.0631302,-0.0789895
0.0603107,-0.078768
0.0568427,-0.0785214
0.0960182,-0.078198
0.00546282,-0.0779579
0.0464847,-0.0777105
0.00130352,-0.0775256
0.000468457,-0.0773858
0.000120941,-0.0772947
-0.0637845,-0.0773297
0.00302918,-0.0773647
-0.0601436,-0.0774752
-0.0570089,-0.0776231
0.0528156,-0.0776584
0.00828553,-0.0776731
-0.0560578,-0.0777619
0.010546,-0.077803
0.0956204,-0.0777102
0.00558419,-0.0776162
0.00428782,-0.0775301
0.0462551,-0.0774261
0.00117285,-0.0773613
-0.105418,-0.0774677
-0.0576435,-0.0776353
0.094752,-0.077635
0.00576481,-0.0776158
0.00452072,-0.0775976
0.0889573,-0.0774653
-0.0643572,-0.0774591
0.0439442,-0.0774076
-0.000411294,-0.0773763
0.0412687,-0.0773098
-0.00356065,-0.0772627
-0.00410567,-0.0772483
-0.0676465,-0.0773353
-0.000695155,-0.0774191
-0.0636412,-0.0775618
0.0881841,-0.0775687
-0.10655,-0.0777104
0.0465167,-0.0777656
-0.060754,-0.0778862
-0.0578822,-0.0780417
0.0520113,-0.0780953
-0.0559014,-0.0781969
-0.179848,-0.0785006
0.0637247,-0.0786462
0.0203577,-0.0787219
-0.0441826,-0.0788303
-0.0413759,-0.0789554
0.0679844,-0.0789479
0.0228948,-0.0788983
-0.0843528,-0.078962
-0.0371472,-0.0790407
0.114693,-0.0789467
-0.0812011,-0.0789541
-0.0775151,-0.0790469
0.0763909,-0.0790097
0.0736867,-0.0788895
-0.121113,-0.0789389
0.0332473,-0.0789318
0.0755098,-0.0788067
-0.0344004,-0.0787445
-0.0329758,-0.0787188
0.0329777,-0.0786626
0.116593,-0.0784772
0.0678718,-0.0782566
0.0628217,-0.0780199
-0.0474243,-0.0779124
0.0176713,-0.0778465
0.0592392,-0.077733
0.0553626,-0.0775894
-0.0969974,-0.0776044
-0.0504812,-0.0776889
0.0164428,-0.0777351
0.0158319,-0.0777708
0.0146254,-0.0777921
0.0981778,-0.0776954
0.0500472,-0.0775705
-0.0600462,-0.0775567
0.0479419,-0.0775039
0.00305562,-0.0774774
0.0442794,-0.0774208
-0.00114255,-0.0773854
0.0825498,-0.0772732
0.0774466,-0.0770985
-0.161504,-0.0771891
0.0362673,-0.0772234
0.077671,-0.0771721
-0.0122401,-0.077161
-0.0130836,-0.0771919
-0.0764805,-0.0773267
-0.00921174,-0.0774588
-0.114356,-0.0777274
0.0400961,-0.0778939
0.0389303,-0.0779885
-0.0695191,-0.0781455
-0.00267774,-0.0782721
-0.00184492,-0.0783646
-0.00166237,-0.0784272
-0.0650257,-0.0785413
0.00214699,-0.0786211
-0.0607112,-0.0787484
0.00643094,-0.0788313
-0.0565373,-0.0789464
0.0104575,-0.0789957
-0.0949926,-0.079124
0.0165188,-0.079169
0.0596234,-0.0791147
0.0991147,-0.0789344
-0.0547375,-0.0788683
0.095628,-0.0786852
-0.0569751,-0.0786048
0.0511536,-0.0784834
-0.0570238,-0.0784647
0.00918648,-0.0784379
0.00935114,-0.0783984
-0.054699,-0.0784373
0.0118665,-0.0784539
0.0542626,-0.078395
0.0937105,-0.0782398
0.0881033,-0.0780172
-0.0662085,-0.0779433
0.0420106,-0.0778393
-0.0659778,-0.0778478
0.000469679,-0.0778742
0.000850476,-0.0779029
0.000619578,-0.0779423
0.0428125,-0.0779346
-0.0656637,-0.0780129
0.000790792,-0.0780744
0.00127724,-0.0781207
0.0858471,-0.0780719
0.0387146,-0.0779921
-0.00695303,-0.0779637
-0.00732813,-0.0779576
-0.0072608,-0.0779723
-0.0706952,-0.0780911
-0.00350732,-0.0781957
-0.00272622,-0.0782959
0.0397423,-0.0783301
-0.00480718,-0.0783766
-0.00508524,-0.078433
-0.0683613,-0.0785692
0.0835342,-0.078565
0.0372868,-0.0785105
0.0343386,-0.0784402
0.0318001,-0.0783634
0.0717578,-0.0782475
-0.0176986,-0.0781927
-0.0179615,-0.0781861
0.0249698,-0.0781489
-0.019048,-0.0781656
-0.0187669,-0.07821
0.0244102,-0.0782359
0.0651722,-0.0781689
0.0186498,-0.0781127
-0.02592,-0.0781144
-0.0253306,-0.0781683
-0.0241289,-0.0782491
-0.0229792,-0.0783526
-0.127699,-0.0785928
0.0276186,-0.0787434
0.0274409,-0.0788158
-0.0165756,-0.0788927
-0.0794377,-0.0790405
-0.0113277,-0.0791665
0.0749645,-0.0791695
-0.119318,-0.0793153
-0.00741997,-0.0794304
-0.111613,-0.0796441
0.0856467,-0.0796937
0.0405874,-0.0796685
-0.00434553,-0.0796532
0.0382437,-0.0795859
-0.00593473,-0.0795445
-0.111613,-0.0796345
0.042956,-0.079649
0.127007,-0.0794885
-0.00725866,-0.0793814
0.076597,-0.0792014
0.0724192,-0.0789937
-0.123248,-0.0789982
0.115409,-0.078857
0.0678445,-0.0786664
0.0202369,-0.0785116
0.0602622,-0.0783302
0.0560739,-0.078137
-0.0330474,-0.0780407
-0.0327046,-0.0780255
-0.137327,-0.0782039
-0.0876691,-0.0784586
-0.0182271,-0.0786896
-0.0163194,-0.078903
0.0273208,-0.0790452
-0.0162155,-0.0791743
-0.0154825,-0.0793052
-0.01434,-0.0794282
0.0291677,-0.0794931
0.027887,-0.0795106
0.0262347,-0.079501
-0.0813213,-0.0795862
0.0287646,-0.0796165
0.0280906,-0.0796006
0.0313388,-0.0795572
0.0244657,-0.0794942
0.065206,-0.0793754
0.0611609,-0.0792249
-0.133724,-0.0793036
-0.0851443,-0.0794812
-0.0793093,-0.0797084
0.0319322,-0.0798344
-0.0745481,-0.0800288
-0.112815,-0.0803149
0.0430325,-0.080464
0.0423149,-0.0805133
0.0403241,-0.0804908
-0.00413157,-0.0804636
-0.109988,-0.0805634
-0.103366,-0.0807563
-0.0536658,-0.0809566
-0.0488435,-0.0811489
0.103935,-0.0811431
-0.0486625,-0.0811659
0.0173198,-0.0811244
-0.0881875,-0.0811757
-0.0828009,-0.081296
0.0294789,-0.081319
0.0299124,-0.0812697
-0.119291,-0.0813471
0.0362157,-0.0813325
0.163466,-0.0810947
-0.0776445,-0.081002
0.0315247,-0.080867
-0.0323847,-0.0807924
0.0755186,-0.0806107
0.0723487,-0.0803689
0.0680795,-0.0800794
0.0214347,-0.0798223
0.0618119,-0.0795464
0.0157332,-0.0792962
0.0563147,-0.0790302
-0.0956622,-0.0789387
0.0145439,-0.0788477
0.0144392,-0.0787567
-0.0501823,-0.0787586
0.0156293,-0.0787403
-0.0483529,-0.0787889
-0.0460542,-0.0788701
-0.0854208,-0.0790354
0.0257882,-0.0791157
-0.0379559,-0.0792247
0.0700766,-0.0792054
0.0246462,-0.0791532
0.0652329,-0.0790203
0.0190602,-0.0788849
-0.0462261,-0.0788244
-0.0440239,-0.07883
-0.0412739,-0.0788719
-0.0383805,-0.0789442
0.112562,-0.0788406
0.0223511,-0.0787265
0.104945,-0.0784976
-0.0918169,-0.0784382
0.0176888,-0.0783708
0.0598166,-0.0782452
0.0138675,-0.0781209
0.0544985,-0.0779616
-0.0548096,-0.0779093
0.0531123,-0.077815
0.0503981,-0.0776901
0.0466175,-0.0775491
-0.147554,-0.077632
-0.0982697,-0.0778129
0.0142712,-0.07793
-0.0489603,-0.0780706
0.0170724,-0.0781507
0.0168028,-0.0781825
-0.090123,-0.0783217
0.0630646,-0.0783493
-0.0450631,-0.0784245
0.0628758,-0.078393
-0.0458351,-0.0784201
0.0620521,-0.0783551
0.0593863,-0.0782239
0.013129,-0.0780885
-0.0518704,-0.0780415
0.0141945,-0.0779831
0.0138592,-0.0779272
0.0128767,-0.0778871
0.0119282,-0.0778422
0.0532966,-0.0777488
0.00776725,-0.0776603
0.00650972,-0.0775895
0.0481545,-0.0774766
-0.103105,-0.077533
0.049856,-0.0775164
0.00551964,-0.0775028
0.00447979,-0.0774802
0.0462301,-0.0774091
0.00103827,-0.0773517
-0.105802,-0.0774415
-0.118025,-0.0776491
0.05522,-0.0777349
0.0109593,-0.0777818
0.00995943,-0.0778035
0.0517948,-0.0777512
-0.0569679,-0.0777724
-0.0545199,-0.0778618
-0.050909,-0.0779852
-0.0473807,-0.0781359
-0.0439056,-0.0783098
-0.0828623,-0.078531
0.113364,-0.0785336
0.0239642,-0.0784714
-0.0415331,-0.0784427
0.108939,-0.078259
0.104012,-0.0779839
0.0126216,-0.0777474
0.053056,-0.0774954
-0.0561728,-0.0773772
0.00959823,-0.077267
-0.139005,-0.0773559
0.0166923,-0.0773924
0.0189036,-0.0774037
0.0593154,-0.0773428
0.0129234,-0.0772819
-0.0519437,-0.0772889
0.0565206,-0.0772168
-0.05202,-0.0772128
0.056103,-0.0771456
0.0622085,-0.0770219
0.00675084,-0.0769321
-0.0575822,-0.0769309
0.0937239,-0.0768315
0.00401419,-0.0767495
0.0448619,-0.0766449
-0.000414467,-0.0765828
0.041082,-0.0765192
0.0382485,-0.0764386
-0.00714655,-0.0764085
-0.00780192,-0.0764095
-0.00794114,-0.0764378
-0.11393,-0.0765977
-0.0656863,-0.0768183
-0.0611341,-0.0770578
0.0912861,-0.0771374
-0.103523,-0.0773273
0.00707165,-0.0774672
0.00792134,-0.0775574
0.0500851,-0.0775568
0.00507162,-0.0775502
0.0467743,-0.0774824
0.00179914,-0.0774234
0.0017746,-0.0773632
0.0432401,-0.0772678
-0.00158674,-0.0771955
-0.00213794,-0.077145
0.0401823,-0.0770692
-0.00461436,-0.0770287
0.0373091,-0.0769786
-0.0708812,-0.0770367
0.0382292,-0.0770359
0.0365719,-0.0770007
-0.0719949,-0.0770727
-0.110949,-0.0772714
0.0439132,-0.077366
-0.0631196,-0.0775086
0.0882715,-0.0774995
-0.0640028,-0.0775713
0.0447044,-0.0775709
0.085188,-0.0774713
-0.110271,-0.0775321
-0.0630196,-0.077656
0.0475843,-0.0776855
0.00343848,-0.0777076
0.00297323,-0.0777255
-0.0606115,-0.0778095
0.0487768,-0.0778077
0.0468321,-0.0777462
0.00161951,-0.077699
0.0010791,-0.0776588
-0.147223,-0.0778081
-0.0968124,-0.0780313
0.0161591,-0.078177
0.0592174,-0.0781968
0.0989971,-0.0780806
0.05076,-0.0779226
-0.0586852,-0.0778672
-0.0559967,-0.0778892
-0.0620021,-0.0779813
0.142693,-0.0778732
-0.0551229,-0.0778683
0.0100896,-0.0778563
0.0526474,-0.077787
-0.0561572,-0.0778031
0.0945676,-0.0776909
0.00526963,-0.0776005
-0.0597296,-0.077599
-0.0565012,-0.0776693
0.052969,-0.0776543
0.00840415,-0.0776337
-0.0984739,-0.0777479
-0.0507644,-0.0778866
0.0591767,-0.0779168
0.0143919,-0.0779333
0.0132767,-0.0779274
0.0548829,-0.077857
0.0942588,-0.0776928
0.00379364,-0.0775618
0.0447715,-0.0774055
-0.000467518,-0.0772901
-0.0648817,-0.0772776
0.00180204,-0.0772703
0.0444854,-0.0772167
-0.0640943,-0.0772656
0.00219866,-0.0772999
0.00255057,-0.0773181
-0.0613463,-0.0774113
0.00549106,-0.077478
0.00583768,-0.0775236
0.0901678,-0.077441
0.0429587,-0.0773267
0.0818044,-0.07714
-0.00817153,-0.0770218
0.0756001,-0.0768473
-0.0773182,-0.0768189
0.0314492,-0.0767786
-0.07598,-0.0768632
-0.0726279,-0.0770365
-0.0681338,-0.0772542
0.0421018,-0.0773754
-0.065251,-0.0775549
0.0439074,-0.0776397
-8.2842e-05,-0.0777113
0.0420005,-0.0777097
-0.108376,-0.0778326
0.0029145,-0.0779132
-0.186844,-0.0781962
0.0145352,-0.0783883
-0.0472274,-0.0785938
0.0618364,-0.0786616
0.0174029,-0.0786933
-0.0893979,-0.0788228
0.064186,-0.0788301
-0.0437026,-0.078884
0.0221895,-0.0788775
0.0219295,-0.0788365
0.0210936,-0.0787624
0.0201784,-0.0786827
0.0616614,-0.0785211
-0.0475975,-0.0784545
0.0603013,-0.0783208
0.0153612,-0.0781926
-0.0496754,-0.0781255
0.0586956,-0.0779872
0.0138591,-0.077846
0.0124285,-0.0777144
0.0539853,-0.0775427
-0.0551366,-0.0774794
0.0105347,-0.0774257
0.0103485,-0.0773709
0.0943071,-0.0772263
0.00409252,-0.07713
0.0449275,-0.0770131
0.0419413,-0.0768953
0.0811731,-0.0767115
0.0331583,-0.0765549
-0.11855,-0.0766061
-0.070893,-0.076769
0.039558,-0.0768637
-0.0680674,-0.0770492
-0.00163719,-0.0772048
-0.00103413,-0.0773374
-0.00110185,-0.0774319
-0.00113898,-0.0775082
-0.00117629,-0.0775693
-0.0647239,-0.0777109
-0.146189,-0.0780031
-0.0947726,-0.0783543
0.102849,-0.0784867
0.0141934,-0.0785655
-0.0506352,-0.0786749
-0.0475664,-0.0787912
0.104402,-0.0787332
0.0572473,-0.0785884
0.0111315,-0.0784531
-0.0533962,-0.078414
0.0130034,-0.0783707
0.0129661,-0.0783304
-0.0936065,-0.0784102
-0.0460587,-0.0785216
0.0212736,-0.078564
0.0210146,-0.0785756
0.0201456,-0.0785525
0.0614497,-0.078447
0.015842,-0.0783394
0.0144585,-0.0782337
-0.0501053,-0.0782123
-0.0898161,-0.0783046
0.0215658,-0.0783592
0.0640588,-0.0783217
0.060582,-0.0782177
-0.09154,-0.0782599
0.0611562,-0.0782213
0.016408,-0.0781817
0.057272,-0.0780838
0.0115554,-0.0780148
-0.0957507,-0.0780924
0.0150536,-0.0781457
0.0151569,-0.078171
-0.049315,-0.0782612
0.10144,-0.0781991
0.0540577,-0.0780934
0.0923841,-0.0779176
0.00163154,-0.0778032
4.10338e-05,-0.0777392
0.041767,-0.0776499
-0.00346806,-0.0776038
-0.067785,-0.0776661
0.0411723,-0.0776849
-0.0032033,-0.0777227
0.123432,-0.0776141
-0.0110462,-0.0775729
-0.0762335,-0.0776587
-0.00882338,-0.0777641
-0.00816028,-0.0778679
-0.00800087,-0.077978
-0.00787016,-0.0780722
-0.0076664,-0.0781645
-0.113401,-0.0783762
0.0409465,-0.0784905
0.0399294,-0.078527
0.0797054,-0.0784656
-0.00994039,-0.0784262
0.0318499,-0.0783643
0.0722679,-0.0782366
-0.0171033,-0.078176
0.0673801,-0.0780656
0.0208762,-0.0779703
0.0184167,-0.0778888
0.0588284,-0.0777666
-0.0300962,-0.0777334
0.0125696,-0.0777109
-0.0945349,-0.0778355
-0.0900838,-0.0780476
0.0212053,-0.0781874
0.0207032,-0.0782742
0.0226637,-0.0783205
0.0245845,-0.0783455
0.0265352,-0.078357
0.02846,-0.0783522
0.0303954,-0.0783274
0.0323416,-0.0782866
0.00765183,-0.0782617
-0.0356243,-0.0782995
-0.0343815,-0.0783888
-0.032595,-0.0785016
-0.0945389,-0.0787105
-0.0887784,-0.0789736
0.0651468,-0.0790715
-0.127824,-0.0792964
-0.0152808,-0.0794741
-0.0126852,-0.079621
-0.0112613,-0.0797206
-0.00992944,-0.0798032
0.0761333,-0.0797525
-0.0121668,-0.079726
0.0304928,-0.0796625
0.0716439,-0.0795231
-0.0170895,-0.0794341
0.0255376,-0.0793268
-0.123962,-0.0793946
-0.0749609,-0.0795242
-0.00582272,-0.0796157
-0.00425544,-0.0796657
-0.00340583,-0.0796994
-0.0026352,-0.0797073
-0.00193087,-0.0797092
-0.0648946,-0.0797693
0.0450726,-0.0797471
0.001514,-0.0797103
0.0863593,-0.0795631
-0.00279874,-0.0794512
-0.109248,-0.0794838
-0.10292,-0.079619
0.010079,-0.0796873
0.0112001,-0.0796971
0.0537128,-0.079624
0.0510802,-0.0794867
0.0907622,-0.0792607
0.000735745,-0.0790817
-0.000183996,-0.0789466
-0.000226257,-0.0788374
-0.000254655,-0.078767
-0.0637999,-0.0787982
-0.0602727,-0.0788998
0.0072664,-0.0789533
0.135624,-0.0788159
0.000596742,-0.0787063
0.0415486,-0.0785791
-0.109246,-0.0786394
0.00212949,-0.078694
0.00311991,-0.0787407
0.00301581,-0.0787704
0.0452576,-0.0787326
0.000444012,-0.078701
-7.62237e-05,-0.0786903
0.0422191,-0.0786394
0.0398641,-0.0785592
-0.0688432,-0.078592
0.040098,-0.0785662
0.044353,-0.0784961
-0.00684029,-0.0784629
-0.113175,-0.0785819
-0.0645817,-0.0787576
-0.0599686,-0.0789534
-0.0558047,-0.079156
0.0542668,-0.0792366
-0.0959115,-0.0793891
0.0151104,-0.0794718
-0.0476835,-0.0795745
0.103754,-0.0795124
0.099006,-0.0793373
0.00830253,-0.0791843
-0.098992,-0.0791922
0.0123269,-0.0791694
0.0551425,-0.0790897
0.00995213,-0.0790178
0.00894569,-0.0789452
0.00839817,-0.0788763
-0.0556526,-0.0788907
0.0531587,-0.0788282
0.0509346,-0.0787146
0.0476319,-0.0785478
0.0866686,-0.0783125
0.0387635,-0.0780902
0.0353006,-0.0778916
0.0323465,-0.0777097
-0.0128592,-0.0776072
0.0291011,-0.0775041
-0.0789582,-0.0775296
-0.0121774,-0.0775822
0.0734335,-0.0775467
-0.0155719,-0.0775529
-0.0795425,-0.0776656
0.0727267,-0.0776582
-0.0155323,-0.0776748
-0.12179,-0.0778338
0.0329542,-0.0779269
-0.0101171,-0.0780259
-0.0113916,-0.0781263
-0.0728412,-0.0783053
-0.111196,-0.0785819
0.086582,-0.0786821
-0.00147102,-0.07876
0.040404,-0.0787633
-0.00392609,-0.0787695
0.0384402,-0.0787124
-0.00595901,-0.0786757
0.0363464,-0.0785962
-0.113843,-0.07868
-0.0657617,-0.0788285
0.00273147,-0.0789381
-0.102298,-0.0791558
0.0519942,-0.0792475
-0.0551604,-0.0793706
0.0114324,-0.0794349
0.0543402,-0.0794003
-0.138823,-0.0795333
0.0593713,-0.0795395
0.0672717,-0.0794526
-0.13694,-0.0795517
0.0619496,-0.0795351
0.103173,-0.0793716
0.0123915,-0.0792138
0.0109581,-0.0790668
0.0526898,-0.0788904
-0.0565007,-0.078829
-0.0532961,-0.0788477
-0.0500533,-0.0789113
-0.0550282,-0.079001
0.0221187,-0.0790313
0.0204861,-0.0790111
0.104299,-0.0788602
-0.0495363,-0.0788074
0.100621,-0.0786315
0.0108515,-0.0784861
0.0515659,-0.0783079
0.048404,-0.0781278
-0.0610377,-0.0780721
-0.0584462,-0.078112
0.0932462,-0.0780233
0.0462653,-0.077907
0.0849564,-0.077729
0.0369129,-0.0775641
0.0334071,-0.0774184
0.0727915,-0.0772254
-0.0171405,-0.0771254
-0.0177873,-0.077089
0.0247462,-0.077057
-0.019623,-0.0770838
-0.0196595,-0.0771544
-0.0825861,-0.0773408
-0.0150139,-0.0775277
0.0709882,-0.0776081
-0.123743,-0.0778367
-0.0121448,-0.0780352
-0.0104296,-0.0782055
-0.00977409,-0.0783374
-0.00914862,-0.0784387
-0.0719676,-0.0786081
-0.00441334,-0.0787407
-0.0670304,-0.0789118
0.000738583,-0.0790253
-0.103981,-0.0792205
0.00795802,-0.0793435
-0.0966912,-0.0795265
0.0576207,-0.0795647
-0.0496792,-0.0796346
0.0167162,-0.0796539
-0.0464475,-0.0797121
-0.0433573,-0.0797901
-0.039664,-0.0798847
0.069728,-0.0798487
0.0248958,-0.0797729
0.028994,-0.0796534
-0.0416136,-0.0795931
0.109804,-0.0793856
0.0623285,-0.0791351
-0.132645,-0.0791115
0.0224574,-0.0790592
-0.0406297,-0.079061
0.0252756,-0.0790083
-0.0389152,-0.0789996
0.111434,-0.0788365
-0.0419375,-0.0787681
0.0229381,-0.0786821
0.0222947,-0.0785952
-0.0848738,-0.0786315
-0.0804323,-0.0787541
0.115669,-0.078694
0.025899,-0.0786166
0.065883,-0.0784792
0.0620856,-0.078303
-0.0479566,-0.0782312
0.0173,-0.0781505
0.10121,-0.0779708
0.0954258,-0.0777296
0.0463429,-0.0775058
0.0499163,-0.0772892
0.0376788,-0.0771046
0.0770309,-0.0768941
-0.0133415,-0.07679
-0.0145746,-0.0767619
-0.014701,-0.0768102
-0.0148058,-0.0768933
-0.0147737,-0.0770106
-0.014696,-0.0771345
-0.1202,-0.0774209
0.0763609,-0.0775634
0.0841993,-0.0776092
0.024256,-0.0776453
0.107035,-0.0775725
-0.0268468,-0.0775718
-0.027339,-0.0776295
0.0158826,-0.0776821
-0.0913017,-0.07786
-0.0872835,-0.0781365
-0.0185158,-0.0783873
-0.0168462,-0.078621
-0.0187915,-0.078836
-0.0154311,-0.079026
-0.0136597,-0.0791898
-0.076358,-0.0794149
-0.156305,-0.0797807
-0.0621268,-0.0801326
-0.0673188,-0.0804631
-0.0937515,-0.0808108
-0.044475,-0.0810966
-0.0467446,-0.0813348
-0.034491,-0.0815177
0.0318877,-0.0815757
0.0318643,-0.0815456
0.115895,-0.0813465
0.0680271,-0.0810966
0.0770172,-0.0807929
-0.131163,-0.0806999
0.024187,-0.0805708
0.0247396,-0.0804277
-0.0824313,-0.0804061
-0.0905281,-0.0804857
0.0779212,-0.0804277
0.0318526,-0.0803339
-0.0335562,-0.0802779
0.0319688,-0.0801867
-0.032474,-0.0801411
-0.0305422,-0.0801345
-0.0704112,-0.0802092
0.0401157,-0.0802062
-0.0241844,-0.0802185
-0.022653,-0.0802421
-0.0629699,-0.0803238
-0.0686341,-0.0804311
-0.0107374,-0.0804999
0.0544426,-0.0804655
0.0526104,-0.0803601
0.0921133,-0.0801461
0.0872575,-0.0798684
0.0972973,-0.0795485
-0.0320907,-0.0793568
-0.0313546,-0.0792532
0.0369344,-0.0791427
0.0761334,-0.0789713
-0.119554,-0.079005
0.118894,-0.078897
0.131669,-0.0786677
0.0201874,-0.0784917
-0.0462362,-0.0784352
0.0188864,-0.0783882
0.0197416,-0.0783305
0.0157149,-0.0782846
-0.0495939,-0.078333
0.0582439,-0.0783217
0.012669,-0.0783306
0.0128036,-0.0783328
-0.0542969,-0.0784155
-0.0614219,-0.0785571
-0.0473086,-0.0787439
0.0176187,-0.078875
0.101778,-0.0788678
-0.0523855,-0.078939
0.0549612,-0.0789335
-0.0537696,-0.0790163
0.0118357,-0.0790728
-0.0520269,-0.0791862
0.0562968,-0.0792043
0.0112497,-0.0792159
0.00986919,-0.0792221
-0.139189,-0.0794094
0.0585604,-0.0794796
0.0144501,-0.0795062
0.0131015,-0.0795079
0.054518,-0.0794393
0.00893919,-0.0793823
0.00767493,-0.0793433
0.00688604,-0.079306
-0.0573144,-0.0793665
0.0937115,-0.0793051
0.00421018,-0.0792723
-0.0608705,-0.0793321
-0.0578258,-0.0794633
-0.139011,-0.0797432
-0.0461452,-0.0800092
0.0643365,-0.0801354
-0.0864524,-0.0803277
0.108547,-0.0803297
-0.0443876,-0.0803757
-0.0428284,-0.0804578
0.108492,-0.0803779
0.0610932,-0.0802295
-0.0490376,-0.080166
0.0165503,-0.0800895
0.100762,-0.0799026
0.0104403,-0.0797333
0.0933117,-0.0794898
0.0878851,-0.0791973
-0.0666425,-0.079063
0.0411916,-0.078927
-0.00341655,-0.0788267
-0.0678747,-0.0788497
-0.00115086,-0.0788814
-0.000857848,-0.0789247
-0.00116651,-0.0789692
-0.00144215,-0.0790101
-0.00165113,-0.0790309
-0.065386,-0.0791171
0.0862044,-0.0790725
0.0821091,-0.0789305
0.0340163,-0.0787801
-0.0115081,-0.0786843
-0.0118309,-0.0786393
0.0731384,-0.0785163
0.0263107,-0.0784004
-0.0188669,-0.0783504
-0.0188152,-0.0783359
-0.0818348,-0.0784312
0.0282159,-0.0784781
-0.0151919,-0.0785388
-0.0149521,-0.0786134
-0.01428,-0.0786964
0.113415,-0.0786199
-0.0198123,-0.0785811
0.0220978,-0.0785207
0.0630891,-0.078402
-0.173897,-0.0785288
0.0672383,-0.078546
-0.0831529,-0.0786618
-0.0159561,-0.078769
-0.0142604,-0.0788467
-0.0132807,-0.0789147
-0.0123148,-0.0789693
0.0310182,-0.0789639
0.029555,-0.0789198
0.0700907,-0.0787991
-0.082307,-0.0788013
0.0272239,-0.0787582
-0.0158631,-0.0787456
-0.0788879,-0.078826
-0.0108527,-0.0789035
0.0331027,-0.0789144
-0.0742394,-0.0790095
-0.00683944,-0.0790769
0.0369685,-0.0790679
-0.0706466,-0.0791477
-0.00325924,-0.0792058
0.0403764,-0.0791995
-0.10966,-0.0793078
0.0446242,-0.0793105
0.00132505,-0.0792821
0.00127945,-0.0792373
0.0863149,-0.0790884
0.124435,-0.0788061
-0.0103105,-0.0785978
0.031173,-0.0783756
-0.0766156,-0.0782815
-0.0731046,-0.0782879
-0.00484894,-0.0782792
0.123346,-0.0781109
0.0743925,-0.077879
-0.0158431,-0.077714
-0.0794181,-0.0776885
0.0304286,-0.0776305
0.0718016,-0.0774963
0.0794266,-0.0773034
-0.0867292,-0.0772715
-0.0191626,-0.0772676
0.0247348,-0.077246
-0.0190839,-0.0772504
-0.0185205,-0.0772778
-0.0175677,-0.0773247
-0.0801347,-0.0774567
0.0302714,-0.0775105
-0.0128895,-0.0775553
-0.0124159,-0.0775907
0.030833,-0.0775707
0.029427,-0.0775106
-0.120572,-0.0776014
-0.00855605,-0.07766
-0.00666345,-0.077706
-0.0059001,-0.0777474
-0.00519253,-0.0777818
0.0378296,-0.0777528
-0.0698031,-0.0777977
-0.0661758,-0.0779037
0.129007,-0.0778246
-0.00381224,-0.077752
0.0800765,-0.077588
-0.0088832,-0.0774651
-0.00921199,-0.077365
0.0336406,-0.077241
-0.0740472,-0.0772299
-0.0069065,-0.0772184
0.121277,-0.0770526
0.0301258,-0.0768919
-0.0152896,-0.0768083
-0.0786801,-0.0768528
-0.0108873,-0.076899
0.0327683,-0.0768898
-0.0748396,-0.0769758
0.0348258,-0.0769846
-0.00864516,-0.0769895
0.033908,-0.0769533
0.032169,-0.0768908
0.0300634,-0.0768228
-0.0778702,-0.0768781
-0.116544,-0.0770595
0.0812031,-0.0770894
-0.0702012,-0.0771909
-0.00331596,-0.0772656
-0.00216797,-0.077312
0.0406611,-0.0772955
-0.00361976,-0.0772692
-0.00363467,-0.0772339
0.0391306,-0.0771343
0.0371846,-0.0769948
-0.00756974,-0.0768968
-0.113331,-0.0769433
-0.00131934,-0.0769608
0.0424713,-0.0769084
-0.0655237,-0.0769553
0.00140209,-0.0769761
0.00227154,-0.0769789
0.0448369,-0.0769146
-0.0633583,-0.0769455
0.00344341,-0.0769658
0.00416513,-0.0769652
-0.0593543,-0.0770292
0.0501272,-0.0770033
-0.0575675,-0.0770379
0.00888084,-0.077042
0.00935106,-0.0770294
0.051551,-0.0769493
-0.0569728,-0.0769492
0.00933834,-0.0769258
-0.0962443,-0.0770116
0.0151536,-0.0770508
0.0580211,-0.0769945
0.0976408,-0.0768229
-0.0562868,-0.0767393
0.00941184,-0.0766502
-0.0962369,-0.0766858
0.0148323,-0.0766819
0.0576802,-0.0765939
0.0547714,-0.07646
0.0934698,-0.0762445
-0.0603411,-0.0761585
-0.100589,-0.0762118
-0.0523598,-0.0763149
0.0152134,-0.0763789
0.0575716,-0.0763584
-0.0936997,-0.0764607
-0.131544,-0.0767001
-0.080511,-0.0769662
0.031744,-0.0771142
-0.0318413,-0.077237
-0.07205,-0.0773877
-0.0244535,-0.0775213
0.0421327,-0.0775414
0.0834647,-0.0774414
-0.0689442,-0.0774221
0.0828531,-0.0772903
0.122123,-0.0770165
0.0303947,-0.0767605
-0.0783731,-0.0766519
0.0315612,-0.0765355
-0.0327442,-0.0764864
-0.0311568,-0.0764946
0.119501,-0.0763444
0.0285492,-0.076195
0.025787,-0.0760445
-0.0396137,-0.0759861
-0.0379749,-0.0759851
-0.0356229,-0.0760258
-0.0333136,-0.0760978
0.0324904,-0.0761112
-0.0747361,-0.076207
-0.0284058,-0.0763053
0.0800665,-0.076271
-0.0296155,-0.0762909
-0.02861,-0.0763431
-0.111125,-0.0765211
-0.062263,-0.0767189
0.0911109,-0.0767557
0.0451124,-0.0767161
0.0421502,-0.0766234
-0.0661797,-0.076626
0.0854664,-0.076517
0.0818336,-0.0763308
-0.0293553,-0.0762286
0.119587,-0.076003
0.113025,-0.0756989
0.0206231,-0.0754535
0.10232,-0.0751541
0.0957567,-0.0748207
0.0460742,-0.0745493
-0.00105249,-0.074379
0.039556,-0.0742314
0.0784592,-0.0740684
0.0724037,-0.073889
0.0237971,-0.073764
-0.0221595,-0.0737362
-0.0228792,-0.0737926
-0.0229571,-0.0739149
-0.0228514,-0.0740897
-0.0859604,-0.0743583
0.0236902,-0.0745684
-0.0834654,-0.0748564
-0.122408,-0.0752462
-0.00931075,-0.0755639
-0.0712694,-0.0759177
0.0809228,-0.0760903
-0.00740742,-0.0762377
-0.00780086,-0.0763806
-0.00736317,-0.0765093
-0.00690096,-0.0766289
-0.070051,-0.0768087
-0.00252105,-0.0769503
0.0832459,-0.076951
-0.00581437,-0.0769548
-0.00630307,-0.0769619
-0.0693648,-0.077046
-0.0655745,-0.0771906
0.00243408,-0.0772933
0.0457518,-0.0773093
-0.0622946,-0.0773907
0.00438541,-0.0774449
-0.0584186,-0.0775562
-0.09735,-0.0777521
0.057369,-0.0778088
-0.0499232,-0.0778924
-0.0471377,-0.0780008
0.0201853,-0.0780384
0.0202682,-0.0780387
0.0620707,-0.0779489
0.0590838,-0.077808
0.0980678,-0.0775876
0.0498057,-0.0773676
0.0460786,-0.077157
-0.0631169,-0.0770802
0.0454624,-0.0769738
0.0432799,-0.076843
-0.00217797,-0.076748
-0.00290215,-0.0766973
0.0392741,-0.0766254
-0.00563072,-0.0766002
-0.00617901,-0.0766182
0.0784803,-0.0765512
-0.0109143,-0.0765392
-0.0116034,-0.0765452
0.0309248,-0.0765329
0.0288442,-0.0765066
-0.164359,-0.0767104
-0.0712921,-0.0769763
-0.00243126,-0.0771982
0.0408498,-0.0773139
-0.0671484,-0.0774852
0.084403,-0.0775065
-0.0040299,-0.0775288
-0.0681639,-0.077634
0.126233,-0.0775797
-0.0704992,-0.0776297
0.0378429,-0.0776293
-0.00594331,-0.0776494
0.078746,-0.0775722
0.0742129,-0.077437
-0.0155539,-0.0773633
-0.0159212,-0.0773433
0.0694119,-0.077232
-0.0193945,-0.0771779
-0.0195614,-0.0771759
-0.0187965,-0.077204
-0.0180024,-0.0772641
-0.0806647,-0.0774093
0.0295969,-0.0774945
-0.0136435,-0.0775839
-0.161636,-0.077859
-0.00428428,-0.078082
0.0826579,-0.0781402
-0.112029,-0.0783157
-0.106511,-0.0785689
0.0491651,-0.0786872
0.00594549,-0.0787486
-0.057763,-0.0788581
-0.0541015,-0.0789906
0.0136774,-0.0790658
0.099002,-0.0789899
-0.054044,-0.0789804
0.0544074,-0.0788924
0.0100084,-0.078777
0.0940197,-0.0785638
0.00437345,-0.0783843
0.045669,-0.0781853
0.0430469,-0.0779688
-0.00224541,-0.0777981
-0.00279535,-0.0776636
-0.0028886,-0.077566
-0.00293076,-0.0775037
0.0394092,-0.0774234
-0.00529767,-0.077391
0.0367073,-0.0773308
0.0344258,-0.0772443
-0.0740526,-0.0772801
-0.0707914,-0.0774193
-0.00286004,-0.0775389
-0.107782,-0.0777741
0.0463359,-0.0778942
-0.0607566,-0.0780523
-0.0577227,-0.0782331
0.0945978,-0.0782387
0.090559,-0.0781273
0.000238282,-0.0780403
-0.064282,-0.0780542
0.00276714,-0.0780608
0.0033405,-0.0780481
0.00324048,-0.0780164
0.00313623,-0.0779832
0.0876352,-0.0778473
0.097357,-0.0776465
-0.0728781,-0.0775893
-0.068786,-0.0776354
-0.000986786,-0.0776774
-0.000306515,-0.0777179
-0.00028301,-0.0777443
0.0421435,-0.0777032
-0.108347,-0.077811
-0.0606606,-0.0779579
0.00741331,-0.0780553
-0.0556312,-0.0781894
-0.0522101,-0.0783468
0.0575287,-0.0783813
-0.050403,-0.0784487
-0.0477891,-0.0785423
0.0617783,-0.078517
0.017147,-0.0784663
0.0584159,-0.0783443
0.0131087,-0.0782415
0.0965036,-0.078048
0.00666774,-0.0778902
0.0475809,-0.0777151
-0.0612308,-0.0776535
-0.10089,-0.077742
0.0109133,-0.0777947
-0.05212,-0.0779004
-0.0492349,-0.0780399
-0.0456779,-0.0781938
-0.0422917,-0.0783633
0.0669013,-0.0784037
0.106763,-0.0783053
0.058148,-0.0781587
0.0540753,-0.077958
0.00808453,-0.0777921
0.00842679,-0.0776483
0.0906064,-0.0774178
0.0430281,-0.0771922
0.0815985,-0.0769255
-0.00870916,-0.0767495
0.0324941,-0.0765948
-0.0759154,-0.0766092
0.0330177,-0.0765948
0.035491,-0.0765667
-0.077448,-0.0766528
-0.0742042,-0.0768242
0.0784289,-0.0768573
0.0322272,-0.0768626
-0.118841,-0.0770154
-0.00733876,-0.0771394
-0.00594735,-0.0772384
-0.111669,-0.0774501
0.000493801,-0.0776053
-0.0617695,-0.0777893
0.00544855,-0.0779113
0.0485946,-0.077929
0.0885483,-0.0778453
-0.00120628,-0.0777847
0.0403679,-0.0777082
-0.0678372,-0.0777279
-0.00106618,-0.0777456
-0.00108071,-0.0777427
0.0835689,-0.0776454
-0.068345,-0.0776557
-0.0654292,-0.0777366
0.00227882,-0.0777885
-0.102956,-0.0779393
-0.0547834,-0.0781227
0.0132522,-0.0782394
0.0136981,-0.0783006
-0.0501329,-0.0783847
0.0165612,-0.078402
0.0590023,-0.0783297
0.0562062,-0.0781915
0.0105456,-0.0780699
0.00959552,-0.07795
-0.0544544,-0.0779217
0.0544252,-0.0778264
-0.0960908,-0.0778677
0.0570194,-0.0778246
0.0549915,-0.0777162
0.00929272,-0.0776221
-0.0552969,-0.0776065
-0.0614419,-0.0776589
0.0579648,-0.0776259
0.0126074,-0.0775857
0.0114823,-0.0775363
0.0532109,-0.0774233
0.00775918,-0.0773221
0.00831748,-0.0772311
0.00598774,-0.0771494
-0.0581985,-0.077166
0.00836288,-0.0771749
0.0507917,-0.0771218
0.0903968,-0.0769877
0.0997592,-0.0767772
-0.113391,-0.0767827
-0.00194887,-0.0768176
-0.0646339,-0.0769381
-0.0614546,-0.0771174
0.048347,-0.0772049
-0.0594979,-0.0773538
0.00679624,-0.0774578
0.0495135,-0.0774845
0.0891056,-0.0773955
-0.000975233,-0.0773316
0.0403051,-0.0772374
0.0378169,-0.0771292
-0.113615,-0.0772057
-0.126706,-0.0774071
0.00601676,-0.0775474
0.00647365,-0.0776425
-0.0995411,-0.0778346
0.0965657,-0.0778489
0.0503175,-0.0777911
0.00447271,-0.0777461
0.00375603,-0.0777193
-0.0600286,-0.0777812
0.0914468,-0.0777262
-0.0611551,-0.0777622
-0.0680108,-0.0778683
0.0544799,-0.0778731
0.090181,-0.0777553
0.00164261,-0.0776639
-0.0629273,-0.0776693
-0.0701344,-0.0777637
0.0511377,-0.0777695
-0.0575416,-0.0778531
0.0511002,-0.0778518
0.0490874,-0.0777865
0.054522,-0.0776788
0.0849575,-0.0774928
0.0794677,-0.0772644
0.031512,-0.0770595
-0.119928,-0.0770679
-0.00853324,-0.0770926
-0.113118,-0.0772568
0.0410524,-0.077323
-0.0660138,-0.0774489
0.0430671,-0.0774866
0.0413521,-0.077457
-0.067208,-0.0775265
-0.0640214,-0.0776569
0.00373632,-0.0777567
0.0466915,-0.0777638
0.0867353,-0.077656
-0.00309621,-0.0775644
0.0385123,-0.0774449
0.0361514,-0.077309
-0.00878864,-0.0772308
0.0333465,-0.077142
-0.0111214,-0.0770992
-0.0112013,-0.0770965
-0.0108457,-0.0771112
0.0742618,-0.07704
-0.0147061,-0.0770067
-0.0150484,-0.0770046
0.0278873,-0.0769665
-0.0796771,-0.0770396
-0.118446,-0.0772377
0.0369764,-0.0773508
-0.0060644,-0.0774427
-0.0694827,-0.0776044
-0.0768163,-0.0778119
0.0471846,-0.0779121
0.00167314,-0.0779818
0.00152067,-0.0780219
-0.0618539,-0.0781115
0.0477603,-0.0781065
-0.0596193,-0.0781734
0.00706855,-0.0782029
0.0077187,-0.0782063
0.0499753,-0.0781329
0.0899191,-0.0779583
4.17034e-05,-0.0778286
-0.106883,-0.077858
-0.0585752,-0.0779554
0.0094095,-0.0780157
0.00984112,-0.078044
-0.0539815,-0.0781338
-0.0506788,-0.0782466
0.101347,-0.0782147
0.012073,-0.0781705
-0.095188,-0.0782551
0.0160591,-0.0782937
0.016554,-0.0783
-0.0476519,-0.0783753
0.0187511,-0.0784125
-0.0872184,-0.0785545
0.0236142,-0.0786225
0.0237617,-0.0786424
-0.0408178,-0.0787145
0.0252083,-0.0787418
0.0247068,-0.0787369
-0.0823434,-0.078837
0.0706197,-0.0788229
0.067959,-0.0787163
0.0215829,-0.0786098
0.0198128,-0.0785187
0.145772,-0.0782771
-0.053154,-0.0781705
0.0114059,-0.0780952
0.0109591,-0.0780255
0.0947748,-0.0778774
-0.101415,-0.0779085
-0.0975184,-0.0780717
0.0567864,-0.0781308
0.05467,-0.0781193
0.00857352,-0.0781216
0.0496878,-0.0780767
0.0888877,-0.0779563
-0.00161142,-0.077882
0.0393123,-0.0777824
-0.0058068,-0.077725
-0.112482,-0.0778415
0.0413536,-0.0778975
-0.1508,-0.0781425
-0.10099,-0.0784541
0.0119528,-0.0786873
0.0550426,-0.0787969
0.0521365,-0.0788273
0.0913497,-0.0787469
0.0434404,-0.0786487
0.039938,-0.0785279
0.0791817,-0.0783511
0.0739842,-0.0781508
0.0807373,-0.0779208
0.0600468,-0.0777078
0.0151117,-0.077563
-0.0298926,-0.077522
0.0127484,-0.0774947
0.0112451,-0.0774851
-0.0328394,-0.0775586
0.0524952,-0.077577
-0.0357524,-0.0776735
-0.0987179,-0.0778953
-0.0301938,-0.0781301
-0.0281565,-0.0783684
0.0156932,-0.0785424
-0.0275837,-0.078718
-0.0310794,-0.0788986
-0.0246434,-0.079092
0.0191762,-0.0792162
-0.0875927,-0.0794131
-0.0829101,-0.0796484
-0.0774772,-0.0799067
0.0764301,-0.0799888
-0.0111664,-0.0800599
-0.0743078,-0.0801998
-0.069795,-0.0803898
0.0412634,-0.0804704
-0.0655,-0.0805966
-0.103889,-0.0807903
0.00906644,-0.080897
0.0106026,-0.0809324
0.0534162,-0.0808558
-0.0546736,-0.0808385
0.0121836,-0.0807837
-0.0506272,-0.0807851
-0.0474526,-0.0808218
0.0622636,-0.0807529
0.145162,-0.0804992
-0.0533349,-0.0803469
0.0544504,-0.0801525
0.00989299,-0.0799764
-0.0969935,-0.07995
0.0144068,-0.0798829
0.0150096,-0.0797868
-0.0490793,-0.0797521
0.101978,-0.0795862
-0.0509739,-0.0795118
0.014543,-0.079411
0.0990684,-0.0791968
-0.0544624,-0.0790958
0.0110143,-0.0789984
0.0109716,-0.078906
0.0102704,-0.0788136
0.0519702,-0.0786692
-0.0569125,-0.0786199
0.0514523,-0.0785126
-0.0990761,-0.0785621
0.138607,-0.0784228
-0.0586006,-0.0783913
0.00659274,-0.0783478
-0.0568154,-0.0783904
0.0096143,-0.0784055
0.0520599,-0.0783397
0.091601,-0.0781658
0.0858015,-0.0779224
0.0798375,-0.0776452
0.0872961,-0.0773363
-0.166237,-0.0773115
-0.00957112,-0.0773079
-0.156271,-0.0775304
-0.0633321,-0.0777827
0.0475895,-0.0779187
0.00340298,-0.0780118
0.0876481,-0.0779812
-0.0654242,-0.0780275
0.127821,-0.0779082
-0.0691672,-0.0779047
0.0389122,-0.0778615
-0.0686367,-0.0779139
0.0828517,-0.0778443
-0.0693512,-0.0778736
-0.0666794,-0.0779886
-0.0623991,-0.0781579
0.0901908,-0.0781731
-0.104482,-0.0783054
0.0486135,-0.0783344
-0.0586131,-0.0784193
-0.0557132,-0.078539
0.0118315,-0.0786077
-0.0512935,-0.0787128
0.0153888,-0.0787593
0.0580782,-0.0787106
0.0551064,-0.0785892
-0.0540039,-0.0785628
0.0544658,-0.0784582
0.0522811,-0.0783003
-0.0992091,-0.0782801
-0.0520521,-0.0783179
-0.0903943,-0.0784601
0.0637581,-0.078483
0.0616632,-0.0784085
0.0580659,-0.0782641
0.0121974,-0.0781312
0.0533918,-0.0779656
-0.0978884,-0.0779713
0.01261,-0.0779586
0.0553165,-0.0778732
0.0946991,-0.0776915
0.0463667,-0.0774937
0.0425736,-0.0773027
-0.0665883,-0.0772606
0.0843941,-0.077142
-0.0682861,-0.0771515
-0.00244231,-0.0771817
-0.00204155,-0.0772188
-0.0658449,-0.0773405
-0.0624131,-0.0775237
0.0473999,-0.0776188
0.00307343,-0.0776904
-0.10351,-0.0778866
-0.0554743,-0.0781088
0.0122844,-0.0782579
0.012559,-0.0783498
0.0969394,-0.0782977
0.0069694,-0.0782593
0.00568981,-0.0782359
0.0476325,-0.0781731
0.0449757,-0.0780803
0.0417984,-0.0779532
-0.109409,-0.078007
0.0439765,-0.0779955
0.0425236,-0.0779488
-0.00280917,-0.0779271
-0.0669271,-0.0780212
0.0423827,-0.0780525
-0.00176722,-0.0780877
0.0400612,-0.0780696
0.0377365,-0.0780182
0.0349933,-0.077936
-0.01006,-0.0778929
-0.0120638,-0.0778979
-0.0140857,-0.0779332
-0.0161159,-0.0779833
-0.0181587,-0.0780391
-0.0201584,-0.0781075
-0.0221835,-0.0781895
-0.00764555,-0.0782693
-0.00641615,-0.0783324
-0.0695323,-0.0784715
0.0824857,-0.0784807
-0.00592173,-0.0785037
-0.0064469,-0.0785422
-0.0060877,-0.0785801
0.0790309,-0.0785107
-0.0100285,-0.078457
-0.0104873,-0.0784316
-0.0100099,-0.0784198
-0.00955009,-0.0784312
-0.157308,-0.0786365
-0.0639887,-0.0788748
0.0472572,-0.0790002
0.00351042,-0.0790895
0.0456699,-0.0791004
0.0435376,-0.0790608
-0.0649536,-0.0791105
-0.0617962,-0.0792179
-0.0575531,-0.0793607
0.0525984,-0.0793887
0.00837059,-0.0793942
0.0078334,-0.0793885
-0.0558495,-0.0794461
-0.0526038,-0.079543
0.0571823,-0.0795335
0.0551626,-0.0794472
0.00961284,-0.0793602
0.0935347,-0.0791776
-0.059772,-0.0791155
-0.0575694,-0.0791454
0.00975498,-0.0791425
0.0947294,-0.0790255
0.047184,-0.0788773
-0.104613,-0.078901
-0.0572593,-0.0789843
0.0529638,-0.0789892
0.050664,-0.0789147
0.00518626,-0.0788432
0.00434663,-0.0787778
0.00396385,-0.0787264
-0.102197,-0.0788077
-0.0544545,-0.0789421
0.0132137,-0.0790313
0.0981575,-0.0789819
0.00815072,-0.0789408
-0.0991517,-0.0790309
0.0544706,-0.0790262
0.0950955,-0.0788986
0.00467228,-0.0787925
0.0457064,-0.0786577
0.0852725,-0.0784548
-0.0684979,-0.0783927
0.0821297,-0.078247
0.0356142,-0.0780914
-0.0100564,-0.0779905
-0.0741177,-0.0780086
-0.0069059,-0.0780338
-0.06971,-0.0781412
-0.066121,-0.0783112
-0.104417,-0.0785767
-0.0553603,-0.0788443
0.012584,-0.0790338
-0.135235,-0.0793377
0.0209059,-0.0795278
0.0218792,-0.0796263
0.021344,-0.0796549
0.0206316,-0.0796336
0.0623134,-0.0795307
0.10145,-0.0793179
-0.0526495,-0.0792029
-0.0506741,-0.0791788
0.0586403,-0.0790892
0.0654499,-0.0789455
-0.0547134,-0.0789077
0.012171,-0.0788546
-0.0939493,-0.0789274
0.0593918,-0.0789024
0.0574101,-0.0788202
-0.0521115,-0.0788314
0.0136726,-0.078829
0.0981067,-0.0787155
0.0503316,-0.0785751
-0.101849,-0.0786027
-0.0548213,-0.0786946
0.0126307,-0.0787494
0.0549057,-0.0787227
-0.0964698,-0.0788277
0.0141533,-0.0788904
0.0144297,-0.0789163
-0.0499057,-0.0789895
0.101043,-0.0789099
-0.0520945,-0.0789083
-0.0501908,-0.0789691
-0.0468896,-0.0790773
0.0622774,-0.0790801
0.0172874,-0.0790511
-0.0475929,-0.0790782
0.145494,-0.0789052
0.0534557,-0.0787073
0.00657965,-0.0785578
0.0053367,-0.0784503
-0.0589547,-0.0784473
0.00739672,-0.0784404
-0.0562207,-0.0785047
0.0101756,-0.0785423
0.0948863,-0.0784531
0.0894883,-0.078292
-0.00135587,-0.0781825
0.0819516,-0.078003
0.0769875,-0.0777847
-0.0135105,-0.0776563
-0.0144682,-0.0775879
0.0279374,-0.0775217
0.0257506,-0.0774652
-0.0826865,-0.0775287
-0.0157116,-0.0776079
-0.120387,-0.0778294
0.0763771,-0.0779332
-0.0115114,-0.0780454
-0.117972,-0.0783
-0.00557551,-0.0785174
-0.00407142,-0.0786845
-0.067191,-0.0788991
-0.0633829,-0.0791466
-0.0588857,-0.0794148
-0.096974,-0.0797435
0.0154881,-0.0799642
-0.0470891,-0.0801607
-0.0437458,-0.0803403
0.0235429,-0.0804226
0.0236614,-0.0804428
0.0230688,-0.0804155
-0.0411844,-0.0804269
0.0250276,-0.0803847
0.0247987,-0.0802967
0.108715,-0.0800658
-0.0453224,-0.0799433
-0.0437431,-0.0799015
-0.082988,-0.0799635
0.0283065,-0.0799618
-0.0353925,-0.0799961
0.0303274,-0.0799575
0.071942,-0.0798267
0.0258748,-0.0796744
0.0239646,-0.0795265
-0.0833593,-0.079517
0.0269473,-0.079471
0.0689812,-0.0793438
0.0650361,-0.0791578
0.0184988,-0.0789959
0.0590199,-0.0788023
0.0553795,-0.0785967
0.00895946,-0.0784298
0.0920959,-0.0781974
-0.0619245,-0.0781074
0.0457717,-0.0779954
-0.0626375,-0.078013
0.0455057,-0.0779917
0.000753728,-0.0779964
-0.0639473,-0.0780974
0.0449687,-0.0781269
-0.10545,-0.0782826
0.00536117,-0.0784059
0.04834,-0.0784502
0.0454791,-0.0784447
0.0423076,-0.0784137
0.0391367,-0.0783596
0.0361351,-0.0782908
0.0755023,-0.0781564
-0.0143357,-0.0780682
0.0272627,-0.0779859
0.0251271,-0.0779027
0.0226645,-0.0778352
-0.127897,-0.0779752
0.0686776,-0.0780315
-0.0191374,-0.0781191
-0.0192743,-0.0782193
0.0237674,-0.0782771
-0.12606,-0.0784922
-0.013956,-0.0786704
0.0725669,-0.0787297
-0.0159668,-0.0787969
-0.0160046,-0.0788779
-0.0787803,-0.0790459
-0.0108127,-0.0791865
0.0330113,-0.0792604
-0.0109251,-0.0793284
-0.0106002,-0.0793973
0.0324941,-0.0794031
-0.074975,-0.0795107
-0.113512,-0.0797373
0.0419405,-0.0798659
0.125842,-0.0798084
-0.0715654,-0.0798588
-0.0688232,-0.0799644
-0.000599077,-0.0800313
-0.0630001,-0.0801287
-0.101537,-0.0803033
0.0958028,-0.0802994
-0.0559793,-0.0803303
0.0526218,-0.0802696
-0.0549303,-0.0802739
-0.094302,-0.0803663
0.017919,-0.0803945
0.0610773,-0.0803178
0.0158853,-0.0802227
0.0186111,-0.0801113
0.0142832,-0.079993
-0.0497338,-0.0799562
0.0166883,-0.0798904
0.0166653,-0.0798084
0.0583908,-0.0796516
0.0552182,-0.0794556
0.00943796,-0.0792868
0.0083385,-0.0791427
0.177393,-0.0788151
0.0823857,-0.0784556
-0.00907091,-0.0782027
-0.0102195,-0.0780282
0.0744044,-0.0778172
-0.0785616,-0.0777735
-0.012391,-0.0777624
-0.0116065,-0.0777799
-0.0114403,-0.077811
-0.0111661,-0.0778766
-0.0744746,-0.078042
0.0352851,-0.0781452
0.0339518,-0.0781914
-0.0108303,-0.078244
0.0314857,-0.0782569
0.0295966,-0.0782323
-0.120975,-0.0783811
-0.00907646,-0.0785049
-0.00749333,-0.0786194
-0.00699133,-0.0787221
0.0358845,-0.0787396
0.033989,-0.0787052
0.0317294,-0.0786394
-0.0763699,-0.0786864
0.0332115,-0.0786726
0.0743316,-0.0785789
-0.0783256,-0.0786096
-0.0115334,-0.0786492
-0.0102641,-0.0786925
-0.073111,-0.0788139
-0.111413,-0.0790263
0.0862124,-0.0790544
0.0967037,-0.0789574
0.0342553,-0.0788434
-0.0734926,-0.0788446
-0.0698905,-0.0789367
-0.00173795,-0.0790005
-0.00134313,-0.0790417
0.0838701,-0.0789632
0.0801511,-0.0788055
-0.00978729,-0.0787111
-0.0101995,-0.0786501
-0.0116805,-0.078628
-0.0097446,-0.0786209
-0.0723251,-0.0787062
-0.0681637,-0.0788569
-0.0752781,-0.0790504
-0.0580352,-0.0792581
0.0516409,-0.0793278
0.00761078,-0.0793604
-0.141065,-0.0795467
0.0153656,-0.0796625
0.101475,-0.0796113
0.113914,-0.0794242
0.00439189,-0.079268
0.0465288,-0.0790779
0.00161401,-0.0789264
0.0856497,-0.0786958
-0.0673544,-0.0786083
-0.0648463,-0.0786282
-0.0723656,-0.0787271
0.0504579,-0.0787415
0.0564922,-0.0786812
0.0433717,-0.078574
0.0415158,-0.0784317
0.0385655,-0.0782747
-0.0065801,-0.0781756
-0.0080813,-0.0781245
-0.00690332,-0.0781064
-0.0702718,-0.0781811
0.0392409,-0.0781894
-0.0682032,-0.0782785
0.0408917,-0.0782938
-0.0030557,-0.0783182
-0.0669072,-0.0784252
0.127367,-0.0783506
-0.111945,-0.0784295
0.0833929,-0.0783825
0.08002,-0.0782525
-0.0100309,-0.0781644
-0.0106314,-0.0781037
0.0320557,-0.0780195
0.0301079,-0.0779319
-0.0145802,-0.0778974
-0.120567,-0.0780267
-0.00813494,-0.0781271
-0.00657446,-0.0782078
-0.0696312,-0.0783498
-0.00215849,-0.0784553
-0.107006,-0.0786627
-0.0585152,-0.0789006
0.0098001,-0.0790745
0.012272,-0.0791816
0.010464,-0.0792306
0.0951493,-0.0791366
0.0479745,-0.0789954
0.0870958,-0.0787746
0.0965348,-0.0784771
-0.0098863,-0.0782709
-0.00978609,-0.078127
-0.00961053,-0.0780298
0.0752982,-0.0778592
0.0828076,-0.0776344
0.0215569,-0.0774517
-0.0220895,-0.0773492
-0.0852646,-0.0773926
-0.0811453,-0.0775311
-0.0762792,-0.0777414
0.0768501,-0.0778099
-0.0748477,-0.0779736
-0.00802266,-0.0780966
-0.112604,-0.0783319
-0.106302,-0.0786262
-0.0564838,-0.078898
-0.0941957,-0.0792025
0.102953,-0.0792817
0.0148682,-0.079313
-0.0496347,-0.0793726
-0.0463778,-0.0794594
0.0633774,-0.0794207
-0.0447485,-0.0794386
0.0636295,-0.0793557
0.0720273,-0.0792074
-0.0487936,-0.0791382
-0.0459815,-0.0791236
-0.0425445,-0.0791451
0.024274,-0.0791085
0.0663345,-0.0789783
0.0630964,-0.0787761
0.0706753,-0.0785326
0.0547899,-0.0782785
0.0606376,-0.0780192
-0.0585732,-0.0778957
-0.0562451,-0.0778809
-0.0628564,-0.0779422
0.0991741,-0.0778734
0.00958336,-0.0778163
0.00794846,-0.077773
0.0495636,-0.0776858
0.0466349,-0.0775639
0.0510936,-0.0774192
-0.00321023,-0.0773047
-0.0670515,-0.0773138
0.0418835,-0.0772761
-0.00251493,-0.0772627
-0.00317519,-0.0772757
-0.109282,-0.0774356
0.0446362,-0.0775108
0.0431793,-0.0775165
0.0402132,-0.0774789
0.0441355,-0.0774096
-0.00943584,-0.0773865
-0.0114515,-0.0773882
-0.0721328,-0.0774954
0.0378063,-0.0775369
-0.0696557,-0.0776628
-0.0028892,-0.0777627
-0.00210356,-0.0778531
-0.150215,-0.0781076
0.0486969,-0.0782302
-0.0581058,-0.0783771
0.0931351,-0.0783643
0.0467273,-0.0782927
-0.0624573,-0.0783025
0.0464784,-0.0782541
0.0446026,-0.0781617
-0.0641059,-0.0781817
-0.103469,-0.0783186
-0.0547764,-0.0784814
-0.0503716,-0.0786539
-0.04656,-0.0788292
-0.0428396,-0.0789929
0.0666912,-0.0790101
0.106468,-0.0788867
0.0160309,-0.0787611
0.0567875,-0.0786042
0.0634767,-0.078404
0.00612226,-0.0782425
0.00646815,-0.0781082
0.048245,-0.077949
0.00295641,-0.0778351
0.00263684,-0.0777479
-0.0619442,-0.077763
-0.101309,-0.0778936
-0.0529896,-0.0780506
0.0146434,-0.078134
0.0570867,-0.0781301
0.0964605,-0.0780159
-0.0577555,-0.0780037
-0.0552666,-0.0780771
0.011731,-0.0781277
0.0116232,-0.0781428
0.0110661,-0.0781293
0.0104057,-0.0781022
0.00978398,-0.0780671
0.00914926,-0.0780098
0.13572,-0.0778041
0.000941016,-0.0776408
0.0415216,-0.0774753
0.0811784,-0.0772655
-0.00901375,-0.0771364
-0.00999009,-0.0770612
-0.158314,-0.0772097
0.0404365,-0.0772738
-0.00280893,-0.0773275
-0.0032411,-0.0773765
-0.109122,-0.0775617
-0.145661,-0.077878
0.0965612,-0.0779883
0.0507419,-0.0779982
-0.0585429,-0.0780743
-0.098046,-0.0782593
0.0140672,-0.0783721
0.0147323,-0.0784266
0.0566928,-0.0783781
0.0114718,-0.0783168
-0.0530152,-0.0783262
0.0135088,-0.0783021
0.0559482,-0.0782111
0.137763,-0.077972
-0.0609687,-0.077869
0.00437865,-0.0777777
-0.0589615,-0.0777837
0.0499765,-0.0777229
0.0902509,-0.0775836
-8.43513e-05,-0.0774945
0.0410461,-0.0773996
0.0807842,-0.0772314
0.0331637,-0.0770821
0.035415,-0.0769398
0.0264757,-0.0768235
0.0243217,-0.0767296
0.0642307,-0.0766015
0.017217,-0.0765049
-0.0277348,-0.0765092
-0.0274101,-0.0765691
-0.0265799,-0.0766858
-0.0890408,-0.0769142
-0.126987,-0.0772748
0.0711203,-0.07748
-0.0799331,-0.0777487
0.0296544,-0.0779224
-0.0134681,-0.0780738
0.0293771,-0.0781558
0.0703416,-0.078137
0.0237464,-0.0781065
0.0215449,-0.0780613
-0.0860177,-0.0781523
0.0240164,-0.0781995
-0.0824742,-0.0783584
-0.0148048,-0.0784817
-0.0131123,-0.0785962
0.0303005,-0.0786434
-0.0134439,-0.0787028
0.0294563,-0.0786961
0.0280802,-0.0786476
-0.122055,-0.078747
-0.00969138,-0.0788321
0.0346346,-0.0788411
-0.0092095,-0.0788503
-0.00882234,-0.0788627
-0.00935268,-0.0788762
-0.00988842,-0.0789005
-0.0104216,-0.0789308
-0.0109638,-0.0789727
-0.0114956,-0.0790108
-0.0120533,-0.079028
-0.108022,-0.0791596
0.130962,-0.0790831
-0.065284,-0.0790999
-0.105099,-0.0792466
-0.0559483,-0.0794252
0.0971371,-0.0794233
-0.0974654,-0.0795368
0.0133099,-0.0795845
0.0142473,-0.0795866
-0.0495396,-0.0796286
0.0595031,-0.0795832
0.0574833,-0.0794623
-0.0940124,-0.079487
0.0168815,-0.0794659
0.0173278,-0.0794254
0.0167685,-0.079362
0.0160229,-0.0792934
0.0577949,-0.0791615
0.0122946,-0.0790486
-0.0946724,-0.0790661
0.0586394,-0.0789989
-0.134124,-0.0791122
0.148255,-0.079008
0.0148167,-0.0789056
0.0126717,-0.0788029
0.0542506,-0.0786573
-0.0547776,-0.0786154
0.0110049,-0.0785643
0.0955976,-0.0784129
-0.100527,-0.0784289
-0.0537367,-0.0784986
-0.0922942,-0.0786581
0.104075,-0.0786446
0.0572927,-0.0785747
0.0531462,-0.0784591
0.00728098,-0.0783746
0.0908363,-0.0782085
0.000779472,-0.0780936
0.0417062,-0.0779627
-0.0669455,-0.0779604
0.0415997,-0.0779181
-0.0664083,-0.0779894
0.042329,-0.0780004
-0.0019924,-0.0780323
-0.0661428,-0.0781508
0.0854875,-0.0781415
-0.00351603,-0.0781433
0.0378749,-0.0781106
0.0354724,-0.0780437
-0.00965546,-0.0780109
-0.0116938,-0.0780088
-0.0137457,-0.0780387
-0.0158088,-0.0780712
-0.0178795,-0.0781231
-0.0199158,-0.0781983
-0.0219672,-0.0782848
0.0464753,-0.0783088
-0.11488,-0.0784746
-0.108831,-0.0787288
-0.0593341,-0.0789834
-0.0546195,-0.0792191
-0.0504573,-0.0794401
0.0594865,-0.0795006
0.0999757,-0.0794061
-0.0536913,-0.0793941
0.0121954,-0.0793558
0.0547392,-0.0792501
0.00973104,-0.0791422
-0.0546433,-0.0791221
0.09677,-0.07897
-0.0559992,-0.078917
0.00967255,-0.0788542
-0.0537186,-0.0788779
-0.093177,-0.0790138
0.0187095,-0.079093
0.0191399,-0.0791216
0.0607636,-0.0790674
0.0153038,-0.079002
0.0140485,-0.0789313
-0.0502506,-0.0789324
-0.0475327,-0.0789935
0.0193147,-0.0790163
0.0190217,-0.0790104
0.0181095,-0.078981
-0.0463778,-0.0790252
-0.0439094,-0.0791116
-0.040715,-0.0792215
0.0258356,-0.0792654
0.025282,-0.0792595
0.0240823,-0.0792135
-0.0830114,-0.0792725
0.112106,-0.0791799
0.0224099,-0.0790928
0.0626623,-0.0789654
0.0588779,-0.0788042
0.065041,-0.0786218
0.0500562,-0.0784402
-0.144085,-0.0785029
0.0111832,-0.0785547
0.138756,-0.0784293
-0.0597391,-0.0784341
-0.100822,-0.0785846
0.0531888,-0.0786461
-0.0547685,-0.0787608
0.138087,-0.0786786
-0.0596987,-0.0787022
0.0900516,-0.0786105
0.0431649,-0.0784964
-0.108846,-0.0785614
0.00201095,-0.0786268
0.0449753,-0.0786324
-0.00010388,-0.0786413
-0.000896655,-0.0786677
-0.00121413,-0.0787021
-0.00146407,-0.078747
-0.00169138,-0.078796
0.0827669,-0.0787331
-0.00670996,-0.0786966
0.0770414,-0.0785865
-0.118117,-0.0786608
0.0352289,-0.0786906
-0.0718612,-0.078813
-0.0685516,-0.0789981
-0.106637,-0.0792768
-0.0999441,-0.0796043
-0.0507794,-0.0799094
0.101816,-0.0800023
0.0552614,-0.0799812
0.00937939,-0.0799533
0.0086198,-0.079916
-0.0552367,-0.0799536
0.0537612,-0.0799107
0.00933438,-0.0798763
0.00848661,-0.0798398
-0.0554148,-0.0798732
0.0111215,-0.0798811
-0.0522175,-0.0799486
0.0567035,-0.0799308
0.0542765,-0.0798524
0.135669,-0.0796174
0.0853621,-0.0793358
0.0366665,-0.079075
0.033166,-0.0788288
-0.0756611,-0.0787267
0.0332764,-0.078614
-0.0743383,-0.0786299
-0.00756218,-0.0786559
0.0355505,-0.0786258
-0.00900902,-0.0786108
-0.0728532,-0.0786971
-0.0054973,-0.0787775
-0.00463053,-0.0788527
0.0803467,-0.0788223
-0.00886209,-0.0788194
0.0329203,-0.0787999
-0.0114039,-0.0788167
-0.0114195,-0.0788528
-0.0745961,-0.0789785
-0.112868,-0.0792005
-0.0636611,-0.0794365
0.0471373,-0.079548
0.0456539,-0.0795637
0.000685048,-0.0795754
0.000423762,-0.079585
0.000570872,-0.0795988
0.000710352,-0.0796161
-0.104959,-0.0797601
0.00674217,-0.0798564
0.0078001,-0.0799188
-0.055845,-0.0800257
0.0957091,-0.0799745
-0.0566625,-0.080001
0.00930716,-0.0800132
-0.0963479,-0.080125
-0.0905973,-0.0802948
0.0216748,-0.0803706
-0.0413672,-0.0804504
0.109857,-0.0803452
-0.0857316,-0.0803665
0.0242625,-0.0803334
-0.0391093,-0.0803347
0.0269444,-0.0802847
-0.0794064,-0.080337
0.0735175,-0.0802729
0.0709178,-0.0801324
-0.0390813,-0.0800623
-0.0373104,-0.0800479
0.156088,-0.0798241
0.0211729,-0.0796377
0.0185279,-0.0794833
-0.0462942,-0.079435
0.0617623,-0.0793274
0.14353,-0.0790641
0.0501071,-0.0788095
-0.102829,-0.0787604
0.0497636,-0.0786714
-0.100728,-0.0787322
0.0945451,-0.0786681
-0.0582089,-0.0786949
0.0495152,-0.0786683
-0.0587961,-0.0787283
0.00706079,-0.0787753
0.0916727,-0.078699
0.0864129,-0.0785531
0.0379568,-0.0783957
-0.0716059,-0.0783872
-0.0687381,-0.0784781
0.0410039,-0.0785132
-0.109165,-0.078659
0.00194051,-0.0787873
0.0873917,-0.0787839
-0.00209492,-0.0787995
-0.00311201,-0.0788262
-0.0668371,-0.0789504
0.0848594,-0.0789465
-0.00389419,-0.0789587
0.037582,-0.0789306
0.035312,-0.0788886
0.0325841,-0.0788344
0.0300144,-0.0787713
-0.0783654,-0.0788331
-0.0750517,-0.0789737
0.035433,-0.0790365
-0.114191,-0.0792306
-0.00250052,-0.0793853
0.0412775,-0.0794502
-0.00320419,-0.0795121
-0.00337262,-0.0795614
-0.00311396,-0.0795883
-0.00286123,-0.0795805
-0.00261315,-0.0795681
0.0399733,-0.079501
-0.110464,-0.0795624
0.00116284,-0.0795939
0.0870257,-0.079476
-0.0656611,-0.079459
0.000656731,-0.0794339
0.00141954,-0.079413
0.00150119,-0.0793805
0.00157105,-0.0793744
-0.104248,-0.0794796
0.00749174,-0.0795341
-0.0550293,-0.0796217
0.0542908,-0.0796263
0.052212,-0.0795662
-0.0566652,-0.0795819
0.00968814,-0.0795638
0.0524148,-0.0794639
0.00735188,-0.079335
-0.0570152,-0.0793144
-0.053778,-0.0793535
0.0134587,-0.0793652
-0.04993,-0.0794232
-0.0469948,-0.0794816
0.104696,-0.0793629
0.0577459,-0.0791853
0.0114865,-0.0790094
0.010389,-0.0788423
0.00970554,-0.0786568
0.0107171,-0.0784489
-0.055739,-0.0783331
-0.06199,-0.0782942
-0.0473871,-0.0783084
0.0185301,-0.0782654
0.0607048,-0.0782184
0.0151807,-0.0781535
-0.0495757,-0.0781648
0.0165561,-0.0782003
0.0586828,-0.0781656
0.0978938,-0.077954
0.00714179,-0.0777866
0.0478756,-0.0775844
-0.103511,-0.0775609
-0.0563315,-0.0776111
0.011158,-0.0776407
0.0111303,-0.0776445
0.0104331,-0.0776277
0.00975483,-0.077603
0.00905421,-0.0776296
-0.0974808,-0.0777912
0.0135736,-0.0779117
-0.0920292,-0.0781317
0.103738,-0.0782222
0.141715,-0.0781245
-0.0575522,-0.0781434
0.0074509,-0.078161
-0.0983729,-0.078316
0.01258,-0.0782851
0.0129337,-0.0783633
-0.0513729,-0.0784883
-0.133182,-0.0787774
0.0653176,-0.0789269
-0.0847162,-0.0791419
0.0256814,-0.079213
0.0255851,-0.0791949
0.109185,-0.0790149
0.0186332,-0.07883
0.0166632,-0.0787997
-0.0479441,-0.0788649
0.0602925,-0.0789286
-0.133263,-0.0791899
0.0641435,-0.0793552
-0.0437129,-0.0795872
0.0641189,-0.079651
0.0611192,-0.0796656
0.0572854,-0.0796316
0.0109661,-0.079619
0.00949418,-0.0796472
-0.0550231,-0.0797317
0.0110778,-0.0798082
0.0531037,-0.0798442
0.00755656,-0.0799102
-0.141996,-0.0801724
0.0136812,-0.0802721
-0.0491859,-0.0803325
0.0169362,-0.0803213
0.0166694,-0.0802497
-0.0478604,-0.0802375
0.0182651,-0.0803159
0.0602694,-0.0804715
-0.0912758,-0.0807637
0.0614394,-0.0809402
0.101451,-0.0809782
-0.0953133,-0.0810639
0.0146592,-0.081058
-0.0487558,-0.0811084
0.0172723,-0.0811215
0.101681,-0.0809845
-0.052287,-0.0809642
-0.0506129,-0.0808958
0.0161594,-0.0807946
0.0580815,-0.0806202
0.01251,-0.0805837
0.0111486,-0.0805767
0.0525213,-0.0806979
0.00703783,-0.0808461
0.0481677,-0.0809723
-0.103314,-0.0811398
-0.0560087,-0.0813982
0.0537138,-0.081464
0.0089789,-0.0815107
-0.0981169,-0.0816482
0.0130154,-0.0816305
0.0981334,-0.0815278
-0.0556286,-0.0814986
0.0522556,-0.0814231
0.0578639,-0.0813253
0.00413245,-0.0814562
-0.10293,-0.0818102
-0.0978861,-0.0822667
0.0144105,-0.0826261
0.0148455,-0.0829116
0.0989025,-0.0829726
-0.0548669,-0.083114
0.095339,-0.0828852
0.00604404,-0.0826908
0.00622814,-0.0825066
-0.0601341,-0.0822314
0.0915617,-0.0818481
0.0447448,-0.0816519
-0.107138,-0.0816279
-0.119919,-0.0817514
0.011747,-0.0816919
-0.0518719,-0.0816951
-0.0913703,-0.0814695
-0.0431656,-0.0812216
-0.0815826,-0.0809836
-0.0892349,-0.0807137
0.0372305,-0.0805312
0.0784872,-0.0801963
-0.0310972,-0.0798981
0.0340811,-0.0795554
0.0392803,-0.0791505
-0.0744546,-0.0788648
0.0356378,-0.0785569
0.0350717,-0.0782123
-0.0302129,-0.0778999
-0.0709359,-0.0776179
-0.0238812,-0.0773838
-0.0636382,-0.0770583
-0.0168913,-0.0767339
-0.0171339,-0.0763951
-0.0971345,-0.0761536
-0.0486296,-0.0758944
-0.00158198,-0.0757418
0.000545792,-0.0755579
0.0696069,-0.0752713
-0.00213907,-0.074974
-0.000794336,-0.0745752
-0.0439468,-0.0742947
-0.0813488,-0.0741031
-0.0334912,-0.073924
-0.0722492,-0.0737795
0.0179189,-0.0736905
0.0187655,-0.0734305
0.0187404,-0.0731236
0.0185349,-0.0727925
0.124348,-0.072332
0.117965,-0.0719491
0.00477539,-0.0717142
0.0669408,-0.0714722
0.0632314,-0.0712295
-0.00468036,-0.0711267
-0.0054362,-0.0710347
-0.0479315,-0.0711623
-0.00314652,-0.0713193
-0.0450485,-0.0715652
-0.000377227,-0.0718395
4.40113e-05,-0.0719288
-0.0848704,-0.0719105
-0.0376054,-0.0718985
0.00777871,-0.0718314
0.00805852,-0.0717295
0.00786577,-0.0717498
0.071101,-0.0719384
0.00386132,-0.0721444
-0.124089,-0.0725231
-0.0326333,-0.0729182
-0.0716056,-0.073233
0.0177475,-0.0735603
-0.024265,-0.0738695
-0.064936,-0.0742183
-0.0181387,-0.074456
-0.100559,-0.0751447
-0.0516389,-0.0758523
0.0379163,-0.0764463
-0.0895811,-0.0771146
0.000638527,-0.077701
0.00263734,-0.0778665
0.00364013,-0.0778858
0.0467658,-0.0778184
-0.0394946,-0.0777867
-0.0793357,-0.0778298
-0.0313755,-0.077812
-0.0278206,-0.0777851
-0.0248911,-0.0777569
-0.0221286,-0.0777233
-0.0223384,-0.077738
0.0257155,-0.077682
0.0253708,-0.0775579
-0.0599377,-0.0774954
-0.0984372,-0.0775353
0.0780589,-0.077543
0.139478,-0.0774047
0.026169,-0.0772321
0.0239599,-0.0770722
-0.0618897,-0.0770043
0.0686032,-0.0768351
-0.0613191,-0.0767053
-0.0582837,-0.0762554
-0.0639305,-0.0758827
-0.0487345,-0.0755536
-0.0457449,-0.0752089
0.0428809,-0.0747684
-0.0428917,-0.0744368
0.0445649,-0.0740094
0.0432017,-0.0734953
0.0493247,-0.0729363
0.038088,-0.0723439
0.0787798,-0.071768
-0.0527624,-0.0713303
0.0341018,-0.0708859
-0.00959257,-0.070471
-0.0517835,-0.0702426
-0.00646539,-0.0699119
-0.0903259,-0.0696999
-0.0848444,-0.0695376
-0.0366741,-0.0693893
0.0515568,-0.0689507
0.0498273,-0.0682751
0.0471142,-0.0675661
0.0444786,-0.0668205
-0.0429092,-0.066171
0.00148431,-0.0654152
-0.0403164,-0.0648035
0.00436331,-0.0641885
0.00479258,-0.063574
0.00475941,-0.0629672
0.152878,-0.0626169
-0.045899,-0.0622875
-0.00272404,-0.0619897
-0.00227746,-0.0617301
-0.0869224,-0.0616939
-0.0398939,-0.0615438
-0.0366945,-0.0616065
0.0508139,-0.0615722
0.0062509,-0.0615231
-0.036686,-0.0615204
0.0925388,-0.061495
-0.0390375,-0.0615513
-0.0376795,-0.0616504
0.0495228,-0.0616775
0.0474205,-0.0616645
0.0443866,-0.0616318
0.041368,-0.0614869
-0.0462272,-0.0614359
-0.0444137,-0.0614405
-0.0417798,-0.0614889
0.00328465,-0.0614868
0.00358485,-0.061484
-0.0389161,-0.0615417
0.00561942,-0.0615633
-0.0365028,-0.0616256
0.0503182,-0.0614901
-0.0365499,-0.0613643
-0.0349711,-0.0612744
-0.138231,-0.0613499
-0.0242679,-0.0614264
0.0213994,-0.0614846
0.0212318,-0.0615705
-0.0218575,-0.0616472
0.0220391,-0.0616721
-0.0207665,-0.0616567
-0.0221309,-0.0616699
-0.0234555,-0.0616625
-0.0248042,-0.0616706
-0.026152,-0.0616877
-0.0275133,-0.0616919
-0.0288528,-0.0616443
-0.123919,-0.0617676
0.0436519,-0.061776
0.0848521,-0.0616527
0.0382305,-0.0614745
0.0434483,-0.0614202
-0.0083621,-0.0614945
0.0764877,-0.0614947
0.0724484,-0.0614535
-0.0168423,-0.0614717
-0.0167914,-0.0613823
0.0265241,-0.06102
-0.0172254,-0.0607178
0.0679972,-0.060365
0.0219757,-0.0600142
0.0198404,-0.0596605
0.0181633,-0.059554
-0.0257578,-0.0595015
0.0597567,-0.0593962
-0.0283862,-0.0593621
0.0568344,-0.0593695
0.0112817,-0.0591073
-0.0751124,-0.0589878
0.0130855,-0.0588639
-0.0295684,-0.0587631
0.01397,-0.0585344
-0.0290714,-0.0584148
-0.0278649,-0.0583114
-0.0261544,-0.0582228
-0.0245227,-0.0580745
0.0194885,-0.0578993
-0.0236127,-0.0579826
0.0198996,-0.0580269
-0.0231827,-0.0581121
-0.128003,-0.0583249
-0.120693,-0.0585867
0.0359491,-0.0587336
0.0783557,-0.0587051
-0.116176,-0.0588054
-0.00418317,-0.058832
-0.00215148,-0.0586992
-0.0435903,-0.058561
0.0442151,-0.058333
0.000638922,-0.0580788
0.00080507,-0.0578478
0.00133364,-0.0575736
-0.0405492,-0.0575441
0.0469499,-0.0574446
0.0875395,-0.057235
-0.0018824,-0.0571213
-0.0447983,-0.0568977
0.0849203,-0.0563312
0.0385121,-0.0557734
-0.0490928,-0.0553135
-0.0468967,-0.0550311
-0.00146031,-0.0547655
-0.043109,-0.0547502
0.0864651,-0.0545846
-0.00228996,-0.0544381
-0.00295593,-0.0543
-0.00275187,-0.0542527
0.039792,-0.0542064
0.037662,-0.0541417
-0.0496331,-0.0541806
-0.0473858,-0.0542764
0.0403573,-0.0544023
-0.0036946,-0.0544825
-0.00389054,-0.0545797
-0.00364936,-0.0546851
0.0389236,-0.0548223
-0.00550962,-0.0548416
-0.0056725,-0.0549274
-0.00538533,-0.0550316
-0.00510602,-0.0551513
-0.00482192,-0.0553324
-0.0469395,-0.0555166
-0.00191832,-0.055646
-0.0012427,-0.0557576
-0.00102069,-0.0558588
-0.000818712,-0.0559754
-0.000638437,-0.0559571
-0.000470767,-0.0560652
-0.0426818,-0.0562242
0.00215123,-0.0563673
0.002658,-0.0563994
0.0450884,-0.0567643
-0.0419463,-0.0573604
0.0447509,-0.057869
0.127398,-0.0582029
-0.0069399,-0.0586495
-0.00809042,-0.0591093
0.0768365,-0.0592285
-0.0123272,-0.0594082
-0.0128792,-0.0596226
-0.20318,-0.0597751
0.125665,-0.0597727
0.120625,-0.0596908
0.0704201,-0.0595669
-0.0197545,-0.0595282
-0.0200444,-0.059546
-0.0192878,-0.0597675
0.0237849,-0.0598606
-0.0624641,-0.0600389
-0.0173722,-0.0602352
0.0262784,-0.0603733
-0.123532,-0.060774
-0.0535547,-0.0612657
0.0353915,-0.0616559
-0.0504598,-0.0620746
-0.111419,-0.0625711
-0.104491,-0.0630525
-0.0335485,-0.063436
0.0125494,-0.0637312
0.0131962,-0.0639682
0.013272,-0.0642333
0.0132586,-0.064451
0.055395,-0.0644222
0.0529399,-0.0643252
-0.0347591,-0.0642849
-0.0331274,-0.064183
-0.0940416,-0.0640581
0.060006,-0.0639047
0.0582894,-0.063656
0.0126772,-0.0633997
0.0116863,-0.0631442
-0.031271,-0.0632064
0.0128987,-0.0635262
0.012768,-0.0638362
0.0544224,-0.0640698
-0.0967754,-0.0642461
-0.028394,-0.0640487
-0.0256877,-0.0639106
-0.0236437,-0.0637854
-0.127591,-0.0637947
0.0283701,-0.063776
0.02884,-0.0636925
-0.0147101,-0.0638272
-0.0136006,-0.0639619
0.0302248,-0.0640491
0.0293411,-0.0639379
0.0278538,-0.0637873
-0.0159338,-0.0633961
-0.0150725,-0.0630384
0.0285786,-0.0626652
0.0274161,-0.0623066
0.0258873,-0.0620343
0.0242935,-0.0618336
-0.0832292,-0.0617552
0.0693271,-0.0615754
0.0242202,-0.061371
0.0222262,-0.0608327
0.0630867,-0.0603559
-0.0889632,-0.0600324
-0.0215262,-0.0597373
-0.0831544,-0.0595935
-0.0147929,-0.0594334
0.0294123,-0.0595178
-0.0140946,-0.0596074
0.0713285,-0.0595986
-0.0169703,-0.0595581
-0.0801363,-0.0595454
-0.0120554,-0.0592927
0.0320034,-0.0589819
0.0307086,-0.0586278
-0.0134585,-0.058229
-0.0764858,-0.0579314
0.0338957,-0.0576265
-0.0728268,-0.0573868
-0.0687913,-0.0571988
-0.000408203,-0.0571126
0.0432455,-0.0570088
0.0415147,-0.0567814
0.0392049,-0.0565311
0.0369907,-0.0562625
0.0347628,-0.0558663
0.159783,-0.0552179
0.0233344,-0.0546425
0.0200213,-0.0541061
0.0180878,-0.0536059
-0.0897793,-0.0532724
-0.127812,-0.0531949
-0.0144908,-0.0534855
-0.118321,-0.0538773
0.121477,-0.054047
0.0315363,-0.0541129
-0.0136159,-0.0542672
0.0291603,-0.0542583
0.0277344,-0.0542179
0.0258096,-0.0541516
-0.0183758,-0.0541195
0.0669053,-0.0538962
0.063245,-0.0536533
-0.0259197,-0.0534869
0.0590646,-0.0532794
0.0132702,-0.0531113
-0.0945812,-0.0530852
-0.132311,-0.0530982
-0.0186079,-0.0530932
-0.0162185,-0.0530612
0.154691,-0.0527958
-0.0230534,-0.0526386
0.018887,-0.0525319
0.102606,-0.0523289
0.0118794,-0.0521754
0.00975645,-0.0520674
0.00857881,-0.051976
0.0498064,-0.0519185
0.0542354,-0.0518311
-0.0452312,-0.0518279
0.0430628,-0.0517808
-0.00137261,-0.0519428
-0.00241171,-0.0522019
0.0394063,-0.052429
0.0425079,-0.0526275
0.0328913,-0.0528016
0.0303714,-0.0529715
-0.0148037,-0.0533514
-0.121081,-0.0539032
-0.0515918,-0.0544894
-0.111727,-0.0551648
0.000729531,-0.0557656
0.00186752,-0.0562381
0.00233349,-0.0566557
-0.109604,-0.0571543
0.00834874,-0.0575642
0.00863271,-0.0580816
0.0931111,-0.0581998
0.00358901,-0.058355
0.0871745,-0.058423
-0.0446445,-0.0585792
-0.000872196,-0.0585574
-0.000523448,-0.0585012
-0.0428917,-0.0584982
0.00169156,-0.0584848
-0.103902,-0.0586144
0.00779392,-0.0588473
-0.0337368,-0.0593103
0.0107126,-0.0597074
0.0532367,-0.0599907
0.00821889,-0.0602459
0.00741567,-0.0605307
0.00707223,-0.0606141
0.00671336,-0.0606858
0.00758666,-0.0607621
-0.036799,-0.0608836
0.00792731,-0.0610424
-0.0978882,-0.0614479
-0.0290099,-0.0618496
0.016247,-0.0621917
0.0161199,-0.0624822
-0.0268888,-0.0627702
0.0595481,-0.0627724
-0.133619,-0.062944
0.063817,-0.0629999
-0.0225801,-0.0630797
-0.0215715,-0.0631279
0.107212,-0.0632915
0.0597124,-0.0634099
-0.0927006,-0.0636725
-0.0247515,-0.0639479
0.0200265,-0.0642755
0.0617881,-0.0642636
-0.0263173,-0.0643077
-0.0254787,-0.0644008
0.0186062,-0.0644806
-0.0244049,-0.0647635
0.0192061,-0.0648564
0.0185512,-0.0649038
-0.0249173,-0.0649768
-0.0237314,-0.0650608
-0.0856257,-0.0650808
0.0253718,-0.0652586
0.067492,-0.0653369
0.0638981,-0.0653492
-0.130823,-0.0655556
-0.0819798,-0.0657547
-0.0123582,-0.066141
-0.0103885,-0.0664975
0.0332079,-0.0667689
-0.0739352,-0.0671026
-0.0696531,-0.0674694
0.0413268,-0.0677594
0.0405058,-0.0679798
-0.00381859,-0.068202
-0.0035113,-0.0684173
-0.0663763,-0.0687452
0.0013004,-0.0692307
0.00248264,-0.0696838
0.0452254,-0.0700604
-0.0625892,-0.0705145
0.00436005,-0.0708562
0.13239,-0.0710681
-0.107373,-0.0714328
0.00320187,-0.071781
0.0891901,-0.0720263
0.0422796,-0.0722024
0.0814162,-0.0722817
-0.156349,-0.0725937
-0.174307,-0.0730852
0.012781,-0.0734942
0.0539244,-0.0737008
0.00914103,-0.0738447
0.0509056,-0.0739261
0.057181,-0.0739528
0.0864605,-0.0738926
0.0399196,-0.073963
0.0789829,-0.0739793
0.0315835,-0.0740174
0.0708239,-0.0740314
0.0772924,-0.0740084
-0.0247899,-0.074066
-0.0882178,-0.0742924
0.0219075,-0.0744908
0.0209484,-0.0746894
-0.0869952,-0.0750191
-0.0194634,-0.075225
0.0244277,-0.0752857
0.0230283,-0.0753063
-0.0211473,-0.0753585
0.0642211,-0.0753336
0.0181595,-0.0752767
-0.0262573,-0.0752737
-0.0254752,-0.0753207
0.0181368,-0.0753448
0.0170703,-0.0753499
0.0580125,-0.0751929
-0.0304241,-0.0751417
-0.0347706,-0.0751366
0.0569202,-0.0750544
-0.0948975,-0.07511
0.0153155,-0.0752733
0.0152457,-0.0752835
0.0165922,-0.075263
0.0133185,-0.0752246
-0.0310013,-0.0752247
0.0130929,-0.0752503
0.0124794,-0.0752317
-0.0308663,-0.0752722
-0.0295026,-0.0753741
0.0146677,-0.0754606
0.0564172,-0.0754562
-0.0315497,-0.075484
0.0541338,-0.0754303
-0.033414,-0.0754265
-0.0323158,-0.0754493
0.0119648,-0.0755559
0.0115389,-0.0756465
0.0531176,-0.0756652
0.00756809,-0.0756817
0.00638987,-0.0757064
0.00568208,-0.0757453
-0.037358,-0.075935
-0.0356093,-0.0761612
0.0512247,-0.0763088
0.00634441,-0.0764587
0.00532743,-0.0764673
-0.101034,-0.0766196
-0.0322963,-0.0767831
0.0552305,-0.0768566
0.010369,-0.0769001
0.00929354,-0.0770132
0.00868442,-0.077151
-0.034275,-0.077328
0.00983877,-0.0774735
-0.0327116,-0.0776461
-0.0309955,-0.0779139
0.0134885,-0.0783033
-0.0927366,-0.0787769
0.0183387,-0.0791686
0.01865,-0.0795034
0.0601548,-0.0796832
0.0146078,-0.0798463
0.0132999,-0.0799989
-0.135778,-0.0803242
0.0198027,-0.0806184
-0.0220266,-0.0808911
-0.0206448,-0.081372
0.0234105,-0.0818102
0.022732,-0.0822214
-0.0207998,-0.0826531
0.0227247,-0.0831209
-0.0839015,-0.0835156
-0.0157827,-0.0838933
0.0286978,-0.084187
-0.0781873,-0.0845108
0.0744491,-0.0848324
0.0292983,-0.0849987
0.0273638,-0.0851318
0.110339,-0.085156
0.0195583,-0.0851656
0.0172296,-0.0850266
0.015827,-0.0849127
-0.0913131,-0.0849532
0.0189942,-0.0849727
-0.0236324,-0.0849108
0.0621863,-0.0847773
-0.131594,-0.0848717
0.0229811,-0.0849237
0.0231306,-0.0849349
-0.0206181,-0.0849584
0.0227143,-0.0850892
-0.0205815,-0.0850329
-0.0196351,-0.0849865
0.0241098,-0.0848936
0.0230828,-0.0848757
0.064033,-0.0848563
0.0179026,-0.0848412
-0.0262662,-0.0848878
-0.0251771,-0.0849902
-0.0237504,-0.0849975
0.0200865,-0.0850392
-0.0231781,-0.0851253
0.0202168,-0.0851874
-0.0230047,-0.0852865
0.020463,-0.0854729
-0.0228127,-0.0856777
0.0205123,-0.0858429
0.0620147,-0.0859199
-0.0264014,-0.0860339
-0.0256542,-0.0861688
0.0181941,-0.0862517
0.0174015,-0.086503
0.0161843,-0.0867319
-0.0274011,-0.0870075
0.0161539,-0.0872323
-0.0269435,-0.087341
-0.025716,-0.0874568
-0.0241385,-0.0876016
0.0198242,-0.0877218
0.0190915,-0.087904
0.0178977,-0.0882151
0.016732,-0.0885291
0.0155546,-0.0888211
0.0144304,-0.0890774
-0.0290445,-0.0892925
0.0146136,-0.0894747
0.0985688,-0.0894776
0.00826444,-0.0895026
-0.0358927,-0.0896092
-0.0344925,-0.0897757
0.0521605,-0.0898387
0.00710918,-0.0897699
-0.0364503,-0.0897751
0.00751303,-0.0897846
0.00722353,-0.0896087
-0.0358219,-0.0895062
-0.0341522,-0.0895596
-0.0320794,-0.089625
0.0123845,-0.0896181
0.0121254,-0.0895896
0.0961023,-0.0893109
0.00603118,-0.0890357
0.0468334,-0.0886966
-0.0407419,-0.0884373
0.00301495,-0.0880952
-0.039463,-0.0878299
-0.100965,-0.0874674
0.0106307,-0.087084
-0.0311816,-0.0867418
-0.0930716,-0.0865134
0.0185647,-0.0861747
0.0612773,-0.0857216
-0.0265251,-0.0853303
0.0169679,-0.0849198
0.0588855,-0.0844862
0.0133827,-0.0841029
0.0121184,-0.0837821
0.0113278,-0.0834361
0.0105232,-0.0830695
-0.0326094,-0.0828152
-0.031022,-0.0827764
-0.0290427,-0.0827664
0.0152948,-0.0827396
0.0149121,-0.0827206
0.0140757,-0.0826116
0.0132464,-0.0825478
-0.0299398,-0.0825641
0.0138908,-0.0825627
0.0134724,-0.0825521
-0.0934014,-0.0826458
0.0176038,-0.0827477
0.10238,-0.0826043
0.0121799,-0.0824306
0.0132713,-0.0822389
0.0937086,-0.0821708
-0.10197,-0.0822766
0.05061,-0.0824467
0.0486791,-0.0825765
0.00288369,-0.0827443
-0.0405023,-0.0829119
-0.0387001,-0.0832171
0.00590911,-0.0834585
-0.0365089,-0.0837475
0.0923458,-0.0839076
-0.0394884,-0.0840284
0.00391482,-0.0840733
-0.0384229,-0.0841464
0.00583559,-0.0841587
-0.036426,-0.0841605
0.0077415,-0.0841132
0.0500298,-0.0840091
-0.037409,-0.0841052
-0.0359622,-0.0842709
0.0511353,-0.0843897
-0.0359991,-0.0845877
0.00782207,-0.084687
-0.0345531,-0.0846466
0.00966203,-0.0846123
0.0519038,-0.0844985
-0.0356692,-0.084486
-0.0341611,-0.0844502
-0.0319653,-0.0844746
0.0126302,-0.0844146
-0.0933951,-0.0844438
-0.0246671,-0.0845247
0.0204247,-0.0844792
-0.0857818,-0.0845672
-0.0809097,-0.0847381
-0.0114597,-0.0849004
-0.0728127,-0.0850429
0.0380755,-0.0848936
-0.00458047,-0.0848686
-0.00380865,-0.0848085
0.0820929,-0.0845849
0.120925,-0.0840831
-0.0766452,-0.0838035
0.0323237,-0.0832518
-0.0743639,-0.08277
-0.00674519,-0.0822696
0.0371261,-0.0816935
-0.0703345,-0.0812233
0.0394356,-0.0807765
-0.00398109,-0.080384
-0.0673032,-0.0801303
0.0427247,-0.079836
0.0415592,-0.0795249
0.039106,-0.079218
0.0792211,-0.0788205
0.0322554,-0.0784005
0.0296127,-0.0780876
0.0273928,-0.0777431
0.025298,-0.0773937
-0.0191005,-0.0771067
0.0660436,-0.0767846
-0.0225422,-0.0766459
0.0198825,-0.0765349
0.0185374,-0.076289
0.0168549,-0.0760974
-0.0270954,-0.0759985
-0.0263545,-0.0759249
0.0172836,-0.0758105
-0.0261334,-0.0758975
-0.0251787,-0.0759464
0.0185243,-0.0758903
-0.0248131,-0.0757611
-0.0238439,-0.0755551
0.0199331,-0.0752861
0.061373,-0.0749665
0.0153655,-0.0747006
0.0560548,-0.0744218
0.010112,-0.0742213
0.13561,-0.0738897
0.0428804,-0.0735929
0.0808089,-0.073265
0.0749299,-0.0728991
-0.0157953,-0.0726943
0.0254093,-0.0724968
-0.0618447,-0.0724005
-0.0174349,-0.0723085
-0.016917,-0.0722025
0.0256745,-0.0721441
0.0236658,-0.0722538
-0.0633133,-0.072487
-0.0186094,-0.0727906
-0.0175869,-0.0731862
0.0678246,-0.073486
-0.0632086,-0.0738482
0.0236895,-0.0741257
-0.0621157,-0.0744097
-0.123016,-0.0747251
-0.00987375,-0.0749964
-0.00801887,-0.075126
-0.00728557,-0.0751944
-0.112596,-0.0753806
0.0846027,-0.0754964
0.0815291,-0.0754575
0.0341811,-0.0753852
0.0740027,-0.0753174
0.0270643,-0.0752815
-0.0601425,-0.075308
-0.0151029,-0.0753338
-0.056314,-0.0751336
-0.0107935,-0.0748616
0.0327158,-0.0744789
-0.0536554,-0.0741181
-0.0510492,-0.0737432
-0.00518525,-0.0735279
-0.152407,-0.073517
0.0892662,-0.0733887
0.044269,-0.0733285
0.0413298,-0.0733554
-0.045747,-0.0734521
0.0412344,-0.0735015
-0.00270542,-0.0735329
0.0395095,-0.0733985
-0.00483966,-0.0732267
-0.00493698,-0.0730651
-0.0470259,-0.0729234
-0.001961,-0.0727513
-0.0436497,-0.0726707
0.0436508,-0.072604
0.0844211,-0.0725502
0.0370478,-0.0725378
0.0341434,-0.0725382
-0.0530794,-0.0726092
-0.00840789,-0.0726834
-0.0499294,-0.0726886
-0.00488331,-0.072631
-0.109952,-0.0726348
0.00205763,-0.0725729
0.0456499,-0.0723876
0.00118416,-0.072238
0.000908182,-0.0721654
-0.0413534,-0.0722247
0.0458168,-0.072301
0.0440154,-0.0722807
-0.00105466,-0.0722399
-0.00140682,-0.072213
-0.0015586,-0.0721613
0.0418975,-0.0719056
-0.0458422,-0.0717498
-0.0438958,-0.0716387
-0.0409629,-0.0715012
0.0041876,-0.0713061
-0.101305,-0.0712602
-0.0319942,-0.0711773
0.0559382,-0.0709806
-0.0308807,-0.0708597
0.0130728,-0.0707504
0.0131569,-0.0706945
0.0973338,-0.070479
0.00758897,-0.0702094
0.0910132,-0.0698051
-0.104736,-0.069534
0.00588626,-0.0692102
0.0913482,-0.0690286
0.101451,-0.0686034
0.0390855,-0.068207
-0.157765,-0.0681119
-0.000572574,-0.0680528
-0.0415414,-0.0681074
0.0878255,-0.0680673
-0.00136269,-0.0680749
-0.00232625,-0.0681054
-0.0447724,-0.0681905
-0.000107079,-0.0682478
-0.0420457,-0.0681951
0.00254618,-0.0680607
0.0452415,-0.0678173
0.000455921,-0.0675611
-4.81469e-05,-0.067288
0.0422345,-0.0670629
-0.00249249,-0.0669349
-0.00293872,-0.0668743
0.0394213,-0.0668352
-0.0052102,-0.0668061
0.036801,-0.0666238
-0.0077742,-0.0664335
0.0343164,-0.0661386
-0.0525109,-0.0658463
-0.00793302,-0.0655358
-0.00722144,-0.0654124
0.0354123,-0.0652638
-0.00894258,-0.0651978
-0.114799,-0.0653472
0.0819942,-0.0652452
0.0362545,-0.0650783
0.0334419,-0.0649312
0.0310734,-0.0647958
-0.0136239,-0.0647317
-0.0134887,-0.0646777
-0.0155352,-0.0645721
-0.0122461,-0.0643953
-0.117649,-0.0642972
-0.00523106,-0.0640818
-0.00363331,-0.0638678
0.0391844,-0.0637143
-0.00504663,-0.0636614
-0.00502741,-0.0636944
-0.00460138,-0.0638416
0.0381751,-0.0639361
-0.1121,-0.0640569
-0.000315299,-0.0641127
0.00108468,-0.064064
0.00136472,-0.0638809
0.043978,-0.0636822
0.041749,-0.0634354
0.0815656,-0.0630985
-0.0503661,-0.0628935
-0.0486672,-0.0627574
-0.00318362,-0.0624281
-0.00249173,-0.0623695
0.124826,-0.062181
-0.00902047,-0.0620439
-0.0523119,-0.0619764
0.0350852,-0.0618235
-0.0511575,-0.0618288
-0.00652647,-0.0617822
-0.0480392,-0.0617482
-0.0453846,-0.0619239
0.042428,-0.0620141
0.0408151,-0.0620834
-0.0040639,-0.0622164
-0.00421937,-0.0623991
0.123197,-0.0624372
0.0317483,-0.0624738
0.0707539,-0.0624444
-0.0608511,-0.0625395
0.0259063,-0.062592
-0.0601868,-0.0626892
0.0272106,-0.0627597
0.0260267,-0.0628601
0.0663553,-0.0628883
-0.128618,-0.0631501
-0.0167336,-0.063468
-0.120705,-0.0640689
-0.0504583,-0.0647686
0.0384906,-0.0653875
0.0371848,-0.0659418
-0.00722697,-0.0664798
0.0353499,-0.0668469
-0.0511124,-0.0671961
0.0784639,-0.0673475
-0.00981278,-0.0674439
-0.0100455,-0.0676084
-0.0518309,-0.0677922
-0.0487793,-0.0681977
-0.0537302,-0.0686676
0.0433038,-0.0690825
-0.0433705,-0.0696327
0.00131311,-0.0701582
0.00206506,-0.0705236
0.0446912,-0.0707825
0.0426164,-0.070944
-0.00231648,-0.071072
-0.00251753,-0.0711666
-0.00228834,-0.0713694
-0.00240073,-0.0715568
-0.00183696,-0.0717651
-0.00164117,-0.0719905
-0.0438267,-0.072388
0.0434317,-0.0727605
-0.043049,-0.0732654
0.043663,-0.0737663
-0.000492325,-0.0743109
-0.00081717,-0.0747569
-0.000719052,-0.0750212
0.0417281,-0.0751595
0.0394921,-0.0751948
0.0368957,-0.0751554
-0.00808078,-0.0752863
-0.00829243,-0.0754556
-0.00802567,-0.0756641
-0.00774244,-0.0758981
0.0349184,-0.0760957
-0.0518847,-0.0763527
-0.00713476,-0.0765806
-0.112435,-0.0769612
-0.000180885,-0.0772729
-0.041201,-0.0774648
0.00372006,-0.0776741
0.00488335,-0.0779756
0.00474213,-0.0782266
-0.0379434,-0.0785256
0.00675979,-0.0788295
0.0495637,-0.0790358
0.0470128,-0.0792641
0.0441969,-0.0794896
-0.0433474,-0.0798259
0.0856938,-0.0800732
0.0389202,-0.080302
-0.0489274,-0.080564
-0.0469369,-0.0808353
-0.0441397,-0.0810919
0.00110709,-0.0812817
0.00157205,-0.0814056
0.00158381,-0.0814993
0.0863644,-0.081523
0.0958198,-0.081508
0.0346358,-0.0816404
0.0728227,-0.08177
0.0253126,-0.0818173
-0.125644,-0.0820939
-0.0139366,-0.0823628
-0.0123672,-0.0825791
-0.0118734,-0.0827233
0.030991,-0.0830306
-0.0130627,-0.0833067
-0.0128975,-0.0835906
-0.0122865,-0.0839212
0.0730327,-0.0841724
0.0266985,-0.0841891
0.028999,-0.084233
-0.0665233,-0.0844015
-0.017511,-0.0846467
-0.0162815,-0.0848674
-0.0154035,-0.0849198
0.0278255,-0.0848697
0.0307596,-0.0847021
-0.018355,-0.0844951
-0.059816,-0.0848052
-0.0141631,-0.0852143
-0.0127708,-0.0856529
-0.0140119,-0.0861302
0.0322221,-0.0866694
-0.0124165,-0.0871281
-0.0542971,-0.0877043
-0.00879169,-0.0882864
-0.00756793,-0.0888451
-0.00790407,-0.0893555
-0.00640281,-0.0898374
0.0369882,-0.0902948
0.0415364,-0.0906182
-0.0545937,-0.0909872
-0.00573829,-0.0913694
-0.0483137,-0.0917552
0.124024,-0.0921034
0.0333165,-0.092485
0.0302106,-0.0928923
-0.0566288,-0.0934286
0.0306692,-0.0939665
-0.0129368,-0.0944704
-0.0126367,-0.0949327
-0.054308,-0.0953784
-0.0513204,-0.0958167
0.0368982,-0.0960772
-0.00677934,-0.096552
-0.00727529,-0.0970531
0.0785535,-0.0974946
0.0322579,-0.097998
0.0296147,-0.0983796
-0.0148307,-0.0988273
0.0277936,-0.0992682
0.0304346,-0.0996652
-0.0183981,-0.100003
0.0243975,-0.100215
-0.125284,-0.100332
-0.139777,-0.10053
0.0403387,-0.100605
-0.0476817,-0.100749
-0.00235231,-0.100911
0.0410706,-0.10088
0.123863,-0.100739
-0.0100162,-0.100697
-0.0107299,-0.100695
0.0323001,-0.100644
-0.0541055,-0.100567
-0.0092724,-0.100436
-0.00822209,-0.100218
-0.00762888,-0.0999694
0.0775833,-0.0994398
0.0312211,-0.0989662
0.0286887,-0.0985285
-0.0581444,-0.0982575
-0.0131524,-0.0981321
0.0303598,-0.0979799
-0.0559607,-0.0979911
-0.0109763,-0.0980361
-0.0521497,-0.0981415
-0.0577958,-0.0982167
-0.00259835,-0.0983836
-0.0020349,-0.0985042
-0.0438614,-0.0985787
0.00125021,-0.0985659
0.00206084,-0.098491
0.0447912,-0.0983301
-0.105473,-0.0981398
0.0483129,-0.0979306
0.00483046,-0.0977623
0.0469264,-0.0975767
0.00222753,-0.0973762
0.0442002,-0.0970792
0.0419304,-0.0967114
-0.00312025,-0.096319
-0.00344063,-0.0959122
-0.109276,-0.0955825
-0.103197,-0.0952329
-0.0964047,-0.0949726
0.0163656,-0.0946679
-0.0251467,-0.0943917
0.0191907,-0.0942139
0.103925,-0.0940531
-0.0284047,-0.0939685
0.0148703,-0.0938716
0.0570574,-0.0936325
0.0117637,-0.0935069
0.0106986,-0.0933283
-0.0958006,-0.09321
0.0576934,-0.0929564
0.0558187,-0.0927041
0.00989857,-0.0924059
0.0934989,-0.0920615
-0.0388461,-0.0918912
0.00443752,-0.0918108
-0.0380037,-0.0917857
0.00617056,-0.0918635
0.00609683,-0.0917732
0.00560619,-0.0916479
0.00512347,-0.0914592
0.0046684,-0.0912194
0.00422972,-0.090857
0.0462059,-0.090689
-0.104703,-0.0906689
-0.0362154,-0.0907111
0.0515392,-0.0907102
0.00683738,-0.0908232
0.0059702,-0.0908974
0.00556346,-0.0910127
0.00516387,-0.0911535
0.00477885,-0.0912572
0.0466955,-0.0911036
0.00170285,-0.0910419
0.000958986,-0.0909368
0.0430904,-0.0907247
-0.0442258,-0.0905371
-0.0425619,-0.0904564
0.0871338,-0.0903705
0.0965794,-0.0902511
0.0801293,-0.0901494
-0.0142618,-0.0901982
0.0278484,-0.0902496
-0.0166164,-0.0903222
0.025666,-0.0903744
-0.0185792,-0.0904354
-0.0184954,-0.0904698
-0.0603424,-0.0904767
-0.0148977,-0.0904161
-0.0138365,-0.0903292
-0.0131653,-0.0902457
0.0298899,-0.0901333
-0.0564574,-0.0901463
0.030842,-0.0899063
-0.0127077,-0.0897554
-0.0548061,-0.0897162
-0.00935162,-0.0896855
-0.0506148,-0.0898467
-0.0475903,-0.0897778
-0.0442518,-0.0896335
0.00139557,-0.0893535
-0.103666,-0.08905
0.00843531,-0.0888098
0.0945092,-0.0884058
0.00514915,-0.0880325
0.00439163,-0.0877183
0.131611,-0.0873442
0.082253,-0.0867665
0.0340066,-0.0860458
-0.0113191,-0.0854224
-0.159731,-0.0850156
-0.0454015,-0.0846067
-0.104641,-0.0842168
-0.0347815,-0.0839574
0.0533774,-0.0835253
0.0514916,-0.0830171
-0.0361434,-0.0826
-0.0979428,-0.0824954
0.0140494,-0.082405
0.099609,-0.0822668
0.00979845,-0.0822196
0.093349,-0.0820288
0.0458857,-0.0817937
5.10449e-05,-0.082081
0.0840194,-0.0821919
0.0792277,-0.0821982
0.0312707,-0.0822198
0.0281236,-0.0823767
0.110162,-0.0825207
0.166603,-0.0825803
0.0918304,-0.0826521
0.0413243,-0.0828091
0.142217,-0.0829839
0.15424,-0.0828351
-0.02838,-0.0828684
0.0125002,-0.0829746
0.0098436,-0.0831413
0.112931,-0.0832777
0.0409745,-0.0835722
0.0353483,-0.0839262
0.0307162,-0.0843045
0.0899464,-0.0846065
-0.0235062,-0.0848668
0.0168884,-0.0848924
-0.0283525,-0.084946
0.0767221,-0.0849058
0.113232,-0.0847437
0.0618217,-0.0844637
-0.00844714,-0.0842996
0.0525342,-0.0841437
0.0539924,-0.0839882
0.0554663,-0.0838153
0.05691,-0.0837113
0.0583642,-0.0835304
0.0598185,-0.0833097
0.0612877,-0.0830448
-0.10941,-0.0829514
0.0562383,-0.0827814
-0.0536838,-0.0825755
-0.0958985,-0.0824688
-0.0917592,-0.0824355
-0.0451004,-0.0823874
-0.212313,-0.0825191
-0.074141,-0.0826596
-0.0681523,-0.0828235
-0.148445,-0.0830996
-0.0971102,-0.0833834
-0.0473459,-0.0835967
-0.0428322,-0.0838706
-0.0813554,-0.0841561
-0.0330063,-0.0843923
-0.113917,-0.0846937
-0.105866,-0.0849291
-0.0973922,-0.085164
-0.00449598,-0.0852723
-0.0436371,-0.0853317
-0.123894,-0.0854506
-0.114743,-0.0857314
-0.104944,-0.0860269
0.0739055,-0.0860928
-0.0536542,-0.0861465
-0.0067022,-0.0861353
0.081227,-0.0859403
-0.153904,-0.0860847
-0.0383864,-0.0862322
0.0520923,-0.0862612
0.00952233,-0.0862648
-0.0318844,-0.0862739
0.0139238,-0.0864194
0.0153408,-0.0865275
0.0583662,-0.0865487
0.0991334,-0.0864576
0.0518717,-0.0863668
0.006701,-0.0863197
0.00874648,-0.0863085
0.052285,-0.0862628
0.0469066,-0.0861764
-0.0404267,-0.0862942
0.0462391,-0.086249
0.00208791,-0.0862291
0.00265094,-0.0862215
-0.0410136,-0.0863858
-0.0382459,-0.0865493
0.00687259,-0.0867918
0.0918462,-0.0869037
0.087123,-0.0869216
0.0391861,-0.0869322
-0.00640858,-0.0866889
-0.0490408,-0.0865474
-0.0466619,-0.0864686
-0.0437931,-0.0864379
-0.0834919,-0.0864994
0.0487948,-0.086715
0.153245,-0.0866672
-0.0459894,-0.0867181
-0.0452024,-0.0868416
0.0423376,-0.0869541
-0.0866463,-0.0873106
-0.0399358,-0.0876479
-0.14283,-0.0881465
-0.134034,-0.088747
-0.0188766,-0.089135
0.0268464,-0.0895265
0.0318722,-0.0898324
0.067617,-0.0900113
0.022562,-0.0901677
0.0212483,-0.0904745
-0.064479,-0.0908355
0.0663028,-0.0909214
-0.0208285,-0.0910359
-0.0623509,-0.0912101
0.0687903,-0.0913791
0.0236471,-0.0914633
0.0220221,-0.0914239
0.0247928,-0.0913799
0.0618027,-0.0912881
0.0581901,-0.0911557
-0.0304349,-0.0909672
0.0550751,-0.0906685
0.00979047,-0.0903967
0.00836696,-0.0901535
-0.0349331,-0.0899682
-0.033465,-0.0897414
-0.0315806,-0.0895511
-0.0352532,-0.0893886
0.0575878,-0.0891489
0.0120031,-0.08895
0.010708,-0.0887303
0.00984888,-0.0884933
-0.0333092,-0.0882861
-0.0317549,-0.0880909
0.0550013,-0.0877546
-0.0324588,-0.0874702
0.0956807,-0.0870722
-0.0363481,-0.0867543
-0.0410278,-0.0864936
0.0513763,-0.086152
-0.035877,-0.0858026
0.00777316,-0.0853138
0.0499693,-0.0847652
-0.0376766,-0.0842714
-0.0363895,-0.0838848
-0.0765212,-0.0835437
0.0551069,-0.0831385
-0.031718,-0.0827805
0.0119108,-0.0824024
-0.0729763,-0.0821193
-0.0267259,-0.0816485
0.0604001,-0.081236
-0.0269417,-0.0808603
-0.0258798,-0.0805036
-0.129825,-0.0802718
0.0683745,-0.0799872
-0.0181169,-0.0796645
-0.0173041,-0.0793575
-0.0182819,-0.0790623
0.0283205,-0.0786922
-0.0149232,-0.0783139
-0.0563026,-0.0780309
0.0321068,-0.0776911
-0.0109214,-0.0773662
0.0322091,-0.0769853
0.0733456,-0.0765163
-0.057758,-0.0761952
0.114202,-0.0757529
0.0241224,-0.0753261
0.0216557,-0.0749294
-0.0223224,-0.0746401
-0.0214634,-0.074329
0.10682,-0.0739236
0.16461,-0.0733792
0.0483283,-0.072858
0.0432065,-0.0723791
0.0817676,-0.0719033
0.0758105,-0.0714165
0.027268,-0.0709742
-0.0187072,-0.0706011
0.0653417,-0.0701858
0.0606182,-0.0697157
-0.0295192,-0.0693418
-0.0298955,-0.0690427
-0.0294236,-0.0688236
0.013635,-0.0685978
0.0545097,-0.0683288
0.0079531,-0.0680769
-0.0787096,-0.0679205
-0.0333697,-0.0678269
-0.07403,-0.0676741
0.0567851,-0.0674511
-0.0730404,-0.0672948
0.0569778,-0.0670545
-0.0305407,-0.0668709
0.0548759,-0.0667416
-0.075228,-0.0666514
0.0549957,-0.0664942
-0.0747147,-0.0664113
-0.11372,-0.0664136
-0.0222594,-0.0658406
-0.210116,-0.0653404
-0.232553,-0.0648888
-0.225036,-0.0644173
-0.252126,-0.063851
-0.233844,-0.0630804
-0.258436,-0.0621531
-0.38635,-0.0612033
-0.401373,-0.0602505
-0.519198,-0.059393
-0.566126,-0.0586231
-0.627705,-0.057879
-0.665315,-0.0572499
-0.759485,-0.0568014
-0.701508,-0.0564481
-0.81113,-0.0563065
-0.85111,-0.0563842
-0.822961,-0.0565783
-0.709665,-0.0567378
-0.833171,-0.0569977
-0.844786,-0.0572708
-0.810764,-0.0575233
-0.840809,-0.0578601
-0.803618,-0.0582079
-0.810606,-0.0585642
-0.81594,-0.0589097
-0.841434,-0.0593171
-0.84225,-0.0597413
-0.864111,-0.0601836
-1.01067,-0.0607602
-0.724167,-0.0611421
-0.87374,-0.0614046
-0.869933,-0.0616369
-0.884872,-0.0618571
-0.792734,-0.0619539
-0.788756,-0.0618807
-0.785796,-0.061536
-0.69786,-0.0610331
-0.720274,-0.0604167
-0.82676,-0.0598027
-0.821184,-0.0590647
-0.814527,-0.058288
-0.828739,-0.0574705
-0.820475,-0.056614
-0.8771,-0.0557666
-0.907991,-0.0549812
-0.809253,-0.0541801
-0.905262,-0.0533889
-0.912434,-0.0526193
-0.981185,-0.0519322
-1.02463,-0.0512567
-1.05276,-0.0506432
-0.951865,-0.0500118
-0.972735,-0.0493856
-1.01335,-0.0488137
-1.02912,-0.0483375
-0.874206,-0.0479123
-1.00213,-0.047544
-0.997396,-0.0472357
-1.09678,-0.0470633
-0.936448,-0.0468843
-1.05826,-0.0465247
-1.09038,-0.0462561
-1.01257,-0.045985
-1.08673,-0.0457631
-0.966395,-0.0454048
-1.08446,-0.0451525
-1.04849,-0.044909
-1.0766,-0.0446755
-1.14548,-0.0444843
-1.18869,-0.044207
-1.16426,-0.0436061
-1.16169,-0.042961
-1.22224,-0.0423048
-1.42781,-0.0417863
-1.4074,-0.0412575
-1.40711,-0.0406379
-1.53282,-0.0400677
-1.56604,-0.0395312
-1.59404,-0.039014
-1.59814,-0.0384412
-1.76919,-0.03786
-1.86672,-0.0374115
-1.91148,-0.0370858
-1.9949,-0.0369204
-1.87964,-0.0366978
-1.94204,-0.036616
-2.0533,-0.0367144
-2.03781,-0.0369653
-2.05978,-0.0373538
-1.97266,-0.0380213
-1.86588,-0.0388008
-1.89261,-0.0396496
-1.9174,-0.0406042
-1.74901,-0.0415082
-1.67273,-0.0425028
-1.70764,-0.0436442
-1.50826,-0.0446615
-1.59433,-0.0456559
-1.55068,-0.0465888
-1.55091,-0.047569
-1.40349,-0.0484116
-1.3697,-0.0491245
-1.3194,-0.0496861
-1.14388,-0.0499848
-1.21452,-0.0501326
-1.24109,-0.0501054
-1.22366,-0.0499915
-1.18663,-0.0497744
-1.1314,-0.0494279
-1.1014,-0.048794
-1.18156,-0.0480396
-1.17313,-0.0472358
-1.14401,-0.0463563
-1.09591,-0.0453773
-1.26402,-0.0443861
-1.10613,-0.0431347
-1.18871,-0.0418732
-1.18405,-0.0405912
-1.2222,-0.0393284
-1.1526,-0.0379932
-1.2775,-0.036702
-1.26957,-0.0354779
-1.34584,-0.0343661
-1.3546,-0.0333551
-1.29851,-0.032449
-1.37242,-0.031678
-1.44262,-0.0310513
-1.40251,-0.0305209
-1.34226,-0.0300111
-1.49756,-0.0295639
-1.47455,-0.0290279
-1.49395,-0.0285204
-1.59661,-0.0281036
-1.50253,-0.0276556
-1.66554,-0.0272271
-1.65136,-0.0266514
-1.69827,-0.0260771
-1.84895,-0.0255818
-1.77688,-0.0250719
-1.81316,-0.0245509
-1.99457,-0.0240956
-1.91269,-0.0236695
-1.93372,-0.0232667
-2.06272,-0.0229623
-2.03284,-0.0227491
-2.08762,-0.0226851
-2.09474,-0.0227393
-1.95204,-0.0227931
-1.96409,-0.0230135
-2.01814,-0.023303
-1.98225,-0.0236919
-1.90589,-0.0241101
-1.81156,-0.0244985
-1.70135,-0.0248865
-1.76727,-0.0252908
-1.68246,-0.0258423
-1.66509,-0.0263593
-1.69195,-0.026878
-1.63312,-0.0274619
-1.51363,-0.0279122
-1.55003,-0.0282467
-1.45875,-0.0284681
-1.35218,-0.02852
-1.35825,-0.0284774
-1.36621,-0.0283273
-1.35338,-0.0279911
-1.36384,-0.0275772
-1.4164,-0.0271393
-1.27628,-0.0265448
-1.33446,-0.0258594
-1.35023,-0.0250547
-1.36453,-0.0242067
-1.27282,-0.0232568
-1.29234,-0.0223139
-1.27081,-0.0213115
-1.37751,-0.0202419
-1.43706,-0.0192345
-1.34437,-0.0182043
-1.51086,-0.0171788
-1.45759,-0.0161206
-1.55387,-0.0150854
-1.5608,-0.0140638
-1.60837,-0.0130477
-1.75933,-0.0121174
-1.83722,-0.0110108
-1.90916,-0.00971942
-1.97444,-0.00844123
-2.0777,-0.0072094
-2.08857,-0.00578826
-2.24478,-0.00437621
-2.28282,-0.0029846
-2.46594,-0.00172631
-2.53026,-0.000598871
-2.65141,0.00026497
-2.69645,0.000805815
-2.71643,0.00117883
-2.75276,0.00137537
-2.70036,0.00145167
-2.68849,0.00115636
-2.71956,0.000656966
-2.61864,-0.000362998
-2.52199,-0.00149636
-2.38622,-0.00268946
-2.34329,-0.00392502
-2.19682,-0.00544237
-2.03703,-0.00721034
-2.01465,-0.00901936
-1.84671,-0.0108023
-1.60383,-0.0126817
-1.56705,-0.0142395
-1.39011,-0.015685
-1.37077,-0.0169517
-1.25103,-0.0179632
-1.05442,-0.0185457
-1.02266,-0.0188916
-0.932127,-0.0186346
-0.913348,-0.0180789
-0.983226,-0.0173203
-0.905904,-0.0160903
-0.853919,-0.0144037
-1.02121,-0.0125507
-0.947937,-0.010552
-0.944434,-0.00841147
-1.06932,-0.00623996
-1.10518,-0.00395614
-1.13912,-0.00149226
-1.25732,0.000887326
-1.17862,0.0032716
-1.40049,0.00561685
-1.42112,0.00804806
-1.52339,0.0102968
-1.61993,0.0123695
-1.81588,0.0142346
-1.93649,0.0159087
-2.00377,0.0174178
-2.05916,0.0190263
-2.2279,0.0204483
-2.3611,0.0216883
-2.26759,0.0228755
-2.30388,0.0240054
-2.56897,0.0246923
-2.54484,0.0251984
-2.42603,0.0256125
-2.71973,0.025697
-2.59143,0.025455
-2.59281,0.0248064
-2.50663,0.0240485
-2.50939,0.0231576
-2.4687,0.02214
-2.27958,0.021225
-2.24815,0.0195562
-2.17724,0.0178072
-2.06756,0.0160215
-1.858,0.0138071
-1.66171,0.0117298
-1.43573,0.00955435
-1.4584,0.00746551
-1.44088,0.00540915
-1.15134,0.00357014
-1.13303,0.00210494
-1.01549,0.000919797
-1.01166,-3.74501e-05
-0.844597,-0.000663283
-0.835081,-0.000844486
-0.874295,-0.000743998
-0.849398,-0.000110381
-0.766477,0.000798868
-0.943318,0.00183259
-0.944216,0.00309068
-0.924166,0.0046714
-0.887167,0.00645361
-0.958742,0.0083354
-1.00743,0.0102613
-1.13866,0.0123067
-1.1795,0.0143363
-1.25944,0.016355
-1.37759,0.0182408
-1.36176,0.0200223
-1.4726,0.0217977
-1.40814,0.0234612
-1.55745,0.0251873
-1.46619,0.0268409
-1.67398,0.0282633
-1.68099,0.029493
-1.68445,0.0305853
-1.66541,0.031515
-1.66758,0.0323465
-1.90241,0.0329235
-1.82717,0.0329356
-1.81569,0.032923
-1.88883,0.032624
-1.78811,0.0322436
-1.71216,0.0318309
-1.8103,0.031109
-1.83867,0.0302843
-1.71634,0.0293786
-1.59944,0.0285397
-1.59555,0.0277399
-1.5929,0.0269638
-1.54805,0.0261588
-1.52686,0.0253427
-1.48618,0.0246009
-1.53295,0.0238927
-1.3869,0.0231884
-1.54548,0.0225318
-1.44282,0.0219536
-1.38722,0.0214742
-1.31436,0.021127
-1.33124,0.0208833
-1.24278,0.0207812
-1.22378,0.0208567
-1.29149,0.0209737
-1.16622,0.0212151
-1.23811,0.0215566
-1.16069,0.0219947
-1.19284,0.0224781
-1.18264,0.0230005
-1.10953,0.0235988
-1.1059,0.0242425
-1.07445,0.0249075
-0.973358,0.0255583
-1.06677,0.0262309
-1.15569,0.0268415
-1.06975,0.0274302
-1.05215,0.0280008
-1.14275,0.0284977
-1.14494,0.0289276
-1.12513,0.0293124
-1.04327,0.0297523
-1.11482,0.0299981
-1.12081,0.0302168
-1.16806,0.0303418
-1.02263,0.0304931
-1.11781,0.0307663
-1.0619,0.0310392
-1.02944,0.0312183
-1.06323,0.0313547
-0.926435,0.0315519
-0.988416,0.0316966
-1.00625,0.031851
-1.06581,0.0318612
-0.931423,0.0319155
-0.974198,0.0319686
-0.994746,0.0320476
-1.09938,0.0320467
-1.05012,0.0320421
-1.06632,0.0320501
-1.20928,0.0319941
-1.21742,0.0321218
-1.20235,0.0322847
-1.2933,0.0325812
-1.37957,0.0328665
-1.33249,0.0332278
-1.45642,0.0333954
-1.48753,0.0334523
-1.60044,0.0334001
-1.55746,0.0332622
-1.49382,0.0330764
-1.51686,0.0325987
-1.51813,0.0320337
-1.49604,0.031183
-1.41182,0.0302916
-1.43712,0.0293261
-1.54645,0.0282555
-1.3736,0.0270348
-1.31442,0.0257963
-1.28113,0.0245802
-1.22898,0.0234106
-1.26487,0.022134
-1.15111,0.0209481
-1.12863,0.019842
-1.12974,0.0187927
-1.02565,0.0178774
-1.07584,0.0169328
-1.12565,0.0159497
-1.02415,0.0150834
-1.01296,0.0143364
-0.982589,0.0137146
-0.891799,0.0134081
-0.954784,0.0131593
-0.952919,0.0130277
-0.972117,0.0129123
-0.843392,0.0128989
-0.763753,0.0131367
-0.839346,0.0133495
-0.764155,0.013512
-0.799886,0.0136842
-0.813535,0.0138402
-0.848299,0.0139469
-0.818224,0.013939
-0.81181,0.0139624
-0.827493,0.0139548
-0.864367,0.013888
-0.750951,0.0139458
-0.729573,0.0140094
-0.731772,0.0141293
-0.819553,0.0141913
-0.754907,0.0142484
-0.693935,0.0143431
-0.827682,0.0142888
-0.764933,0.0142829
-0.704727,0.0143056
-0.712621,0.0143432
-0.65753,0.0144868
-0.754305,0.0145501
-0.741001,0.0145935
-0.726614,0.0146115
-0.821734,0.014536
-0.869184,0.0145498
-0.807072,0.0145048
-0.790479,0.0144475
-0.754119,0.0144035
-0.826142,0.0143066
-0.725171,0.0142234
-0.735538,0.0141718
-0.767439,0.0140198
-0.819066,0.0138206
-0.76181,0.0136221
-0.813309,0.0133199
-0.799095,0.0130019
-0.806402,0.0126642
-0.707572,0.0123686
-0.656784,0.0121386
-0.757955,0.0118091
-0.748803,0.0115281
-0.612041,0.0113169
-0.801194,0.011027
-0.748631,0.0107168
-0.760674,0.0103397
-0.836344,0.00985269
-0.738325,0.00948715
-0.793,0.00913055
-0.888176,0.00874124
-0.914171,0.00872902
-0.873733,0.00871296
-1.04689,0.00881589
-0.977662,0.00895975
-0.952411,0.00919084
-1.14017,0.00956886
-1.10612,0.0100194
-1.21854,0.0105911
-1.41061,0.0110724
-1.41863,0.0115243
-1.5517,0.0119178
-1.63204,0.0121539
-1.74886,0.0123835
-1.72671,0.012598
-1.83173,0.0127611
-1.97163,0.0128534
-1.93044,0.012881
-1.97022,0.0126741
-2.0087,0.0123911
-1.99913,0.0120153
-2.03063,0.0113905
-2.09802,0.0105813
-1.97092,0.00955945
-1.99557,0.00842735
-1.97648,0.00720664
-1.80712,0.00598983
-1.75237,0.00463493
-1.67965,0.00309516
-1.5898,0.00162567
-1.52614,0.000221863
-1.44544,-0.00126779
-1.26396,-0.00285106
-1.28395,-0.00438079
-1.11525,-0.00577551
-0.998315,-0.0070141
-0.932417,-0.00816787
-0.745856,-0.00906185
-0.670591,-0.00971396
-0.532875,-0.0100821
-0.649726,-0.010286
-0.638117,-0.0103534
-0.462496,-0.0100569
-0.507611,-0.00951588
-0.491566,-0.00882846
-0.49853,-0.00802434
-0.488007,-0.00712511
-0.499324,-0.00606009
-0.492214,-0.00484744
-0.400916,-0.0034988
-0.403044,-0.00206344
-0.511783,-0.000599103
-0.532439,0.000910316
-0.445997,0.00245925
-0.641321,0.00388627
-0.552124,0.0052777
-0.551589,0.00662676
-0.616226,0.00791221
-0.573126,0.00913835
-0.679826,0.0102321
-0.676187,0.0112156
-0.969092,0.0118584
-0.758376,0.0123919
-0.704536,0.0128523
-0.719301,0.013235
-0.712779,0.013533
-0.664366,0.0135043
-0.682659,0.0133473
-0.594721,0.0128471
-0.511342,0.012252
-0.519489,0.0115235
-0.485537,0.0106676
-0.369749,0.00977623
-0.303491,0.00886364
-0.201433,0.008034
-0.1908,0.00727129
-0.183,0.00662848
-0.135094,0.00609876
-0.155809,0.00561242
-0.197132,0.00513509
-0.110708,0.00474355
-0.0716326,0.00450338
-0.038139,0.00436972
-0.0494141,0.00438821
-0.104455,0.00443208
0.0544982,0.00462284
-0.00846629,0.00487932
-0.0279142,0.00524628
-0.0683672,0.00566707
-0.0860834,0.00608787
-0.0614994,0.00651687
-0.165385,0.00692081
-0.137826,0.00728421
-0.259467,0.00757206
-0.227076,0.00779791
-0.1953,0.00800641
-0.250538,0.00815047
-0.324586,0.00819869
-0.24583,0.00824511
-0.340016,0.0082028
-0.345197,0.00808743
-0.306708,0.00794927
-0.418195,0.00770462
-0.375855,0.0074202
-0.419019,0.00707132
-0.481321,0.00662438
-0.433185,0.00614071
-0.386823,0.00565734
-0.385345,0.00519024
-0.532722,0.00461947
-0.438323,0.00405191
-0.432277,0.00351197
-0.511694,0.00299069
-0.417171,0.00252839
-0.559326,0.00202551
-0.580621,0.00149617
-0.531537,0.00100858
-0.665449,0.000571284
-0.643361,0.000240149
-0.685016,-7.49295e-05
-0.713756,-0.00035378
-0.822447,-0.000662923
-0.872184,-0.000772999
-1.023,-0.000970532
-1.03666,-0.0011889
-1.06824,-0.00140727
-1.26405,-0.00162781
-1.23822,-0.0017621
-1.27007,-0.00187086
-1.32123,-0.00198062
-1.39115,-0.00205567
-1.53587,-0.00217261
-1.6296,-0.00238488
-1.71419,-0.00266652
-1.80969,-0.0030222
-1.52991,-0.00320116
-1.85579,-0.00349684
-1.83345,-0.00393556
-1.88875,-0.00461473
-1.83633,-0.00532889
-1.80169,-0.00606913
-1.87497,-0.00700504
-1.94081,-0.00807687
-1.87832,-0.00935113
-1.68541,-0.0105406
-1.69252,-0.0117012
-1.69934,-0.0128472
-1.66292,-0.0141879
-1.60546,-0.0157207
-1.46623,-0.0171629
-1.44015,-0.0185494
-1.26825,-0.0198492
-1.29667,-0.0210382
-1.17676,-0.0220472
-1.17005,-0.0228938
-1.14837,-0.0236066
-1.0323,-0.0240976
-0.995197,-0.0243478
-0.940778,-0.0243807
-0.910447,-0.0242258
-0.904981,-0.0239087
-0.922274,-0.0234786
-0.834853,-0.0228541
-0.794536,-0.0220059
-0.864556,-0.0210746
-0.889822,-0.0200764
-0.893449,-0.0190413
-0.918236,-0.0179534
-0.985142,-0.0168505
-0.900039,-0.015701
-1.05305,-0.0146325
-0.965736,-0.0135627
-0.945676,-0.0124644
-1.09739,-0.0114788
-1.09313,-0.0105833
-1.09346,-0.00976525
-0.932897,-0.00891357
-1.04325,-0.00815871
-1.04262,-0.00748143
-1.14689,-0.00693863
-1.16089,-0.00652117
-0.982188,-0.00608693
-0.982715,-0.00570718
-1.09078,-0.00547661
-1.06623,-0.00532624
-0.89354,-0.00512233
-1.09096,-0.00503519
-1.11018,-0.00504552
-1.02047,-0.00502455
-1.01998,-0.00501134
-1.04191,-0.00501045
-1.10501,-0.00505063
-1.01624,-0.00494051
-1.01093,-0.00467246
-1.12375,-0.00440116
-1.18246,-0.0041493
-1.23704,-0.00391151
-1.24539,-0.00351341
-1.33643,-0.00300872
-1.46469,-0.00257754
-1.49976,-0.00218501
-1.50945,-0.00180645
-1.49501,-0.00136783
-1.5233,-0.000961986
-1.54893,-0.000524816
-1.61473,-0.000139979
-1.71677,9.18037e-05
-1.57952,0.000194779
-1.59472,6.97218e-05
-1.54673,-0.000129129
-1.52062,-0.000396045
-1.58092,-0.000788645
-1.4892,-0.00144502
-1.50671,-0.00220724
-1.29097,-0.00290024
-1.36158,-0.00361105
-1.28223,-0.00429283
-1.22777,-0.00498623
-1.2148,-0.00577955
-0.957356,-0.00639398
-0.94555,-0.00688087
-0.915104,-0.00727362
-0.782934,-0.00754001
-0.933607,-0.00785479
-0.803762,-0.008086
-0.637859,-0.00814829
-0.654029,-0.0081012
-0.608234,-0.0079992
-0.545728,-0.00778345
-0.487987,-0.00745706
-0.543361,-0.00709104
-0.384396,-0.00660194
-0.405527,-0.00603756
-0.32262,-0.00539534
-0.331929,-0.00470713
-0.267378,-0.0039822
-0.335018,-0.00325774
-0.221432,-0.00244371
-0.244655,-0.00155886
-0.182962,-0.000636378
-0.16803,0.000304689
-0.222065,0.00120246
-0.104649,0.00211685
-0.163588,0.00299436
-0.201099,0.00379263
-0.152599,0.00454967
-0.0662955,0.00530719
-0.112803,0.0060006
-0.180243,0.00659266
-0.142743,0.00709223
-0.0579919,0.00757993
-0.025932,0.00805987
-0.0818298,0.00846064
-0.13646,0.00870431
-0.104673,0.00886317
0.0104098,0.0090159
0.03333,0.00916535
0.0524747,0.0093044
0.0258961,0.00938036
0.0850449,0.00942804
0.0553147,0.00943272
0.0680501,0.00938747
-0.0275035,0.00920899
0.093457,0.00902986
0.10203,0.00883746
0.108202,0.00862234
0.197169,0.00845044
0.15356,0.00825903
0.194857,0.00802726
0.23401,0.00780751
0.288709,0.00763447
0.0870105,0.00733649
0.211567,0.00712706
0.161192,0.00686274
0.301621,0.00666604
0.244221,0.00647523
0.314591,0.00633469
0.253719,0.00620162
0.278435,0.00605773
0.175411,0.00583589
0.246076,0.00559859
0.22901,0.00533631
0.295525,0.00511315
0.231559,0.00491024
0.360199,0.0047703
0.291483,0.00463186
0.266347,0.00447303
0.285712,0.00430906
0.154615,0.00410542
0.28478,0.00393563
0.217855,0.00373642
0.238013,0.0035396
0.172555,0.00332831
0.152584,0.00303402
0.218868,0.00274188
0.112384,0.00237194
0.180288,0.00200804
0.160842,0.00165969
0.0571462,0.00133258
0.128476,0.00100156
0.112553,0.000668663
0.096835,0.000328573
0.0823879,-2.10211e-05
0.174782,-0.000340262
-0.0763886,-0.000809069
0.0451941,-0.00129284
0.0785733,-0.00176891
-0.102712,-0.00228207
0.064767,-0.00275594
-0.0288765,-0.00325213
-0.0337556,-0.00375404
-0.0798007,-0.00427367
-0.0379782,-0.00476255
-0.039923,-0.00523422
-0.0838513,-0.00571256
-0.0406345,-0.00616664
-0.0835558,-0.00661723
-0.0818672,-0.00703884
-0.0367847,-0.0073919
-0.121135,-0.0077773
-0.116225,-0.00816313
-0.174195,-0.00859186
0.068491,-0.00887516
-0.103588,-0.0091191
-0.205171,-0.00941838
-0.151178,-0.00972217
-0.182755,-0.0100311
-0.213286,-0.0103531
-0.0501432,-0.0105854
-0.149564,-0.010816
-0.181129,-0.0110505
-0.252361,-0.0113487
-0.191758,-0.0116291
-0.218051,-0.0118683
-0.157953,-0.0120526
-0.185465,-0.0122102
-0.232933,-0.0123817
-0.213662,-0.0125313
-0.194275,-0.0126779
-0.260737,-0.0128473
-0.323463,-0.0130719
-0.212176,-0.0132664
-0.190278,-0.0134137
-0.212871,-0.0135296
-0.191885,-0.0136125
-0.277665,-0.0137291
-0.252304,-0.0138572
-0.227605,-0.0139414
-0.246392,-0.01403
-0.221779,-0.0140773
-0.282687,-0.0141383
-0.298128,-0.0142259
-0.184591,-0.0142536
-0.352241,-0.0143414
-0.214909,-0.0143728
-0.252655,-0.0143858
-0.310735,-0.0144287
-0.280363,-0.0144653
-0.208205,-0.0144287
-0.224896,-0.0143555
-0.347199,-0.0143474
-0.208423,-0.0142904
-0.223952,-0.0141676
-0.19758,-0.0140276
-0.32072,-0.0139365
-0.332561,-0.013894
-0.25507,-0.0138206
-0.183526,-0.0137408
-0.200548,-0.0135725
-0.132604,-0.013321
-0.237887,-0.013089
-0.211168,-0.0128499
-0.184899,-0.0126362
-0.266235,-0.0124747
-0.3221,-0.012384
-0.204801,-0.0122582
-0.262475,-0.0121646
-0.275773,-0.0120538
-0.202902,-0.0119136
-0.21849,-0.0117744
-0.29751,-0.0116936
-0.202635,-0.0115921
-0.281459,-0.0115369
-0.145202,-0.0114236
-0.184907,-0.0112866
-0.202751,-0.011153
-0.134734,-0.0109566
-0.197381,-0.0108152
-0.25749,-0.0107706
-0.18671,-0.0107317
-0.203911,-0.0107087
-0.242044,-0.0107328
-0.108565,-0.0106627
-0.0877711,-0.0105459
-0.218116,-0.0104704
-0.193558,-0.0104204
-0.126738,-0.010314
-0.118079,-0.010192
-0.0866426,-0.0100911
-0.111991,-0.00997247
-0.0941723,-0.00984691
-0.161945,-0.0097586
-0.0148503,-0.0096033
0.00319754,-0.00936033
0.021151,-0.00907892
0.0394485,-0.00876441
0.057361,-0.0084349
0.0754917,-0.00814529
0.0935229,-0.00786562
-0.0799293,-0.00766013
-0.0309484,-0.00747994
-0.0638781,-0.0073392
-0.159649,-0.00730107
-0.038136,-0.00728666
-0.0283014,-0.00727706
-0.253135,-0.00744005
-0.148378,-0.00766193
-0.0255168,-0.0078119
0.0258406,-0.00787398
-0.074848,-0.00794744
0.0825933,-0.00792364
0.0426529,-0.0078502
-0.0613926,-0.00785817
0.00984076,-0.00789466
0.0145171,-0.00791256
0.0180904,-0.00792983
0.0209548,-0.00796604
0.0235387,-0.00801511
0.0678649,-0.00797917
-0.0386598,-0.00801524
0.0714797,-0.00801897
0.0709725,-0.00797415
0.0264279,-0.00792231
0.0688932,-0.00786889
0.0666021,-0.00777911
0.0640028,-0.0076773
0.0612179,-0.0075356
0.100813,-0.00738411
0.052895,-0.00721404
0.0495609,-0.00707136
0.0465968,-0.0069534
0.0437105,-0.00684738
0.0407465,-0.00675349
0.0378919,-0.00667408
0.0351287,-0.00660576
0.159611,-0.0064465
0.0651854,-0.00629439
0.101569,-0.0061354
0.00951595,-0.00605656
0.00666584,-0.00603211
0.00491584,-0.00605777
0.0880283,-0.0060672
0.0395427,-0.00609546
-0.00725697,-0.00610901
0.0336648,-0.00613609
0.115235,-0.00610552
-0.0199144,-0.00606903
-0.0216671,-0.0060793
-0.0215955,-0.00617302
0.0630194,-0.00621857
-0.0261998,-0.00629162
0.0156362,-0.00635225
-0.0708117,-0.00648391
-0.0807684,-0.00662031
0.169035,-0.00663089
0.0110587,-0.00666247
0.050146,-0.00671807
-0.0385507,-0.00680897
0.0043327,-0.00689425
0.0034212,-0.00695696
0.0870366,-0.0069439
0.0388507,-0.00689065
-0.00756663,-0.00685536
-0.0511365,-0.00689621
-0.0587213,-0.006986
-0.0051994,-0.00708112
0.0805019,-0.00709083
0.0755164,-0.00706573
-0.0149783,-0.00699894
-0.0582472,-0.00698344
-0.0134926,-0.00695608
0.071904,-0.0068494
0.0250132,-0.00671128
0.0221817,-0.00661681
0.0229992,-0.00650315
-0.0679804,-0.00645484
0.062584,-0.00637991
0.0167961,-0.00632281
-0.0701568,-0.00625214
-0.0794719,-0.00625833
0.0221189,-0.00624287
0.126753,-0.00615984
-0.0290268,-0.00609566
-0.0718316,-0.00610321
-0.0805106,-0.00614352
-0.0668597,-0.00620123
-0.0582526,-0.00623675
-0.0979465,-0.00630751
-0.00689237,-0.0063318
-0.00501835,-0.0063377
-0.0464419,-0.00637146
-0.0433169,-0.00641639
-0.0397729,-0.00646285
0.0059235,-0.00642195
-0.0355183,-0.00637473
-0.0752392,-0.00634154
0.0995158,-0.00619276
-0.137222,-0.00612814
0.0183856,-0.00609824
-0.0226371,-0.00606944
-0.0206036,-0.00604961
0.0664288,-0.00597833
-0.0207627,-0.00596327
-0.0195052,-0.00585786
-0.0201922,-0.00576722
0.0737308,-0.00560665
-0.0183477,-0.00543756
0.0674353,-0.00519912
0.0757699,-0.00500055
0.01764,-0.00480028
0.16514,-0.00450213
-0.0351861,-0.00428767
0.0493077,-0.00405925
0.0539847,-0.00381745
0.0843442,-0.00357194
0.0371081,-0.00336122
0.0395663,-0.0031827
0.0299563,-0.00301477
0.03133,-0.00285392
0.172395,-0.002588
0.0555849,-0.00233609
0.058702,-0.00210324
0.0449339,-0.00198555
0.0465502,-0.00212054
0.0986626,-0.00229197
0.175275,-0.00249257
0.205198,-0.00274755
0.297162,-0.00313629
0.273312,-0.00360107
0.337659,-0.00411936
0.312249,-0.00468764
0.562787,-0.00510318
0.289333,-0.00553305
0.451694,-0.00593573
0.485917,-0.00623773
0.389075,-0.00651674
0.618155,-0.00658763
0.665689,-0.0064332
0.430251,-0.00609054
0.517531,-0.00567059
0.547334,-0.00516677
0.378746,-0.00468369
0.338996,-0.00407298
0.44942,-0.00334108
0.299627,-0.00264061
0.262509,-0.00198157
0.186356,-0.00140831
0.157078,-0.000833894
0.0886372,-0.000335771
0.151045,0.000125729
0.138613,0.000552928
-0.131943,0.0007649
0.051775,0.000773529
0.0367797,0.000752733
0.0165832,0.000683608
0.0921485,0.000588792
0.181318,0.00048503
0.116886,0.000195152
0.0976995,-0.000508846
0.087462,-0.00138901
0.340719,-0.00226193
0.309095,-0.00317413
0.322188,-0.00428112
0.494724,-0.00536178
0.480227,-0.00644242
0.62832,-0.0074383
0.576401,-0.00838347
0.609524,-0.00908723
0.645729,-0.00965051
0.73093,-0.0100081
0.667337,-0.0102312
0.711538,-0.0102906
0.645694,-0.0100806
0.519196,-0.00964812
0.568658,-0.00912839
0.467953,-0.008583
0.58345,-0.00789424
0.396879,-0.00718588
0.473077,-0.00627552
0.377386,-0.00533639
0.328618,-0.00439668
0.156158,-0.00357355
0.163531,-0.00273249
-0.0181173,-0.00204896
0.0659557,-0.00142339
-0.106573,-0.000967047
-0.121355,-0.000641858
-0.174636,-0.000416392
-0.0956384,-0.000152322
-0.104404,7.65409e-05
-0.112049,0.000261025
-0.0127331,0.000457519
-0.128473,0.000476776
-0.260061,0.000112146
-0.128004,-0.000350776
-0.170319,-0.000943818
-0.167608,-0.00163547
-0.0162202,-0.00251415
-0.0828466,-0.00347257
-0.0210404,-0.00446798
-0.0243257,-0.00549179
0.0144801,-0.00650006
0.0516565,-0.007404
0.0488433,-0.00823244
0.122558,-0.00892975
-0.0171374,-0.00960237
0.168909,-0.0100979
0.15571,-0.0103095
0.141025,-0.0103238
0.127227,-0.0102357
0.114081,-0.0100598
0.186518,-0.00974167
0.0853068,-0.00931563
0.0735267,-0.00868058
0.063311,-0.00795965
0.0539306,-0.0071685
0.172202,-0.00622094
-0.0758182,-0.00529302
-0.0944304,-0.00440683
-0.120711,-0.00357878
-0.265098,-0.0028965
-0.189904,-0.00227481
-0.179643,-0.00168402
-0.233619,-0.00108153
-0.26239,-0.000549894
-0.291792,-7.77188e-05
-0.228407,0.000366942
-0.339462,0.000599395
-0.37328,0.000557966
-0.119306,0.000564772
-0.125116,0.000566148
-0.181251,0.00050227
-0.0810785,0.000333417
-0.155225,-2.44589e-05
0.00675001,-0.000359431
0.0973553,-0.000643023
0.0114645,-0.000962353
0.0562696,-0.0014154
0.247083,-0.00178375
0.173216,-0.00211594
0.268864,-0.00236473
0.148722,-0.00262963
0.520018,-0.00265764
0.299777,-0.00267473
0.382603,-0.00261289
0.293181,-0.00253527
0.333878,-0.00239814
0.351615,-0.00208196
0.365677,-0.00150346
0.379466,-0.000817722
0.221617,-0.000153935
0.368368,0.000615877
0.210969,0.00146264
0.145332,0.00233799
0.126832,0.00317785
0.194706,0.0040551
0.0896313,0.0048837
0.0742456,0.00570516
-0.0026291,0.00653172
-0.0114737,0.00728965
-0.0273503,0.00799807
-0.0433383,0.00866597
-0.0592954,0.00924712
-0.0754487,0.00968511
-0.091278,0.0100609
-0.107234,0.0103618
-0.0833353,0.0105664
-0.0827311,0.0106436
-0.0811068,0.0105241
-0.121962,0.0102833
-0.0329269,0.0100026
-0.0326615,0.0096829
-0.159743,0.00912975
0.0800461,0.00864368
0.160328,0.0082379
0.14921,0.00786539
0.0103269,0.00741908
0.133061,0.00700474
0.165643,0.00653908
0.152823,0.00610078
0.0974137,0.00564063
0.235704,0.00527215
0.176035,0.00492802
0.287383,0.00480872
0.180819,0.00470368
0.205656,0.00464852
0.335813,0.00472185
0.204015,0.00492958
0.183124,0.00516142
0.164662,0.005411
0.189427,0.00570529
0.17058,0.0060781
0.152197,0.00646616
0.134953,0.00692804
0.034003,0.00732765
0.108196,0.00775638
0.0524902,0.0081667
-0.000912334,0.00855524
-0.050366,0.00887656
-0.0544301,0.00916149
-0.0142062,0.00944971
-0.0609563,0.0097099
-0.104927,0.00989721
-0.103397,0.0099886
-0.058207,0.010058
-0.16355,0.0100283
-0.0513747,0.00996588
-0.155655,0.00980802
-0.190764,0.00966096
-0.0323221,0.00956208
-0.135649,0.00941779
-0.0651364,0.00927714
-0.124332,0.00897913
-0.201004,0.00858965
0.00167197,0.00826613
-0.101577,0.00791537
-0.22212,0.00738244
-0.0808439,0.00686757
-0.0725674,0.00644246
-0.00236957,0.00608695
0.0427371,0.0058241
0.0424235,0.00564869
-0.000975326,0.00554668
0.0851553,0.00554474
-0.00312991,0.00554869
-0.00265926,0.00556498
0.125656,0.00569307
0.0773966,0.00594255
0.0300784,0.00621744
-0.0144099,0.00644744
0.0285277,0.00668201
0.0698105,0.00696253
-0.0189858,0.0072222
0.0659519,0.00758896
-0.0222484,0.00795215
0.0204663,0.00834558
0.0616542,0.00883053
0.0155219,0.00925871
0.0560202,0.00973303
0.0100034,0.0101872
-0.0339647,0.0105812
-0.0964018,0.010874
0.014672,0.0111665
-0.0277611,0.0115273
-0.026507,0.011869
-0.0248847,0.012201
0.103841,0.0126
0.0137132,0.0129922
-0.0940035,0.0132271
-0.0258177,0.0134377
-0.0870261,0.0135787
0.0240361,0.0137175
-0.0819656,0.0138296
-0.077441,0.0139299
-0.0719342,0.0139726
0.0394083,0.0140426
-0.00356963,0.0140718
0.0817806,0.014159
0.120273,0.0143869
0.0287277,0.0146149
0.110635,0.0148986
0.0620102,0.0152012
0.14187,0.0154839
0.196602,0.0157399
0.0774214,0.0159445
0.17575,0.0161843
0.0154215,0.0162901
0.053183,0.0163535
0.0480491,0.0164565
0.0849845,0.0165796
0.0778181,0.0167129
0.176506,0.017028
0.16341,0.0173967
0.150035,0.0177186
0.137074,0.0180464
0.124734,0.0183714
0.112812,0.0186909
0.0592168,0.0189184
0.0932234,0.0192265
0.125957,0.0195549
-0.034092,0.0197743
0.0681594,0.0199499
0.0608043,0.020118
0.0529137,0.0202346
0.0455736,0.020338
0.0387171,0.0204304
0.0747471,0.0206794
0.0665818,0.0209202
0.0585131,0.0211082
0.0932889,0.0213091
0.0839328,0.0215051
-0.0101618,0.0215314
0.0705758,0.0215518
0.0631917,0.0216302
0.0554287,0.0216972
0.0905715,0.0217843
0.0391061,0.0218378
-0.00995361,0.0218173
-0.0133964,0.0216892
-0.0159682,0.0215119
0.024278,0.0213278
0.0201279,0.0212131
0.0159512,0.0211079
-0.0302929,0.0210125
0.0110151,0.0209361
-0.0341092,0.0208309
0.113625,0.0208243
-0.0428183,0.0207654
-0.00132236,0.0206947
0.102893,0.0207016
-0.0105726,0.0206915
0.0928777,0.0207479
0.170381,0.0209305
0.00983977,0.0210402
0.0686368,0.0211535
0.147094,0.0213305
-0.0125087,0.0213964
0.0474431,0.021467
-0.0636024,0.0214518
0.0426241,0.0214659
0.0385108,0.0214996
0.0336348,0.021599
0.0714305,0.0217192
-0.0410693,0.0217892
0.0640396,0.0218839
0.0164012,0.0219571
-0.0509231,0.0218988
-0.0505194,0.021831
0.0144965,0.0217843
0.0125165,0.0217538
0.0524578,0.0217871
0.132729,0.0219663
0.0385061,0.022158
0.0332225,0.0222636
0.0290783,0.0223765
0.0676069,0.0225113
0.061617,0.0226944
0.0555916,0.0228728
0.00749666,0.023106
0.00434144,0.0232779
0.0866297,0.0234788
0.0375308,0.0235548
0.0325153,0.0236056
0.0282206,0.0236381
0.0242583,0.0236644
-0.0217962,0.023647
0.0618194,0.023775
0.0143322,0.0238909
0.0533641,0.0240357
0.0484037,0.0241825
0.000930659,0.0242872
-0.00161448,0.0243812
-0.0457347,0.024454
0.082015,0.024583
0.0340175,0.0247126
0.0296634,0.0248424
-0.0163461,0.0248495
0.0672368,0.0249018
-0.022642,0.0249135
0.0610009,0.0249623
0.0139535,0.0249983
-0.116159,0.0249026
0.0579492,0.0249169
0.0546973,0.0249843
0.00750865,0.0250394
0.00519893,0.0250963
0.109446,0.0253432
0.0385417,0.0256032
0.097363,0.0258593
0.0901155,0.0261567
0.124804,0.0265046
-0.0331954,0.0268063
0.0711755,0.0271709
0.107914,0.0275618
-0.00669562,0.0278795
-0.0945401,0.0280648
0.0568887,0.0281866
-0.0107361,0.0282798
0.0933399,0.0284149
0.0442574,0.0285534
0.0390147,0.0286986
0.0344982,0.028859
0.114975,0.0290546
0.191193,0.0293357
-0.0556296,0.0294999
-0.099462,0.029535
0.0947544,0.0296902
0.00373514,0.0298154
0.169861,0.0300225
0.116257,0.0302405
0.211724,0.0305479
0.133257,0.0308184
0.0357965,0.030973
0.0713905,0.0311253
0.169679,0.0313352
0.241153,0.0316353
0.137742,0.0319137
0.123711,0.0321983
0.238243,0.0326314
0.134657,0.0330016
0.13953,0.0333318
0.105617,0.0335863
0.2629,0.0339257
0.072565,0.034111
0.144913,0.0342853
0.215167,0.0344947
0.111325,0.0346547
0.0968915,0.0348589
0.126571,0.0350208
0.112448,0.0351535
0.204461,0.0353206
0.228525,0.0355519
0.164942,0.0357306
0.0832817,0.0357969
0.175944,0.0358776
0.243313,0.0360128
0.22105,0.0362215
0.241586,0.0364732
0.176043,0.0366098
0.262023,0.0367924
0.237594,0.0369819
0.213609,0.0371826
0.275509,0.0375306
0.101081,0.0377544
0.189479,0.0379533
0.296001,0.0382131
0.226339,0.0384213
0.201458,0.0384824
0.326521,0.0386128
0.381505,0.038835
0.347095,0.0390973
0.271173,0.0393286
0.38962,0.0396809
0.290593,0.0400487
0.216244,0.0403097
0.337471,0.0405814
0.304619,0.040662
0.229166,0.0406899
0.327618,0.0406991
0.294454,0.0406847
0.409856,0.0407301
0.328755,0.0408017
0.377439,0.0408504
0.29689,0.0407992
0.494991,0.0408486
0.451363,0.0409249
0.362581,0.0409522
0.449892,0.0411003
0.320495,0.0412236
0.514654,0.0414101
0.466525,0.0416071
0.546075,0.0418679
0.450358,0.0419944
0.401907,0.0420257
0.314061,0.0419618
0.125157,0.0417146
0.329155,0.041843
0.164018,0.0419625
0.0275864,0.0425952
-0.0365072,0.0433152
-0.178295,0.0441187
-0.333363,0.0454233
-0.476306,0.0467178
-0.587747,0.0483181
-0.941614,0.0497753
-0.978251,0.0511704
-1.19692,0.0523649
-1.18819,0.0535118
-1.50908,0.0543745
-1.51671,0.055056
-1.53658,0.0555671
-1.70126,0.055819
-1.72043,0.0556543
-1.73681,0.0552933
-1.83207,0.0547266
-1.85565,0.0539743
-1.84821,0.053086
-1.96815,0.0517479
-1.75706,0.050018
-1.78781,0.048207
-1.70801,0.0463607
-1.65269,0.0441437
-1.42789,0.0418776
-1.42624,0.039628
-1.31865,0.0374738
-1.17409,0.0354681
-1.07973,0.0334574
-0.949008,0.0316495
-0.890183,0.0298468
-0.772205,0.0282664
-0.598372,0.0269613
-0.647325,0.0258297
-0.507355,0.0251897
-0.459138,0.0249378
-0.331921,0.0250147
-0.213144,0.0254705
-0.274798,0.0263221
-0.165148,0.0277134
-0.255469,0.0293221
-0.363034,0.031044
-0.255393,0.0329776
-0.300662,0.0350874
-0.368093,0.0373212
-0.305271,0.0398719
-0.265355,0.0425363
-0.339001,0.0452441
-0.450608,0.0478798
-0.535399,0.0503376
-0.551799,0.0527492
-0.587673,0.0550544
-0.515777,0.0572844
-0.532165,0.0593929
-0.612292,0.0611406
-0.497421,0.0625361
-0.515125,0.0637232
-0.405963,0.0647561
-0.345579,0.0656575
-0.332235,0.0661483
-0.193721,0.0663349
-9.45427e-05,0.0664697
-0.0108969,0.0664992
0.209588,0.0665913
0.352312,0.0667558
0.314295,0.0667191
0.463432,0.066707
0.49843,0.0666909
0.760417,0.0668276
0.773068,0.0668613
0.923175,0.0669712
0.91827,0.0671311
1.09768,0.0674191
1.18172,0.0678356
1.18762,0.0683765
1.25612,0.0690662
1.25273,0.0697993
1.39474,0.0706561
1.48096,0.0717229
1.41167,0.0728263
1.38418,0.0741044
1.45887,0.0754501
1.44324,0.0768509
1.32064,0.0783064
1.37013,0.0798272
1.24684,0.0815789
1.1266,0.0832251
1.24631,0.0849047
1.0837,0.0866069
1.11793,0.088266
1.00196,0.090047
0.891462,0.091655
0.787361,0.0930702
0.774384,0.0943342
0.784434,0.0956385
0.624428,0.0967994
0.643267,0.0978038
0.556082,0.0986172
0.475492,0.0992239
0.399758,0.0996198
0.372332,0.0998236
0.263434,0.0998018
0.289893,0.0996185
0.231504,0.0992731
0.220162,0.098732
0.274518,0.0980852
0.115641,0.0972769
0.178682,0.0963967
0.0926508,0.0954354
0.136929,0.0944418
0.248638,0.0934845
0.203854,0.0925506
0.0983359,0.0915634
0.254029,0.0906637
0.255624,0.0898686
0.255914,0.0891376
0.236201,0.0884706
0.0890244,0.0877576
0.143203,0.0870764
0.217289,0.0863607
0.18217,0.0858001
0.105961,0.0852129
0.204885,0.0846961
0.214727,0.0843591
0.181373,0.0840781
0.16443,0.0839619
0.176411,0.0839271
0.0891077,0.0839045
0.0656652,0.0838939
0.107394,0.0839848
0.127217,0.08415
0.103229,0.0843389
0.12327,0.0845687
0.10045,0.0848286
-0.0685391,0.0850233
0.0260557,0.0853495
-0.0301959,0.0856525
0.0857968,0.086032
-0.0147944,0.0863983
-0.0685369,0.0868183
-0.0328725,0.0872982
0.0444038,0.0878504
0.0318831,0.0884538
0.0213313,0.0890744
0.0118383,0.0896568
-0.00228989,0.0902388
-0.0054443,0.0908066
-0.0121112,0.0913652
-0.060687,0.0919087
0.0846068,0.0925253
0.0746515,0.0931568
-0.0419448,0.0937245
0.10212,0.0943431
-0.0569137,0.0948815
0.0884035,0.0954856
0.088736,0.0960605
0.11117,0.0966588
0.0567611,0.0972232
0.132356,0.0978123
0.162117,0.0983521
0.210372,0.0989671
0.223378,0.0996053
0.214795,0.100255
0.0892925,0.100827
0.224285,0.101403
0.289984,0.101978
0.328428,0.102597
0.350533,0.103248
0.355821,0.103921
0.367313,0.104498
0.482414,0.105191
0.516453,0.105917
0.399839,0.106601
0.48977,0.107305
0.509902,0.108023
0.548904,0.108747
0.581949,0.109484
0.682374,0.110282
0.70774,0.111118
0.645959,0.111964
0.882174,0.112932
0.893,0.113971
0.949319,0.115048
0.794564,0.116037
0.84752,0.116877
0.891477,0.117615
0.876263,0.118309
1.02588,0.119045
1.01724,0.119763
1.00662,0.120407
1.14103,0.120996
1.22678,0.12164
1.26148,0.122319
1.27163,0.122983
1.34108,0.123627
1.36192,0.124236
1.40302,0.124855
1.41626,0.125456
1.51026,0.126087
1.5576,0.126681
1.63984,0.127223
1.6742,0.127788
1.7436,0.128382
1.85144,0.129039
1.80121,0.129571
1.87945,0.129931
1.76875,0.13013
2.10992,0.130418
2.14226,0.130718
2.24077,0.130947
2.45846,0.131053
2.41952,0.131099
2.52993,0.131081
2.72557,0.131087
2.93149,0.130937
3.12185,0.130538
3.21004,0.130076
3.30997,0.129542
3.6068,0.129072
3.69483,0.128564
3.85168,0.128048
4.04582,0.12761
4.0809,0.12728
4.20325,0.127071
4.49758,0.127142
4.53775,0.127373
4.74859,0.127739
4.29577,0.12786
5.0344,0.128358
5.0649,0.129211
5.28834,0.130224
4.7963,0.130977
5.3892,0.131942
5.52155,0.13304
5.5632,0.134125
5.78224,0.135181
5.63651,0.136099
5.76569,0.136937
5.74768,0.137661
5.93554,0.138453
5.83355,0.139286
6.01709,0.140072
6.03189,0.140871
5.97711,0.141609
5.93248,0.142396
5.99418,0.143115
6.00101,0.143722
6.00719,0.144212
5.98676,0.144547
6.02762,0.144847
6.05874,0.144793
6.1942,0.144623
6.21104,0.144281
6.22389,0.143748
6.22848,0.143091
6.27406,0.142434
6.12324,0.141561
6.31745,0.140647
6.34683,0.139731
6.09892,0.138577
6.22001,0.137374
6.35485,0.13617
6.24675,0.134855
6.45915,0.133609
6.46843,0.132208
6.46969,0.130554
6.51295,0.128831
6.46658,0.126966
6.5688,0.125047
6.4508,0.123016
6.58922,0.121096
6.53059,0.119122
6.51321,0.117111
6.51726,0.115094
6.62375,0.113359
6.59741,0.111676
6.63246,0.110057
6.793,0.108576
6.70552,0.107087
6.62289,0.105484
6.77587,0.103836
6.72917,0.102116
6.76588,0.100375
6.86403,0.0987257
6.57298,0.0973296
6.59216,0.0959221
6.54821,0.0945222
6.59079,0.0932018
6.546,0.0919617
6.41778,0.0908114
6.38119,0.0897007
6.30539,0.0885347
6.27637,0.0873065
6.27095,0.0859792
6.28787,0.0848391
6.07139,0.0836341
6.01464,0.0823234
5.92158,0.0808941
5.96288,0.0794752
5.87607,0.0783265
5.79562,0.0773342
5.80553,0.076374
5.81808,0.0754849
5.59786,0.0745281
5.68634,0.0735394
5.43674,0.0723192
5.51857,0.071073
5.36661,0.0697071
5.37256,0.0682587
5.2969,0.0667516
5.22904,0.0650933
5.15008,0.0633043
5.16721,0.0614421
5.11818,0.0595766
5.1552,0.057637
5.08593,0.0558768
5.08573,0.0542129
4.93982,0.0525697
4.95342,0.0509713
4.96871,0.0495957
5.07031,0.0484183
5.01416,0.0473827
4.9877,0.0464083
4.94962,0.0453913
4.9742,0.0442623
4.91425,0.0430185
4.98716,0.0417577
4.90882,0.0404396
4.94146,0.0391399
4.91086,0.0379968
4.75732,0.0370574
4.71809,0.0361444
4.70573,0.0353159
4.61092,0.0345395
4.63089,0.0341808
4.50281,0.0342706
4.38349,0.0344714
4.5067,0.0349117
4.24595,0.0353365
4.2535,0.036026
4.09772,0.0368213
3.92898,0.0375092
3.94645,0.0381683
3.98606,0.0388588
3.85769,0.0393742
3.80142,0.0397963
3.62749,0.0400914
3.63357,0.0402907
3.49589,0.0403433
3.47507,0.0401134
3.46204,0.0398205
3.51417,0.0395461
3.39782,0.0392323
3.39524,0.0389406
3.35698,0.0385013
3.36384,0.0379592
3.18351,0.0373096
3.2473,0.0366429
3.27256,0.036014
3.2963,0.0352882
3.23685,0.0344603
3.22505,0.0336424
3.34444,0.0329242
3.3313,0.0323062
3.36263,0.0314678
3.43582,0.0304895
3.54944,0.0296452
3.52945,0.028851
3.74342,0.0282468
3.64994,0.0276541
3.77176,0.0271502
3.77355,0.0267541
3.78764,0.0264831
3.79943,0.0263549
3.89131,0.0263968
3.85107,0.026658
3.85411,0.0270624
3.85705,0.0276197
3.85948,0.0283279
3.86165,0.0291622
3.71511,0.0300592
3.68212,0.0309443
3.77983,0.0319114
3.74562,0.0329061
3.79712,0.0338298
3.84624,0.0346164
3.89196,0.0354307
3.80765,0.0361279
3.96017,0.0368057
3.97887,0.0372324
4.0744,0.0375386
4.10778,0.0378097
4.13425,0.0380496
4.07362,0.0382293
4.16251,0.0384371
4.14136,0.0387026
4.16173,0.0390225
4.13827,0.0393886
4.1145,0.0397788
4.02847,0.0402423
4.2007,0.040838
4.13126,0.0414632
4.18983,0.0421564
4.11878,0.042819
4.09241,0.043456
4.21639,0.0441481
4.18426,0.0448531
4.19521,0.045533
4.20509,0.0461975
4.36243,0.0465421
4.21286,0.0464866
4.47211,0.0464581
4.358,0.046327
4.35263,0.046047
4.49508,0.0459272
4.39664,0.0457564
4.38586,0.0455431
4.43938,0.0453573
4.46762,0.0452337
4.45097,0.0451993
4.47618,0.0451851
4.56343,0.0452895
4.34744,0.0453265
4.4809,0.0454318
4.65093,0.0456109
4.49208,0.045746
4.59258,0.0459161
4.66805,0.0461328
4.67385,0.0463494
4.59277,0.046228
4.70483,0.0459366
4.70567,0.0455645
4.61952,0.0450382
4.6855,0.0444052
4.74702,0.0438991
4.69872,0.0434491
4.8418,0.0431046
4.8288,0.042842
4.86701,0.0427304
4.90571,0.0427345
4.94388,0.0428264
4.98264,0.0429899
5.02068,0.0432232
5.27311,0.0435144
4.76621,0.0436836
4.70596,0.0435389
4.83743,0.0433265
4.81428,0.0430037
4.85393,0.0425127
4.87,0.0419128
4.98947,0.0412542
4.93279,0.0405289
4.89816,0.0397434
4.97137,0.0391311
4.9337,0.0387344
4.81242,0.0383203
4.9727,0.0380427
4.80747,0.0377731
4.73375,0.0374753
4.66547,0.0371197
4.74998,0.03694
4.6824,0.0367867
4.61811,0.036644
4.51539,0.0363439
4.56776,0.0361543
4.51296,0.0359552
4.41923,0.0356578
4.33123,0.0352101
4.39818,0.0347537
4.31505,0.0341587
4.40686,0.0335201
4.32539,0.032817
4.24848,0.0320361
4.17678,0.0313094
4.1549,0.030555
4.19825,0.0298414
4.22,0.0291919
4.11371,0.0285282
4.09975,0.0278132
4.04545,0.0270976
4.03833,0.0263793
3.94801,0.0256183
3.90801,0.0248026
3.95529,0.0240216
3.87549,0.0230066
3.88583,0.0218091
3.96192,0.0206173
4.0129,0.019438
3.97691,0.0182301
4.09154,0.0170853
3.98995,0.015859
4.06209,0.0146557
4.02626,0.0134633
4.03445,0.0124179
4.04363,0.0114506
4.01001,0.0108157
3.9904,0.0103133
3.90148,0.00991382
3.77685,0.00955728
3.76124,0.0093828
3.66523,0.00939619
3.70144,0.00956535
3.42191,0.0096834
3.43219,0.0097842
3.34165,0.00988539
3.36296,0.0100634
3.30296,0.0102314
3.23445,0.0103703
3.21146,0.0101914
3.2111,0.00993822
3.25328,0.0094215
3.37791,0.00888101
3.28588,0.00823017
3.21958,0.00745593
3.26645,0.00656156
3.31171,0.00563368
3.2288,0.00465167
3.17159,0.00361536
3.14211,0.002585
3.0937,0.00172589
3.07199,0.00119735
3.05216,0.000801516
2.88865,0.000495004
2.86101,0.000319916
2.71192,0.000701199
2.61532,0.00124265
2.63463,0.00197509
2.46424,0.00281884
2.30541,0.00366321
2.01066,0.00453412
2.05749,0.00543579
1.93549,0.00628289
1.82377,0.00701968
1.69135,0.00761
1.84232,0.00803653
1.66602,0.00814867
1.71311,0.00812157
1.67655,0.00794141
1.6481,0.0075841
1.77021,0.00691663
1.7844,0.00587611
1.90411,0.00478185
1.87348,0.00358728
1.84292,0.00226796
1.94436,0.00056292
2.10571,-0.00109972
2.19564,-0.00265888
2.11019,-0.00420357
2.30453,-0.00558497
2.36278,-0.00672323
2.47955,-0.00758064
2.49347,-0.00819297
2.50383,-0.0085502
2.40194,-0.00874756
2.4711,-0.00865298
2.36812,-0.00815981
2.35448,-0.00749072
2.34253,-0.00660836
2.2045,-0.00555548
2.20115,-0.00402789
2.11535,-0.00201332
2.08888,0.000232105
1.84673,0.00250951
1.82897,0.00476031
1.72797,0.00698354
1.67594,0.00912691
1.48298,0.0110494
1.4491,0.0127604
1.54878,0.0143726
1.4122,0.0156368
1.34952,0.0165283
1.44008,0.0172501
1.38068,0.0177782
1.45197,0.018202
1.52351,0.0184217
1.5907,0.0184353
1.57043,0.0183906
1.63617,0.0183229
1.72111,0.0182976
1.78007,0.0181468
1.68735,0.0176605
1.66918,0.0170191
1.95755,0.016417
2.11114,0.015974
2.14713,0.0153847
2.32739,0.0146811
2.38958,0.0140266
2.46758,0.0134435
2.51795,0.0129371
2.79682,0.0126311
2.80094,0.0123867
2.90822,0.0123278
2.94339,0.0124425
3.03431,0.0127379
3.01509,0.0133156
3.10079,0.0141832
2.96471,0.0151391
3.10826,0.0162952
3.05151,0.0176001
2.91002,0.0191465
2.96542,0.0211403
2.8696,0.0232317
2.67004,0.0252935
2.69364,0.0273759
2.69576,0.0295168
2.61236,0.0316058
2.49047,0.033533
2.50284,0.0353141
2.62172,0.0370499
2.50095,0.0385264
2.51259,0.0396056
2.5459,0.0405339
2.59854,0.0412952
2.56319,0.0418326
2.63479,0.0418017
2.68176,0.0411984
2.78858,0.0404066
2.74061,0.0393445
2.94731,0.0381865
3.16396,0.0368098
3.13229,0.0350755
3.2476,0.0332968
3.50233,0.0316445
3.48735,0.0300861
3.63697,0.0287881
3.64932,0.0277357
3.7196,0.0268783
3.61494,0.0261329
3.57631,0.025481
3.60208,0.0253292
3.62308,0.0257956
3.57902,0.0265232
3.51368,0.027458
3.38767,0.0284798
3.3089,0.0297946
3.25685,0.0314017
3.14404,0.033016
3.18577,0.0346764
2.97207,0.036204
2.83278,0.0374727
2.93715,0.0385017
2.91035,0.0393707
2.82185,0.0399865
2.82286,0.0403538
2.88947,0.0403286
2.76223,0.0397897
2.87562,0.0390261
2.85805,0.0380319
3.00516,0.0369334
3.00407,0.0356025
3.06223,0.0340953
2.96905,0.0324412
3.07087,0.0307578
3.04109,0.0290646
3.18108,0.0275642
3.08093,0.0261901
3.17497,0.0249805
3.07401,0.0238484
3.16789,0.0228863
3.02444,0.0220895
3.20535,0.0216771
3.06,0.0213562
2.87829,0.021015
2.98289,0.0207579
2.80884,0.0207899
2.7282,0.0211529
2.76059,0.0216366
2.68658,0.0222219
2.57474,0.0228205
2.51262,0.0234891
2.45822,0.024116
2.51267,0.0247506
2.41845,0.0253002
2.28712,0.0256772
2.37886,0.0258392
2.36122,0.0257363
2.282,0.0254501
2.22717,0.0249561
2.45516,0.0244174
2.29304,0.023501
2.49782,0.0224001
2.50299,0.0212513
2.38025,0.0199694
2.58159,0.0187405
2.49898,0.0175085
2.65222,0.0163774
2.56537,0.0152914
2.62996,0.0143264
2.43786,0.0134497
2.5948,0.0128413
2.6184,0.0124224
2.57578,0.0121474
2.45056,0.0119375
2.45979,0.0118159
2.38582,0.011981
2.2736,0.0125373
2.25374,0.0131991
2.08825,0.0138993
2.10358,0.0146717
1.99301,0.015585
1.95359,0.0165717
1.83409,0.0175224
1.76656,0.0184118
1.70402,0.0192038
1.73337,0.0198823
1.5723,0.0203873
1.57193,0.0207562
1.49573,0.0209618
1.62164,0.0210884
1.58307,0.0208342
1.63422,0.0202378
1.74603,0.0195812
1.68404,0.0187822
1.87935,0.0177946
2.02395,0.0166219
2.02058,0.0154117
2.22697,0.0142911
2.24674,0.0132168
2.26001,0.0121954
2.37811,0.0111776
2.50959,0.0102841
2.46326,0.00947009
2.52198,0.00877681
2.74706,0.0084865
2.5339,0.00850531
2.5833,0.00869531
2.65087,0.00913496
2.58741,0.00979143
2.43999,0.0105515
2.47037,0.0118096
2.28721,0.0135396
2.28311,0.0154112
2.09027,0.0173406
2.01382,0.0192965
1.75439,0.0213344
1.74235,0.0235471
1.58736,0.0256896
1.51797,0.0277302
1.42988,0.0296517
1.1503,0.0311926
1.3778,0.0326224
1.13119,0.0337511
1.17545,0.0346633
1.17752,0.0353863
1.18281,0.0357886
0.998685,0.0357767
1.18845,0.0356483
1.15886,0.0353874
1.17185,0.0348405
1.11059,0.0341857
1.18719,0.0332499
1.25175,0.0322862
1.267,0.0313091
1.36796,0.0303758
1.42283,0.0293515
1.55849,0.0282168
1.55983,0.0271558
1.70825,0.026211
1.78479,0.0253892
1.8557,0.0244137
2.02695,0.0234359
2.16669,0.022594
2.31577,0.0219622
2.39214,0.0214385
2.48048,0.020972
2.43524,0.0205811
2.55699,0.0203156
2.60865,0.0201788
2.63313,0.0201703
2.71606,0.0204689
2.8536,0.0211645
2.75036,0.0220209
2.69032,0.0229936
2.67494,0.0240963
2.65749,0.0256219
2.64075,0.0276156
2.49599,0.0297086
2.40037,0.0318493
2.522,0.0342085
2.29822,0.0365241
2.19069,0.0388002
2.06955,0.04089
2.08369,0.042844
2.05586,0.044577
1.94535,0.0459632
1.96838,0.0471848
1.9507,0.0482327
1.84864,0.0490318
1.83796,0.0495996
1.87208,0.049859
1.90636,0.0499164
1.74756,0.0497229
1.89477,0.0494154
1.97274,0.049044
1.87667,0.0483596
2.06034,0.0474352
2.12966,0.0464742
2.19362,0.0454879
2.3588,0.0443466
2.32366,0.0428977
2.39351,0.0413962
2.58702,0.0399165
2.61858,0.0384349
2.79493,0.0370465
2.85318,0.0356001
3.07518,0.0342827
3.02555,0.0330553
3.25182,0.0320555
3.25179,0.031232
3.22552,0.0307337
3.11158,0.0304393
3.19381,0.0302993
3.24901,0.0303499
3.08725,0.0304725
3.16315,0.0311168
3.08743,0.0322657
3.01332,0.0335401
2.96408,0.0349632
2.74707,0.0364916
2.75368,0.0382212
2.69814,0.0400018
2.56059,0.0417181
2.41055,0.0432656
2.39666,0.0447383
2.40746,0.0461321
2.37602,0.0474081
2.38992,0.0485793
2.31893,0.0495738
2.16767,0.0502693
2.25939,0.0505875
2.43418,0.0504939
2.3659,0.0501904
2.38504,0.0496682
2.46776,0.048682
2.60993,0.047573
2.6802,0.0461469
2.74501,0.044636
2.82661,0.0430812
2.83844,0.0414922
2.93318,0.0399205
2.91544,0.0384603
3.00344,0.0370718
3.1268,0.0358529
3.05216,0.0347449
3.063,0.0339504
3.13653,0.0334937
3.16258,0.0332907
3.16255,0.0333014
3.03659,0.0336023
2.97699,0.0339792
2.98595,0.0348919
2.82501,0.0358685
2.71443,0.0368967
2.65356,0.0382219
2.5979,0.0396201
2.41878,0.0411428
2.37784,0.0426643
2.33452,0.0441605
2.17915,0.0454906
2.11725,0.0466316
2.10224,0.0475121
1.9622,0.0481532
2.00377,0.048602
1.81088,0.0485564
2.11802,0.0482316
1.96737,0.0476534
1.9939,0.0468883
2.12696,0.0460425
2.12707,0.0448589
2.27505,0.0436301
2.26811,0.0421166
2.32373,0.0405401
2.39802,0.0389694
2.48921,0.0374788
2.51102,0.0360243
2.55181,0.0347803
2.61084,0.0336793
2.68742,0.0327859
2.65207,0.0321981
2.7236,0.0318086
2.68448,0.0317177
2.60412,0.0317461
2.76019,0.0320158
2.67574,0.0324982
2.55096,0.0331226
2.56041,0.0338298
2.63372,0.0346943
2.49123,0.035577
2.41893,0.0365324
2.50028,0.0375345
2.3242,0.0385317
2.32615,0.0394538
2.30909,0.0403423
2.33578,0.041216
2.38332,0.0420871
2.2587,0.042857
2.31026,0.0436055
2.29704,0.0442897
2.32746,0.0447089
2.22915,0.0449865
2.41199,0.0450095
2.35317,0.0449371
2.38083,0.0447662
2.42879,0.0443789
2.55867,0.0439589
2.57531,0.0432692
2.69455,0.0425688
2.74387,0.0418571
2.80981,0.0411033
2.91283,0.0405031
3.05015,0.0400214
2.88204,0.0395196
3.01665,0.0391152
3.01749,0.0388162
2.99336,0.038662
3.11834,0.0388081
2.9599,0.038991
3.08314,0.0393275
2.9666,0.0397233
3.00245,0.0403236
2.93082,0.0410264
2.90418,0.0417756
2.94223,0.0425928
2.87246,0.0434129
2.80537,0.0441941
2.74223,0.0448856
2.87357,0.045587
2.87146,0.0462685
2.93141,0.0466968
2.92432,0.0470541
3.04292,0.047189
3.04954,0.0472336
3.15962,0.0472181
3.26338,0.0471707
3.31547,0.0467873
3.25768,0.0462725
3.34924,0.0456872
3.2659,0.0449657
3.39608,0.0442193
3.41372,0.0435562
3.49047,0.0431094
3.47771,0.0427429
3.54677,0.0425239
3.42153,0.0423829
3.44842,0.0425104
3.32617,0.0429968
3.20869,0.0434496
3.11973,0.0438852
3.14226,0.0447298
3.10083,0.0457239
2.85004,0.0468935
2.76106,0.0480692
2.70166,0.0492257
2.58337,0.0502589
2.47461,0.0511598
2.4582,0.051967
2.36084,0.0526244
2.41863,0.0532186
2.32898,0.0536719
2.28653,0.0536595
2.20725,0.0531905
2.26113,0.0525215
2.33742,0.0516879
2.30331,0.05064
2.37843,0.0491365
2.47209,0.0473229
2.58255,0.0454615
2.60183,0.0435589
2.59826,0.0417583
2.74344,0.0400075
2.83833,0.0383508
2.77849,0.0367535
2.91118,0.0353478
2.84637,0.0341154
3.01594,0.0331511
3.00709,0.0323969
2.93276,0.0317938
2.8619,0.0312765
3.02768,0.0309941
2.99451,0.0310438
2.87577,0.0313686
2.82699,0.0317524
2.76047,0.0321395
2.88845,0.0326605
2.86194,0.0334605
2.70839,0.0343079
2.75396,0.0352077
2.58694,0.0360291
2.68292,0.0368451
2.69107,0.0375484
2.48694,0.038007
2.67475,0.0385141
2.49524,0.038914
2.59927,0.0391428
2.74276,0.0392825
2.64474,0.0393022
2.67778,0.0392048
2.62543,0.0389372
2.76656,0.0386123
2.73125,0.0380815
2.8023,0.0374875
2.84869,0.0368786
2.74321,0.0361726
2.8758,0.0354953
2.81138,0.0348857
2.93954,0.0344345
2.9125,0.0340686
2.86435,0.0337728
2.92441,0.0336565
2.96038,0.0336785
2.88669,0.0338342
2.96499,0.0341395
2.84866,0.0344824
2.73738,0.0348865
2.76038,0.0352708
2.80443,0.0357154
2.69775,0.0361268
2.74469,0.0365461
2.72696,0.0370013
2.66715,0.0374281
2.65407,0.037764
2.66079,0.0380655
2.60894,0.0382627
2.70622,0.0381455
2.7356,0.0376441
2.82618,0.0371173
2.83372,0.0365139
2.99264,0.0359144
2.83819,0.035102
3.04603,0.0342714
3.15928,0.033409
3.22178,0.0325929
3.02428,0.0316607
3.23855,0.0309991
3.3352,0.0304445
3.23346,0.0302453
3.32571,0.0301883
3.26457,0.0302536
3.30999,0.0305692
3.1624,0.0309542
3.16927,0.0316743
3.07092,0.0324503
2.97715,0.0332558
2.99514,0.0341168
2.90716,0.0352619
2.82371,0.0366257
2.74639,0.0380397
2.54717,0.0393752
2.52959,0.0406522
2.47342,0.0418506
2.48714,0.0430026
2.39369,0.0439935
2.39373,0.0448119
2.30904,0.0450811
2.31689,0.0449669
2.34687,0.0446794
2.3561,0.0442023
2.51351,0.0436276
2.53604,0.0427981
2.57936,0.0418643
2.64036,0.0405063
2.55003,0.0389953
2.63402,0.0374216
2.73566,0.035973
2.78877,0.0346722
2.88033,0.0334729
2.85983,0.0323724
2.79702,0.0313339
2.8856,0.0305006
2.9697,0.0298716
2.94156,0.0296537
2.87102,0.0295465
2.7197,0.0294644
2.70384,0.0293751
2.75397,0.0296629
2.84399,0.030334
2.78031,0.0311484
2.67664,0.032025
2.57921,0.0330466
2.57301,0.0340636
2.58991,0.0351069
2.54266,0.0361549
2.49869,0.0371851
2.37309,0.0380537
2.34023,0.0387775
2.35367,0.0394079
2.24166,0.0398854
2.32593,0.040276
2.30227,0.0403115
2.28007,0.0401868
2.36692,0.0400399
2.38596,0.0398207
2.50978,0.0395882
2.39407,0.0392247
2.55941,0.0387821
2.56881,0.0379212
2.63967,0.0370625
2.68543,0.0362285
2.55807,0.0353232
2.67,0.0346692
2.62859,0.0339478
2.69421,0.0332829
2.69248,0.032705
2.70527,0.0322367
2.74867,0.0317726
2.78678,0.0317678
2.65036,0.0318059
2.7112,0.031962
2.66389,0.0322073
2.53342,0.0326872
2.68595,0.0333665
2.55625,0.0340781
2.55903,0.0348421
2.52056,0.0356425
2.52708,0.0367084
2.55473,0.0378184
2.47519,0.0388933
2.4847,0.0399335
2.41018,0.0408735
2.29754,0.0413578
2.46763,0.0416026
2.39721,0.041727
2.47793,0.0417583
2.57633,0.0417195
2.69004,0.0413525
2.69068,0.0410643
2.71054,0.0406934
2.75058,0.0402573
2.89358,0.0398514
2.90084,0.0394839
2.88332,0.0391097
2.91272,0.0387225
3.05844,0.0384467
3.03228,0.0382552
3.06583,0.0382356
3.11817,0.0383685
2.95466,0.0385399
2.94664,0.0387608
3.0029,0.0390786
2.99249,0.039491
2.87507,0.0401899
2.89079,0.0409584
2.96973,0.0418547
2.93832,0.0428274
2.82236,0.0439277
2.86097,0.0452071
2.75026,0.0464611
2.72942,0.0476775
2.77523,0.0489046
2.67012,0.0500551
2.65548,0.0509083
2.64049,0.0516663
2.60736,0.0522894
2.55857,0.0527257
2.70177,0.0528669
2.64731,0.05269
2.6356,0.0523034
2.39821,0.0515547
2.95006,0.0508725
2.92688,0.0501531
3.00574,0.0494402
3.01682,0.0487105
3.19418,0.0481053
3.15038,0.0475807
3.21123,0.0472924
3.2474,0.0472015
3.21517,0.0472254
3.12056,0.0472779
3.22087,0.0474439
3.23119,0.047814
3.21673,0.048367
3.26659,0.0490454
3.2068,0.0497864
3.17014,0.0505531
3.1137,0.0513092
3.06038,0.0521398
3.03126,0.0529145
2.98283,0.0536158
3.08546,0.0543324
3.14064,0.0551186
3.04329,0.0558122
3.05624,0.0564595
3.04804,0.0570304
3.14602,0.0575607
3.19615,0.0578981
3.19997,0.0578493
3.28686,0.0577293
3.30544,0.0575118
3.34395,0.0571954
3.37529,0.0567708
3.49151,0.0563001
3.5153,0.0558186
3.5775,0.0553933
3.52943,0.0549911
3.54428,0.0546667
3.60108,0.0544962
3.52603,0.0543805
3.62348,0.0543996
3.48117,0.0544297
3.66315,0.0547811
3.58116,0.0553425
3.58597,0.0559722
3.56855,0.056649
3.48836,0.0572976
3.43271,0.0578646
3.44197,0.058298
3.6849,0.0588742
3.57992,0.059443
3.38924,0.0598193
3.67593,0.0600392
3.75606,0.0601545
3.6607,0.0601428
3.653,0.0599692
3.6248,0.059618
3.76613,0.0592828
3.79982,0.0589242
3.81466,0.0585536
3.84134,0.0582022
3.79773,0.0578557
3.9215,0.0577328
3.78744,0.0577037
3.84822,0.0577459
3.77888,0.0578115
3.79567,0.0579316
3.81289,0.0581953
3.8281,0.0586407
3.69304,0.0590615
3.67077,0.0594667
3.60841,0.0598141
3.71912,0.0601945
3.54894,0.0603554
3.66203,0.0605321
3.6438,0.0606888
3.71025,0.0608431
3.49785,0.0607641
3.59262,0.0604678
3.62117,0.0600616
3.77458,0.0596553
3.79195,0.0592336
3.6585,0.0586932
3.6376,0.0581593
3.8098,0.0576942
3.78168,0.0572896
3.60517,0.0568299
3.62882,0.0563966
3.69526,0.0560946
3.56737,0.0557798
3.74215,0.0556076
3.6547,0.0554957
3.63372,0.0554575
3.6148,0.0555634
3.44879,0.0555823
3.52524,0.055603
3.5149,0.0556286
3.54736,0.0556377
3.57827,0.0555712
3.45932,0.0554343
3.49483,0.0552361
3.59379,0.0550264
3.62372,0.0546738
3.62993,0.0541155
3.72047,0.0535116
3.73241,0.0528509
3.69457,0.0520908
3.78347,0.0513132
3.9275,0.0506731
3.95956,0.0501262
3.37307,0.0492793
3.88899,0.0486042
3.94309,0.0481413
3.90404,0.0478912
3.99358,0.0478445
3.95069,0.0479442
3.95107,0.0481663
3.88672,0.0485226
3.84696,0.0489206
3.95783,0.0494156
3.80816,0.0498606
3.85552,0.0502445
3.90207,0.0505654
3.91678,0.0506294
4.00476,0.0506558
4.04354,0.0506278
3.9913,0.0504679
4.02535,0.0501893
4.20579,0.0499974
4.18414,0.0497928
4.24623,0.04963
4.11371,0.0495011
4.15527,0.0493426
4.02597,0.0493439
4.19905,0.0495039
4.08849,0.0497324
4.06622,0.0500151
3.98185,0.0504531
4.07151,0.0510707
3.90283,0.0516555
3.84802,0.0521997
3.8828,0.0527449
3.78925,0.0533838
3.67984,0.0538617
3.5983,0.0542012
3.79933,0.054549
3.69402,0.0547935
3.69893,0.0547438
3.70501,0.0545205
3.85995,0.0542917
3.75254,0.0539553
3.79779,0.0535855
3.75716,0.0532018
3.8035,0.0527073
3.84783,0.05224
3.84707,0.0517897
3.99436,0.0514297
3.94264,0.0509158
3.97689,0.0501736
4.11536,0.0494341
4.26711,0.0487548
4.23809,0.0480646
4.39968,0.0472172
4.4448,0.0462238
4.63418,0.0453385
4.80862,0.0446099
4.73949,0.0438836
5.00733,0.0430044
5.04844,0.0418677
5.29126,0.0408893
5.45789,0.040088
5.45749,0.0393905
5.51839,0.038892
5.65354,0.0386363
5.69655,0.0385095
5.82685,0.0385274
5.79217,0.0386727
5.90186,0.0390684
5.84951,0.0395407
6.0065,0.0401538
6.08885,0.040918
6.11647,0.0417943
6.33219,0.0427393
6.27569,0.0435806
6.23915,0.0443225
6.32569,0.0449743
6.32274,0.0455232
6.42043,0.0460263
6.44629,0.0466208
6.37977,0.0471627
6.44264,0.0477153
6.37273,0.0482197
6.53635,0.0489477
6.38958,0.0497361
6.39758,0.0504758
6.36104,0.0511189
6.36726,0.0516643
6.285,0.051885
6.43984,0.0520065
6.43652,0.0519807
6.30337,0.0516882
6.25984,0.0511437
6.45209,0.050589
6.39987,0.0500591
6.28409,0.0494178
6.38418,0.0487709
6.37457,0.0481514
6.32023,0.0474441
6.22581,0.0466948
6.30497,0.0459062
6.21138,0.0450075
6.3119,0.0439148
6.19554,0.0426772
6.29519,0.0412742
6.28489,0.0397825
6.27349,0.0382079
6.26227,0.0366876
6.2512,0.0352179
6.26377,0.0337327
6.20188,0.0322261
6.15671,0.0306846
6.27779,0.0291985
6.22337,0.0278391
6.2127,0.0264724
6.21838,0.0251507
5.27878,0.0231961
6.10625,0.0213814
6.17478,0.0196881
6.12814,0.0182895
6.01983,0.0169012
6.12947,0.0156623
5.89553,0.0148151
5.86391,0.0143453
5.68975,0.0138589
5.63075,0.0134089
5.53585,0.0130193
5.42621,0.012805
5.24238,0.0125881
5.17575,0.0123826
5.1595,0.0121963
5.08293,0.0119827
5.07827,0.0117665
4.84243,0.011423
4.75024,0.0108998
4.81485,0.0103178
4.69158,0.00960353
4.5955,0.00871711
4.44761,0.00763907
4.5429,0.00648157
4.44949,0.00519604
4.40331,0.00381589
4.36371,0.00221664
4.39294,0.000490289
4.3213,-0.00126808
4.40063,-0.00297535
4.37431,-0.00464141
4.30777,-0.00641014
4.31336,-0.00824711
4.34101,-0.0100176
4.30618,-0.0117612
4.38052,-0.0134333
4.39077,-0.0151051
4.37922,-0.0165876
4.3704,-0.0180431
4.51149,-0.0193466
4.47784,-0.0205155
4.38102,-0.0216052
4.33392,-0.0226716
4.37587,-0.0234684
4.24862,-0.0241302
4.21282,-0.0246183
4.28785,-0.024813
4.06334,-0.0248025
4.00258,-0.0243744
3.90411,-0.0238328
3.81415,-0.0232142
3.71016,-0.0225925
3.5962,-0.0220025
3.57478,-0.0215308
3.51622,-0.0211024
3.46268,-0.0207308
3.54485,-0.0203637
3.43287,-0.0204184
3.58412,-0.0208026
3.51736,-0.021291
3.45171,-0.0219215
3.38537,-0.0228232
3.31918,-0.0238993
3.25254,-0.0250794
3.18658,-0.0263389
3.64252,-0.0274285
3.60684,-0.0283821
3.42413,-0.0294674
3.4035,-0.0305364
3.36374,-0.0315858
3.45558,-0.0324852
3.33205,-0.0332885
3.25924,-0.0337622
3.29832,-0.0339401
3.16815,-0.0339989
3.15142,-0.0339245
3.11877,-0.0336968
3.13127,-0.0333025
3.08216,-0.0328552
3.05725,-0.0323812
3.2071,-0.0317996
3.13743,-0.0312126
3.00829,-0.0309106
2.97213,-0.0309274
3.11183,-0.0309876
2.99021,-0.031206
3.15069,-0.0314288
3.09272,-0.0317791
3.10251,-0.0322271
3.09042,-0.0326855
3.16509,-0.0330778
3.08797,-0.0334526
3.07924,-0.0337886
3.05102,-0.034018
3.08873,-0.0341456
2.97705,-0.0342418
2.97807,-0.0342817
2.9171,-0.0339429
2.88205,-0.0333466
2.78636,-0.0327245
2.69852,-0.032042
2.76472,-0.031152
2.68193,-0.0302746
2.56184,-0.0294702
2.5364,-0.028671
2.57713,-0.0278591
2.5545,-0.0270775
2.51293,-0.0266176
2.49768,-0.0264328
2.59006,-0.0263213
2.65789,-0.0262409
2.65874,-0.0262735
2.87197,-0.0265356
2.79873,-0.0271474
2.79121,-0.0279538
2.86978,-0.0288793
3.11387,-0.0297011
3.02632,-0.0306128
3.13112,-0.0316622
3.14615,-0.0326568
3.28523,-0.0334832
3.18342,-0.0342453
3.27517,-0.0344241
3.27778,-0.0343986
3.31982,-0.0341462
3.16892,-0.0337795
3.25775,-0.0332131
3.19438,-0.0323918
3.13241,-0.03129
3.09565,-0.0300915
2.99755,-0.0288662
3.05329,-0.0276406
2.95888,-0.0263089
2.95371,-0.024986
2.97115,-0.0237134
2.98796,-0.0225378
2.94055,-0.0215179
3.04383,-0.0209442
3.1845,-0.0207838
3.27439,-0.0206938
3.12408,-0.0208362
3.29851,-0.0210391
3.33734,-0.0215183
3.32953,-0.0222883
3.44727,-0.0230983
3.32577,-0.0240173
3.31444,-0.0249673
3.38904,-0.0257567
3.39474,-0.0262483
3.42047,-0.0265596
3.35929,-0.0267094
3.27928,-0.026699
3.2034,-0.0263225
3.15348,-0.0255512
2.93753,-0.0246958
2.79719,-0.0238134
2.66828,-0.0229476
2.42086,-0.0219054
2.27526,-0.0205224
2.18283,-0.0191714
1.99687,-0.0178831
1.88496,-0.0166944
1.67943,-0.0154186
1.55154,-0.0140748
1.29239,-0.0129506
1.23876,-0.011997
1.08991,-0.0112888
0.911408,-0.0107365
0.774685,-0.0106041
0.710376,-0.0106916
0.530606,-0.0110701
0.555496,-0.0116426
0.3988,-0.0127952
0.401258,-0.0142308
0.304918,-0.0159256
0.40767,-0.0177222
0.239099,-0.0196936
0.397217,-0.0220252
0.36449,-0.0245576
0.482536,-0.0270451
0.557798,-0.0294427
0.396324,-0.0318248
0.522,-0.0341157
0.496268,-0.0361732
0.433047,-0.0381004
0.522071,-0.0397779
0.610248,-0.0411498
0.503455,-0.0420705
0.434377,-0.0427557
0.315359,-0.0432936
0.458577,-0.0435672
0.412218,-0.043609
0.328932,-0.0433792
0.208398,-0.0427734
0.182544,-0.0420354
0.118196,-0.0411722
0.103934,-0.0401943
-0.0348324,-0.0391692
0.0486011,-0.0378703
0.00313187,-0.0364529
-0.163062,-0.0350334
-0.235397,-0.0336631
-0.319624,-0.0323901
-0.269985,-0.0311208
-0.386245,-0.0298894
-0.348453,-0.028651
-0.435546,-0.0274808
-0.516638,-0.0264569
-0.374722,-0.025629
-0.451815,-0.0249257
-0.544573,-0.0244133
-0.418231,-0.0239619
-0.314718,-0.0238412
-0.302444,-0.0238421
-0.247609,-0.0238377
-0.406839,-0.0239684
-0.153478,-0.0240182
-0.102231,-0.0240886
-0.0552416,-0.0243298
0.0313543,-0.024473
0.0918733,-0.0245063
0.0848039,-0.0244502
0.204322,-0.024249
0.147967,-0.0239958
0.219713,-0.0236189
0.351778,-0.023022
0.284635,-0.0222808
0.303956,-0.0213074
0.32141,-0.0200135
0.401332,-0.0185226
0.369986,-0.0168688
0.275301,-0.0151555
0.248533,-0.0132883
0.181572,-0.0113541
0.184624,-0.00939284
0.245516,-0.00736042
0.306354,-0.00524966
0.322181,-0.00326934
0.245974,-0.00147493
0.0734344,0.000118212
0.205073,0.00163559
0.183175,0.00306839
0.118753,0.00433803
0.185151,0.00552485
0.206269,0.00662834
0.140901,0.0075749
0.311899,0.00850409
0.241118,0.00923266
0.214468,0.00976254
0.217671,0.0102168
0.292407,0.0106432
0.369771,0.0110934
0.335378,0.0113985
0.386683,0.0114845
0.456229,0.0116044
0.415114,0.0117067
0.37461,0.0117729
0.505799,0.0120775
0.46024,0.0124152
0.415336,0.0127165
0.562741,0.0131058
0.427462,0.0134614
0.508767,0.0139704
0.523302,0.0146452
0.640708,0.0154576
0.497463,0.0162557
0.635322,0.0171333
0.575848,0.018113
0.516862,0.0190302
0.652189,0.0200399
0.483655,0.0209877
0.534181,0.0219847
0.476965,0.0229081
0.507015,0.0237042
0.366275,0.0243617
0.402065,0.0249353
0.437452,0.0253846
0.428234,0.0257968
0.482621,0.0263883
0.38583,0.0269297
0.463089,0.0274985
0.515965,0.0281107
0.353252,0.028544
0.346893,0.0287837
0.406347,0.0289878
0.356808,0.0291326
0.394244,0.0293448
0.345473,0.029469
0.405163,0.0296134
0.20804,0.0296039
0.359983,0.0296004
0.400144,0.0295871
0.35216,0.0295719
0.454616,0.0297102
0.403835,0.0298396
0.248684,0.0298482
0.399274,0.0298742
0.395076,0.0299123
0.410893,0.0299657
0.447084,0.0300789
0.396297,0.0301927
0.432529,0.0303333
0.340154,0.0306382
0.400641,0.0307949
0.289489,0.0308507
0.395504,0.030915
0.391268,0.0309095
0.343789,0.0309459
0.53186,0.0311134
0.625748,0.0314388
0.4157,0.0317025
0.363731,0.03194
0.422519,0.0323141
0.499845,0.0327708
0.48765,0.0332573
0.538723,0.0338078
0.332527,0.0342507
0.433376,0.0344674
0.467322,0.0347015
0.56214,0.0350078
0.544925,0.0353444
0.485464,0.035543
0.57713,0.035865
0.558305,0.0361798
0.581418,0.0365006
0.518583,0.0367701
0.606816,0.0370835
0.62278,0.0375491
0.560067,0.0379672
0.53935,0.0383566
0.582856,0.038744
0.645388,0.0391554
0.682117,0.0395804
0.652569,0.0399465
0.581361,0.0402432
0.662322,0.0405502
0.696449,0.0408325
0.706803,0.0410931
0.821335,0.0414608
0.738633,0.0418013
0.806412,0.042158
0.807558,0.0425087
0.912855,0.0429783
0.948541,0.0436292
0.852603,0.0442183
1.05779,0.044921
0.954689,0.0456333
0.939593,0.0462615
0.924252,0.0468312
1.05822,0.0474398
0.951174,0.0479767
0.91159,0.0483619
1.04213,0.0487675
1.06144,0.0490555
1.18277,0.0494505
1.10603,0.0498618
1.13633,0.0503029
1.05932,0.0506852
1.21809,0.0511387
1.24146,0.051596
1.30234,0.052056
1.25366,0.0524723
1.31116,0.052743
1.45016,0.0530407
1.5361,0.0534024
1.57344,0.0537723
1.54295,0.0541159
1.76556,0.0544579
1.74001,0.054506
1.73515,0.0544461
1.94004,0.0544096
2.02659,0.0544105
2.01735,0.0544114
2.1339,0.0544039
2.11452,0.0543888
2.13549,0.0543562
2.23604,0.0543665
2.35116,0.0545287
2.39275,0.0549216
2.30139,0.0553319
2.42185,0.0558764
2.40984,0.0565463
2.30872,0.0574698
2.29641,0.0586909
2.40903,0.0600224
2.26172,0.0613206
2.43686,0.0626511
2.26279,0.0639293
2.24236,0.0650861
2.26688,0.0662055
2.11942,0.0671742
2.04213,0.0679677
2.18125,0.0687824
2.16524,0.0695254
2.10555,0.0701554
2.13351,0.0707117
1.96907,0.0710814
2.00368,0.0712077
2.05902,0.0712825
1.89898,0.0711756
2.08598,0.0710606
2.03176,0.0708874
2.06293,0.0705802
2.00803,0.0697868
2.1249,0.0689232
2.25721,0.0680371
2.27478,0.0669735
2.28959,0.0657604
2.40736,0.0643638
2.54009,0.0629448
2.64187,0.0615225
2.73608,0.059919
2.7567,0.0583041
2.8811,0.0566679
2.97495,0.0551072
3.08218,0.0536544
3.17896,0.0524991
3.16181,0.0515484
3.16271,0.0506894
3.18347,0.049965
3.2203,0.0494257
3.25406,0.049675
3.0284,0.0498751
3.1518,0.0506107
2.95051,0.0514226
2.84305,0.0522862
2.7844,0.0531907
2.53846,0.0542685
2.64533,0.0559421
2.36754,0.0575792
2.25236,0.0591753
2.14639,0.0608568
2.04987,0.0625705
1.85412,0.0641001
1.77767,0.0654289
1.60284,0.066474
1.59072,0.0672975
1.62456,0.0677917
1.53232,0.0680686
1.48912,0.0681244
1.34804,0.067875
1.44791,0.0674379
1.52638,0.0664473
1.53755,0.0650931
1.6365,0.0636204
1.55989,0.0619713
1.61571,0.0599056
1.75546,0.0575982
1.95248,0.0553644
1.98947,0.0531298
2.08641,0.0509625
2.19903,0.0488028
2.40978,0.0468123
2.41696,0.0447025
2.48432,0.0427353
2.52581,0.0409184
2.58319,0.039362
2.61557,0.0380981
2.64348,0.0373719
2.69018,0.0369088
2.70967,0.0367322
2.60041,0.0372992
2.49511,0.0384135
2.28957,0.0396584
2.2861,0.0410638
1.96702,0.0424759
2.02549,0.0440461
1.82978,0.0459106
1.62608,0.0480109
1.62561,0.0502021
1.48035,0.0524389
1.21687,0.0544541
1.2492,0.0564137
1.13642,0.0581643
0.946167,0.0595822
0.959566,0.0607617
0.832543,0.0611495
0.860494,0.0613135
0.892675,0.0612644
0.776093,0.0609551
0.819516,0.0604153
0.861803,0.0596833
0.947092,0.0588608
0.882172,0.0576732
0.969825,0.0564436
0.970304,0.0551411
0.950338,0.0536642
1.10264,0.0519563
1.18519,0.0503579
1.19889,0.0488261
1.27538,0.0473961
1.34808,0.0459145
1.45876,0.044738
1.52052,0.0437061
1.53518,0.0427832
1.5482,0.041944
1.75022,0.0411052
1.91948,0.0405264
2.05535,0.0400273
2.01271,0.0396486
1.98631,0.0392864
2.23957,0.0390614
2.24304,0.0386778
2.32739,0.0384386
2.4663,0.038394
2.53346,0.0385396
2.38094,0.0388914
2.5937,0.0394221
2.6012,0.0402895
2.56393,0.0412577
2.67386,0.0423954
2.5648,0.0435872
2.47776,0.0450392
2.39574,0.0466521
2.40215,0.0482899
2.36558,0.0499431
2.28667,0.0516308
2.29676,0.0533033
2.26372,0.0549906
2.23197,0.0566123
2.20124,0.0581568
2.17252,0.0597379
2.10278,0.0612327
2.03698,0.0625183
1.82752,0.0635028
1.94765,0.0643198
1.80985,0.06491
1.89095,0.0653597
1.92763,0.0656655
1.9194,0.065879
1.86933,0.0659673
1.86484,0.0659036
2.01003,0.065779
1.99949,0.0653021
2.073,0.0647852
2.10024,0.0641935
2.2309,0.0632229
2.29058,0.0621395
2.45098,0.061035
2.60194,0.0599673
2.54935,0.0588264
2.66803,0.0574353
2.75723,0.0560121
2.92373,0.0546916
3.11977,0.0535764
3.06976,0.0525741
3.08106,0.0518051
3.21865,0.051332
3.19218,0.0510394
3.23173,0.0509181
3.15995,0.0509289
3.17494,0.0512557
3.16405,0.0520582
3.13218,0.0529963
3.01536,0.05399
2.9463,0.0550299
2.94355,0.0565258
2.83542,0.0582659
2.58395,0.0599753
2.60088,0.061709
2.40817,0.0633538
2.37373,0.0649094
2.3441,0.0663652
2.04189,0.0674973
2.1819,0.0684826
2.16957,0.0693175
2.03084,0.069808
1.94318,0.0698203
1.99258,0.0696257
2.06071,0.0692615
2.19043,0.0687831
2.2499,0.0677538
2.24268,0.0662996
2.34141,0.0647486
2.26596,0.0630068
2.40574,0.0611609
2.49662,0.0590868
2.66617,0.0570368
2.8246,0.0550677
2.82475,0.0531812
2.842,0.0513749
2.98551,0.0499892
2.97062,0.0487282
2.99675,0.0476759
3.12484,0.0468701
3.11843,0.0462888
3.19386,0.0460727
3.11535,0.0463966
2.99558,0.0468016
3.11506,0.0473936
3.03785,0.0481307
2.96249,0.0493749
2.72108,0.050811
2.78956,0.0523537
2.60251,0.0539231
2.63665,0.0555755
2.3749,0.0570902
2.33838,0.058567
2.35141,0.0599648
2.31329,0.0612466
2.31363,0.0624054
2.29005,0.0634118
2.18277,0.0640033
2.20937,0.0640977
2.15305,0.063939
2.24801,0.063541
2.36104,0.0630078
2.40441,0.0620238
2.46638,0.060622
2.54583,0.0591085
2.59934,0.0574725
2.71286,0.0556633
2.7341,0.0537768
2.92293,0.0519987
2.96419,0.0503171
3.03753,0.0487988
3.07824,0.0476008
3.09278,0.0465826
3.08234,0.0458763
3.09299,0.0453243
3.16405,0.0449841
3.08276,0.0449586
3.10925,0.0451116
3.11308,0.045448
3.17784,0.0459768
3.00614,0.0465597
2.88408,0.0471456
2.96039,0.047873
2.96946,0.0486555
2.89273,0.0494404
2.92511,0.0502479
2.95677,0.0509507
2.92218,0.0515582
2.71969,0.0519442
2.88837,0.0522693
2.81702,0.052417
2.89625,0.0522883
2.90834,0.0520314
2.98228,0.051506
3.00987,0.0508821
3.20357,0.050291
3.11144,0.0495447
3.08465,0.0487355
3.12318,0.0479049
2.9895,0.0469864
3.01065,0.0460582
3.11643,0.0452277
3.06763,0.0447105
2.89281,0.0443518
2.91825,0.0440421
2.96526,0.0438435
2.98849,0.0437637
2.81925,0.0436564
2.82822,0.0436137
2.81758,0.0436459
2.74423,0.0437001
2.5909,0.0436588
2.72224,0.0436367
2.61612,0.0437613
2.55713,0.043851
2.58854,0.0439518
2.44993,0.0440323
2.40405,0.0440221
2.38426,0.0438908
2.53751,0.0437817
2.38659,0.0435457
2.4549,0.0432622
2.50142,0.0428478
2.56684,0.0422267
2.48031,0.0414824
2.54685,0.0406514
2.5046,0.0396498
2.55075,0.0386347
2.65778,0.0376821
2.56853,0.0366874
2.55747,0.0356768
2.71403,0.0348533
2.68888,0.0339064
2.53334,0.0330548
2.55582,0.0322814
2.60041,0.031635
2.62121,0.0311646
2.53486,0.0309757
2.58001,0.031074
2.45471,0.0312355
2.42041,0.0314488
2.49574,0.031725
2.41954,0.0321905
2.39012,0.0327148
2.27842,0.0332087
2.25853,0.0336823
2.19908,0.0341118
2.18727,0.0347597
2.14957,0.0353602
2.08289,0.0358668
2.08231,0.0363031
2.1466,0.036718
1.99589,0.0369105
2.1511,0.037009
1.98198,0.036991
2.11906,0.0369488
2.12361,0.0368621
2.1912,0.0364228
2.04396,0.0358133
2.24378,0.035168
2.23505,0.034433
2.34719,0.0336628
2.53311,0.0326396
2.47249,0.031534
2.68829,0.0305502
2.72326,0.0296676
2.64755,0.028817
2.84841,0.0280922
2.7642,0.0274614
2.80809,0.0269552
2.82835,0.0265868
2.86641,0.0263691
2.88016,0.0264831
2.91272,0.0269367
2.95597,0.0276025
2.7523,0.0283287
2.81391,0.0291493
2.57165,0.0301929
2.72266,0.0312672
2.63448,0.0323466
2.54954,0.0333836
2.57565,0.0344165
2.53779,0.0352485
2.31158,0.035961
2.28166,0.0365087
2.52241,0.0370661
2.5349,0.0376062
2.50167,0.0378619
2.47015,0.037775
2.58906,0.037607
2.61736,0.0373311
2.76971,0.0370125
2.76539,0.0367296
2.75874,0.0362187
3.00668,0.0357091
2.94287,0.0351252
3.07071,0.0345651
3.08462,0.0339502
3.2648,0.0333662
3.17883,0.0328328
3.17971,0.032368
3.20089,0.0320139
3.15609,0.0320187
3.17463,0.0324197
3.23481,0.0330117
3.03582,0.0336465
2.97319,0.0343138
2.93616,0.0354571
2.94437,0.0371377
2.60829,0.0387529
2.55331,0.0403586
2.4169,0.0418984
2.37323,0.043461
2.18708,0.0449693
2.18113,0.0463913
2.15966,0.0477162
1.99124,0.0488229
1.94107,0.0494383
1.89651,0.0498306
2.00689,0.050126
2.0064,0.0503056
1.92247,0.0503129
1.85677,0.049949
1.94013,0.0492281
2.05826,0.0483616
1.97913,0.0472865
2.17957,0.0461661
2.30794,0.0449186
2.25842,0.0433564
2.24646,0.0416223
2.39571,0.0398591
2.68127,0.0382646
2.69499,0.036868
2.80956,0.0356705
2.76911,0.0346123
2.91837,0.0337914
2.82657,0.0331204
3.01171,0.0328623
2.91165,0.0329605
2.96071,0.0332876
2.90218,0.033771
2.92936,0.0343986
3.06085,0.0353868
2.94958,0.0366621
2.94848,0.0380568
2.84159,0.0394698
2.86676,0.0409252
2.82675,0.0423701
2.80982,0.043904
2.70897,0.0453589
2.74045,0.0467652
2.79214,0.048164
2.69247,0.049205
2.78792,0.0502436
2.64623,0.0511268
2.82876,0.051987
2.77,0.0527311
2.66979,0.0532254
2.76614,0.0534604
2.77234,0.0535154
3.07434,0.0536083
3.08672,0.053681
3.02902,0.0535566
3.14199,0.0531469
3.18582,0.0527021
3.22893,0.0522408
3.3007,0.0518389
3.31115,0.0516094
3.33804,0.0515156
3.46764,0.0515802
3.37692,0.0517032
3.49931,0.0519624
3.42455,0.0523557
3.41398,0.0528244
3.45767,0.0533404
3.45135,0.0539013
3.48226,0.0545092
3.35826,0.0550213
3.5365,0.0555588
3.49247,0.0561084
3.59717,0.056703
3.65296,0.0573146
3.70349,0.057719
3.74801,0.0578378
3.78914,0.0578608
3.82599,0.0577757
3.85925,0.0575677
3.88702,0.0571949
4.10324,0.0567688
4.18188,0.0563606
4.15655,0.0559795
4.07917,0.0555742
4.01945,0.05535
4.02508,0.0552356
4.1785,0.0552483
4.17205,0.0553712
4.16458,0.055604
4.15465,0.0559101
4.20719,0.0563473
4.12546,0.056828
4.1692,0.0573626
3.95129,0.0578187
3.99357,0.0582569
4.09295,0.0586222
4.12608,0.0589595
4.0611,0.0591903
4.09488,0.0593369
4.07852,0.0592114
4.1473,0.0589054
4.17823,0.0585052
3.62442,0.0576365
4.21625,0.0568767
4.17309,0.0563628
4.06319,0.0558981
4.12857,0.0554804
4.16925,0.0551503
4.03747,0.0548104
4.01757,0.0544419
4.04207,0.054194
4.02267,0.0539932
4.04635,0.0538506
4.02634,0.0537363
4.03295,0.0537116
3.81299,0.0536318
3.81014,0.0534665
3.93192,0.0533328
3.83556,0.0531434
3.8286,0.0528076
3.86535,0.0522306
3.7523,0.0514797
3.85719,0.0506353
3.89448,0.0497709
3.8865,0.0485104
3.73054,0.0470231
3.92207,0.0455399
3.91452,0.0440797
3.90564,0.0426375
3.74901,0.041404
3.85522,0.0403649
3.80948,0.0393771
3.79973,0.0384604
3.69697,0.0375499
3.79078,0.0369366
3.66572,0.036399
3.67364,0.0359276
3.72535,0.0355692
3.6899,0.035316
3.55111,0.03484
3.5683,0.0343138
3.62924,0.0338204
3.56034,0.0332738
3.62246,0.0327142
3.60471,0.0319763
3.69771,0.0311211
3.6297,0.0301809
3.6894,0.0292088
3.74668,0.0282482
3.67342,0.0273387
3.66477,0.0263992
3.55281,0.0254262
3.72743,0.0246143
3.59396,0.0238115
3.46606,0.0235311
3.45368,0.0237094
3.42581,0.0240426
3.23954,0.024437
3.05591,0.0248001
2.9664,0.0254641
2.90874,0.0261539
2.83276,0.0269382
2.72175,0.0277015
2.62104,0.0283605
2.48601,0.0288541
2.36331,0.029132
2.35452,0.0292558
2.3336,0.0292444
2.27109,0.0290544
2.36467,0.0285592
2.26522,0.0276316
2.36533,0.0265726
2.35581,0.0253751
2.45394,0.0241434
2.50754,0.0224093
2.49514,0.020437
2.67498,0.0184869
2.67676,0.0165736
2.74101,0.0147086
2.78174,0.0130916
2.75627,0.0117309
2.75337,0.0105145
2.81469,0.00951192
2.76741,0.00865903
2.78558,0.00838971
2.67661,0.00849319
2.72169,0.00883092
2.61778,0.00940772
2.47761,0.0101311
2.36737,0.0112374
2.2864,0.0128699
2.1289,0.0145651
2.06079,0.016359
1.85653,0.0182776
1.73178,0.0201041
1.70433,0.0219066
1.52984,0.0236092
1.47512,0.0252061
1.38457,0.0265942
1.24252,0.0277218
1.30022,0.0286419
1.2329,0.029352
1.29855,0.029926
1.32381,0.0303915
1.26361,0.0301359
1.37909,0.0294631
1.44862,0.0286619
1.51637,0.0277608
1.60174,0.0268054
1.70488,0.0254223
1.90852,0.0236305
2.143,0.0219781
2.08777,0.0203449
2.20214,0.0186246
2.37424,0.0170256
2.57554,0.0156581
2.65916,0.0144729
2.67016,0.0134371
2.84816,0.0126666
2.9063,0.0121887
2.93781,0.0120794
2.94285,0.0121919
3.13679,0.0126718
3.08244,0.0134247
3.09182,0.0145641
3.03447,0.0160992
2.9791,0.0177781
2.96558,0.0196027
2.97452,0.0215671
2.87509,0.0238854
2.86407,0.0265201
2.76829,0.0292447
2.7199,0.03202
2.69538,0.0347733
2.70966,0.0374964
2.51851,0.0399768
2.48553,0.0422346
2.4961,0.0442799
2.57024,0.0457141
2.42867,0.0468944
2.54829,0.04752
2.43018,0.0477806
2.78355,0.0479144
2.7374,0.0475962
2.83867,0.0470998
2.97518,0.0460846
3.01751,0.0449198
3.11936,0.043668
3.19696,0.0423624
3.1582,0.0409388
3.37376,0.0396294
3.51146,0.0384758
3.55439,0.0375021
3.63358,0.036754
3.59996,0.0361285
3.77373,0.0358869
3.64299,0.0357549
3.78952,0.0358414
3.65224,0.0363451
3.8136,0.0369811
3.67018,0.0377301
3.67891,0.0385339
3.58124,0.0393206
3.71903,0.0402738
3.72299,0.0412713
3.77687,0.0422915
3.67439,0.0432537
3.57167,0.0440651
3.66159,0.0445653
3.70383,0.0448531
3.55116,0.044905
3.63811,0.0447908
3.78505,0.0446328
3.7105,0.0446005
3.74349,0.0444604
3.77327,0.0442878
3.71695,0.044062
3.74526,0.0438304
3.62537,0.0435478
3.70054,0.0432866
3.73014,0.0432422
3.67201,0.0431956
3.68916,0.0431628
3.68103,0.0431581
3.67235,0.0431444
3.59408,0.0431087
3.58354,0.0430334
3.61638,0.0429441
3.49924,0.0427525
3.49393,0.0424899
3.48757,0.0420618
3.4831,0.0415373
3.47628,0.0409045
3.50041,0.0401742
3.49618,0.0392076
3.6854,0.038167
3.7585,0.0371075
3.7391,0.0359953
3.80424,0.0349184
3.82247,0.0337962
3.79641,0.0327035
3.85555,0.0316731
3.72057,0.0306292
3.73966,0.0296217
3.80124,0.0290454
3.81994,0.028897
3.34838,0.0285866
3.78205,0.0285273
3.69595,0.0286453
3.70208,0.0290014
3.70822,0.0294728
3.71427,0.0300671
3.72039,0.0307298
3.72651,0.0314409
3.73277,0.0318218
3.44812,0.0318567
3.43619,0.0316229
3.43439,0.0311375
3.51412,0.0304906
3.50566,0.029698
3.53951,0.0286263
3.52953,0.0274405
3.6048,0.0262272
3.54919,0.0249283
3.58056,0.0238963
3.61093,0.0230577
3.5759,0.0223002
3.47918,0.021584
3.45137,0.0209755
3.36271,0.0205914
3.2591,0.0207156
3.12035,0.0208893
3.09615,0.0211936
2.92796,0.0215879
2.91843,0.0222259
2.80919,0.0230431
2.5995,0.0237527
2.46849,0.024294
2.53893,0.0247865
2.37878,0.0249807
2.4604,0.0250362
2.39394,0.0249754
2.43822,0.0248286
2.37831,0.0244774
2.2801,0.0238877
2.42412,0.0229756
2.51982,0.0220082
2.46433,0.0209141
2.53786,0.0197511
2.54678,0.018378
2.4918,0.0168281
2.54766,0.0152512
2.72835,0.0138035
2.70922,0.0124797
2.7109,0.0113115
2.77723,0.0103384
2.77627,0.00957661
2.71147,0.00896197
2.69265,0.00850105
2.59166,0.00818284
2.64454,0.00819083
2.63275,0.0083374
2.72739,0.00869615
2.54234,0.00909431
2.57826,0.00961324
2.53028,0.0102345
2.54834,0.0109327
2.54599,0.0117063
2.6072,0.0125936
2.36928,0.0134957
2.33494,0.0143542
2.36968,0.0152021
2.38209,0.0160385
2.26727,0.0167565
2.39321,0.01735
2.36627,0.0176253
2.29744,0.0177841
2.42416,0.0179011
2.48192,0.0179997
2.49374,0.0178215
2.52567,0.0172867
2.5772,0.0167026
2.60459,0.0160675
2.75683,0.0155243
2.79468,0.0149611
2.7648,0.0144608
2.71446,0.0139435
2.94157,0.013605
2.79688,0.0133513
2.78368,0.0131921
2.92042,0.0133102
2.81601,0.0135174
2.90611,0.0138762
2.80113,0.0142956
2.74266,0.0148324
2.75134,0.015434
2.82363,0.0161192
2.78569,0.0168506
2.77005,0.0176173
2.67055,0.0183791
2.76701,0.0193642
2.66864,0.0203173
2.65923,0.021232
2.75737,0.0221401
2.78685,0.0229631
2.68647,0.0233734
2.59109,0.0235608
2.79849,0.0236741
2.9748,0.0238108
2.90589,0.0236331
3.07171,0.0232263
3.10051,0.0227611
3.1472,0.0222497
3.1687,0.0216887
3.22986,0.02117
3.28541,0.0207821
3.42141,0.0205164
3.31513,0.0202816
3.29669,0.0200678
3.3413,0.0201044
3.42574,0.0204284
3.37674,0.0208786
3.34919,0.021445
3.34343,0.0221453
3.14679,0.0228585
3.12929,0.0238286
3.13558,0.0248736
2.92955,0.0258749
2.94607,0.0268671
2.90072,0.0280039
2.87885,0.0291464
2.83867,0.0302459
2.86414,0.0312887
2.78343,0.0321981
2.74958,0.0327169
2.74098,0.0328504
2.81793,0.0328162
2.91284,0.0326709
2.93877,0.0324218
2.96256,0.0316845
3.00604,0.0307713
3.02564,0.0297204
2.9801,0.0285388
3.08487,0.0273528
3.09971,0.0263291
3.19683,0.02539
3.18259,0.024543
3.18827,0.0237988
3.04526,0.0230557
3.22707,0.0226652
3.14602,0.0224305
3.13037,0.022304
3.17963,0.0223196
3.1838,0.0224576
3.08077,0.0226398
3.10999,0.0229658
3.11738,0.0233515
2.97563,0.023691
2.98966,0.0240111
2.94112,0.0243911
2.95866,0.0247667
2.95489,0.0251415
2.97252,0.0255104
2.88383,0.0257883
2.94799,0.0259223
2.98895,0.0258228
2.96364,0.0256095
3.06651,0.0253394
3.01597,0.0249756
3.15768,0.0243941
3.08035,0.0237176
3.06889,0.0229469
3.12234,0.0221457
3.17278,0.0213794
3.1986,0.0207954
3.20046,0.0203462
3.20193,0.0199987
3.13923,0.0197167
2.99471,0.0193962
3.04929,0.0194456
2.99642,0.0197862
2.96719,0.0202498
2.87662,0.0207989
2.87646,0.0214103
2.7084,0.022003
2.63463,0.0226347
2.6732,0.0232998
2.56407,0.0239066
2.58768,0.0243867
2.44332,0.0247556
2.45568,0.0248186
2.49247,0.0247733
2.40049,0.0245136
2.50502,0.0238659
2.45801,0.022826
2.64754,0.0216961
2.65786,0.0204743
2.73009,0.0191902
2.77744,0.0177904
2.90631,0.0163894
2.98554,0.014853
2.9105,0.0132752
3.07146,0.0117932
3.03278,0.0104731
3.05796,0.00926346
3.16565,0.00846185
3.0765,0.00781952
3.05316,0.00733509
3.09536,0.00744685
3.02872,0.00810725
3.04335,0.00903313
2.76915,0.0100481
2.65986,0.0111528
2.53396,0.0124708
2.43743,0.0138248
2.181,0.0154486
2.00241,0.01693
2.09282,0.0184563
1.88496,0.0200143
1.75579,0.0214471
1.57288,0.022631
1.55244,0.0236262
1.49538,0.0244284
1.40374,0.0250117
1.256,0.0252502
1.4186,0.0250701
1.36321,0.0246993
1.33646,0.0241249
1.39644,0.0229613
1.47874,0.0216819
1.5365,0.0200681
1.5937,0.0183902
1.73271,0.0166732
1.84395,0.0147358
1.88536,0.0128446
2.07249,0.0108112
2.05872,0.00882446
2.17089,0.00689189
2.25603,0.00508012
2.46104,0.00357949
2.42148,0.00232877
2.50729,0.00130533
2.60975,0.00057659
2.74551,0.000197434
2.61815,0.000153748
2.51519,0.000646217
2.55024,0.00135265
2.55036,0.00232629
2.45264,0.00384225
2.29288,0.00548957
2.20574,0.00760463
2.01917,0.00976461
1.94932,0.0119805
1.88576,0.0142602
1.67855,0.0167534
1.59223,0.0193725
1.40645,0.0218876
1.31865,0.0242706
1.17484,0.0263193
1.10945,0.028121
0.963997,0.0295402
0.978723,0.030677
0.996529,0.0315836
0.911878,0.0322199
0.813318,0.0323183
1.01468,0.0320757
0.958662,0.0316418
0.97158,0.0310389
0.962933,0.0300683
1.12727,0.0290578
1.07231,0.0277431
1.19065,0.0264225
1.40948,0.025229
1.31981,0.023806
1.53016,0.0225355
1.62401,0.0211348
1.79574,0.0199011
1.78711,0.0187535
2.01,0.0177818
2.11277,0.0167542
2.22788,0.0157208
2.35576,0.0148576
2.45294,0.0141662
2.5605,0.0136616
2.57595,0.0132958
2.73337,0.0130892
2.83945,0.0131101
2.91112,0.0133657
2.89338,0.0139411
3.01801,0.0147632
2.90263,0.0158737
2.97737,0.0171722
2.98496,0.0186529
2.8192,0.0204439
2.78645,0.0225812
2.66925,0.0247857
2.7282,0.0271088
2.57119,0.0294556
2.44243,0.0317608
2.44794,0.0341899
2.46078,0.0366353
2.18131,0.0388215
2.22562,0.0408075
2.05592,0.0424818
2.10674,0.0439369
2.17883,0.0451258
1.99254,0.0460437
2.11328,0.0467869
2.0177,0.0472832
2.13889,0.0474001
2.14899,0.0470732
2.11581,0.0465332
2.12657,0.0457544
2.28592,0.0445785
2.43695,0.0432976
2.42894,0.0415803
2.56852,0.0397814
2.74193,0.0379796
2.86283,0.0362048
2.94842,0.0343296
3.13612,0.0324043
3.09833,0.0305218
3.16466,0.0287091
3.35148,0.027214
3.507,0.0260214
3.32525,0.0251418
3.51588,0.0245506
3.60637,0.0242828
3.45697,0.0245342
3.43818,0.0249511
3.35632,0.0259726
3.33934,0.0271924
3.11182,0.0284938
3.02208,0.0301664
2.89617,0.031885
2.86222,0.0339731
2.61952,0.0359357
2.41178,0.037728
2.47198,0.039469
2.30084,0.0410469
2.22308,0.0423958
2.15292,0.043528
2.17334,0.0444765
2.00616,0.0448274
1.95406,0.0448604
2.01509,0.0443364
2.05414,0.0435997
2.11415,0.0426339
2.14968,0.0412567
2.14256,0.0396585
2.28469,0.0376777
2.18768,0.0354958
2.15559,0.0330803
2.45021,0.0306412
2.62097,0.0283334
2.77976,0.0261548
2.73768,0.0241319
2.80144,0.0222901
2.75519,0.0206604
2.85782,0.0192358
2.99705,0.0182935
2.89382,0.0175387
2.92984,0.0170073
3.00743,0.0170677
2.81731,0.0172367
2.80255,0.0179777
2.70497,0.0188287
2.52765,0.01975
2.48778,0.0210281
2.2616,0.0224646
2.30258,0.0240239
2.1971,0.0256322
2.03357,0.0271753
1.86016,0.0285795
1.86825,0.0298444
1.84012,0.0310184
1.77017,0.0320381
1.55895,0.0327767
1.72129,0.0333898
1.66949,0.0337076
1.57702,0.0335891
1.66197,0.0333129
1.66013,0.0328847
1.6182,0.0322429
1.81217,0.0311887
1.85004,0.0298388
2.03292,0.0284724
2.10074,0.0270965
2.18449,0.0255055
2.24188,0.023916
2.33767,0.0222336
2.49035,0.0206433
2.40048,0.0190509
2.67327,0.0176721
2.71956,0.0164465
2.73638,0.0153575
2.70974,0.0143873
2.83022,0.0136373
2.90171,0.0132582
2.90021,0.0131186
2.77157,0.0133333
2.8171,0.0137426
2.83916,0.0143966
2.79401,0.0152393
2.70803,0.0164634
2.5835,0.0179965
2.4659,0.0195764
2.44029,0.0212057
2.33238,0.0228549
2.31557,0.0244861
2.11028,0.0260299
2.07275,0.0274608
2.17088,0.0288563
2.06518,0.0301258
2.09034,0.0310836
2.05356,0.0315876
1.9549,0.0318033
1.9905,0.0317636
2.13186,0.031588
2.20305,0.0309553
2.12124,0.0296731
2.40346,0.0283218
2.39645,0.0268377
2.49235,0.0250864
2.60426,0.0231917
2.68716,0.021279
2.84862,0.0194533
2.99824,0.0177904
2.94741,0.0163301
3.04369,0.0151173
2.9006,0.0139317
3.07936,0.012931
2.97438,0.0120687
2.99835,0.0117135
2.99969,0.011585
2.89193,0.0120127
2.83254,0.0126261
2.69145,0.0133703
2.55781,0.014544
2.47535,0.0161821
2.25038,0.0178839
2.14479,0.0196152
1.98421,0.0213309
1.85737,0.0229601
1.59146,0.0245388
1.53421,0.0262284
1.43228,0.0278503
1.18971,0.029224
1.16611,0.0301975
0.960431,0.0308845
0.810166,0.0310319
0.932384,0.0309663
0.795542,0.0306034
0.669358,0.0298924
0.744878,0.0287235
0.635314,0.0270272
0.719841,0.0251758
0.76662,0.0232048
0.80891,0.0209679
0.939459,0.0187383
0.978883,0.0163507
0.911202,0.013912
1.08151,0.0115411
1.161,0.00895778
1.29882,0.00655098
1.30245,0.00396153
1.43219,0.00151455
1.72446,-0.000629992
1.7037,-0.00257573
1.74332,-0.0044492
1.8868,-0.00609329
1.95636,-0.00751748
1.97852,-0.00873961
2.03963,-0.0095299
2.09585,-0.0100781
2.10302,-0.0101797
2.15618,-0.0100196
2.1111,-0.00963571
2.03019,-0.00881184
2.07706,-0.00780096
1.93142,-0.00638658
1.8555,-0.00488017
1.72098,-0.00332717
1.74243,-0.00167647
1.74218,0.000315779
1.46468,0.00271078
1.27068,0.00504276
1.17481,0.00730671
1.00021,0.00941306
0.90224,0.0114809
0.791333,0.0134076
0.692242,0.0152466
0.596838,0.0169557
0.513003,0.018438
0.394548,0.0196362
0.332969,0.0205141
0.338077,0.0211644
0.284552,0.0215731
0.235874,0.0215548
0.195922,0.0211804
0.265392,0.0206345
0.271349,0.0199451
0.108525,0.0190177
0.23437,0.0177794
0.398339,0.0166015
0.322497,0.0151926
0.440107,0.0138164
0.44943,0.0124609
0.520756,0.0110438
0.526302,0.00963297
0.637286,0.0083622
0.62155,0.00719804
0.827412,0.00627426
0.88129,0.00556926
0.86603,0.00505696
0.956131,0.00472206
0.99971,0.00456817
1.0223,0.00456998
0.969445,0.00466432
1.13644,0.00494918
1.20876,0.00545152
1.02044,0.00597572
1.17971,0.00664387
1.18267,0.00743056
1.14104,0.00830893
1.20617,0.00929828
1.31066,0.0104366
1.36417,0.0117179
1.18082,0.01297
1.13229,0.014138
1.34211,0.0154353
1.3276,0.0167954
1.29069,0.0181602
1.27573,0.0194896
1.40983,0.0207581
1.21732,0.0217726
1.35134,0.0227173
1.543,0.0237027
1.59272,0.0246539
1.53277,0.0253842
1.71115,0.0259234
1.66281,0.0263647
1.72084,0.0267159
1.81561,0.0270091
1.96826,0.0271344
2.04481,0.0272788
2.15811,0.0274418
2.21635,0.027628
2.18631,0.0277713
2.34421,0.027971
2.43819,0.0282823
2.41645,0.0286252
2.45007,0.0290152
2.49775,0.0294913
2.51892,0.0300798
2.48936,0.0307917
2.56904,0.0315739
2.66103,0.0325015
2.47541,0.0334072
2.53919,0.0344546
2.3993,0.0355662
2.51715,0.0367235
2.47752,0.0378798
2.3732,0.0389434
2.41055,0.039962
2.40123,0.0409598
2.43861,0.0419179
2.36431,0.0427934
2.28549,0.0435325
2.33495,0.0441657
2.3581,0.0447619
2.01755,0.045045
1.99428,0.0450515
2.40807,0.0451179
2.32493,0.0450051
2.41195,0.0446488
2.43957,0.0442395
2.36132,0.0436729
2.6163,0.0431041
2.64225,0.0421383
2.5793,0.0410055
2.75185,0.0397957
2.76433,0.0384881
2.92231,0.0371677
3.02824,0.0357897
3.01813,0.0343693
3.21811,0.0330318
3.23423,0.0317668
3.16243,0.0305164
3.38754,0.02965
3.3025,0.0290702
3.30106,0.028647
3.27858,0.0283723
3.19153,0.0282013
3.06515,0.0284064
3.02847,0.029116
2.86821,0.0298854
2.86401,0.0307767
2.64916,0.0316831
2.63631,0.0331115
2.45464,0.0344918
2.33148,0.0358104
2.21442,0.0370302
2.0435,0.0380852
1.90494,0.0389415
1.81951,0.0395553
1.82931,0.0400195
1.75603,0.0402875
1.58151,0.0402475
1.52761,0.0397721
1.52137,0.0388271
1.6064,0.037729
1.51794,0.0363957
1.60543,0.0349179
1.60623,0.0330827
1.65294,0.0308025
1.80276,0.0284296
1.88252,0.0260215
1.97881,0.0236012
2.00659,0.0210154
2.11685,0.0182989
2.20006,0.0156332
2.40498,0.0131552
2.4066,0.0108418
2.3208,0.008677
2.40823,0.006771
2.55512,0.005149
2.54297,0.00379018
2.44532,0.00263694
2.54209,0.00212063
2.42238,0.00219254
2.28578,0.00245442
2.19975,0.00290142
2.11957,0.00357688
1.89629,0.00466579
1.72954,0.00624236
1.63753,0.00793634
1.40645,0.00964244
1.27367,0.011365
1.1131,0.0133541
1.06929,0.0154503
0.799568,0.0174449
0.674419,0.0192651
0.521747,0.020846
0.507712,0.0222004
0.374431,0.0232688
0.16513,0.0239709
0.105078,0.024337
0.0492669,0.0243827
0.110279,0.0239398
0.0655473,0.0231367
0.2197,0.0222347
0.176859,0.0212204
0.159475,0.0200964
0.125054,0.0186423
0.099119,0.0168704
0.222707,0.0150925
0.237812,0.0133158
0.20997,0.0115105
0.420788,0.00973326
0.451981,0.00797925
0.607667,0.0064521
0.565031,0.00507291
0.672862,0.00389649
0.775593,0.0029582
0.766267,0.00223637
0.862733,0.00174205
0.952644,0.00151065
0.932468,0.00149773
0.974817,0.00168898
0.993604,0.00211878
1.03123,0.00274542
0.96054,0.00347817
0.998594,0.004337
1.05616,0.00530079
1.00323,0.00637003
1.01611,0.00752375
1.04938,0.00875845
1.16533,0.0101218
1.12493,0.0114639
1.10667,0.0127425
1.21609,0.014051
1.21348,0.015342
1.31437,0.0166728
1.40934,0.0178949
1.45435,0.0189596
1.38951,0.0199088
1.43082,0.0207515
1.66156,0.021637
1.43235,0.0222522
1.65724,0.0226552
1.72123,0.0230255
1.82155,0.0234057
1.97747,0.0238917
2.05871,0.0244454
2.04469,0.0249582
2.11477,0.0255201
2.1789,0.0261437
2.19492,0.0268269
2.28828,0.0276442
2.2075,0.0285821
2.2118,0.0295393
2.21489,0.0305212
2.17217,0.0314995
2.2156,0.0325911
2.21209,0.0338268
2.10173,0.0350176
2.05816,0.0361357
2.06022,0.0371931
2.06079,0.0382872
2.06102,0.0394146
2.1016,0.0405309
1.86482,0.0414515
2.02066,0.0423144
2.06418,0.0430886
1.91198,0.043734
1.87339,0.0442234
1.92274,0.0446103
1.99107,0.0449534
1.84279,0.0450917
1.85001,0.0450439
1.85821,0.0448902
1.9507,0.0447028
1.8261,0.0443941
1.96143,0.0440102
1.87867,0.0433376
2.11701,0.0427042
2.10911,0.0420539
2.09967,0.0413467
2.1318,0.0403446
2.35275,0.0391726
2.39977,0.0379872
2.11381,0.0365437
2.51452,0.0351764
2.66735,0.0337872
2.65628,0.032264
2.83617,0.0308794
2.96099,0.0296772
2.88541,0.0285725
2.89294,0.0276436
2.9622,0.026985
2.87864,0.0263988
3.0726,0.0260471
2.93413,0.0257879
2.78018,0.025904
2.76066,0.0265423
2.72161,0.0273271
2.53482,0.0281734
2.42175,0.0290277
2.35857,0.0302913
2.21506,0.0319992
1.82705,0.0335065
1.84238,0.0349449
1.77782,0.03631
1.67549,0.0377148
1.62582,0.0390271
1.3895,0.0401039
1.33816,0.0409277
1.23017,0.0414427
1.07066,0.0415461
0.963734,0.0411975
0.845085,0.0405108
1.03353,0.0396387
0.964273,0.0385472
0.877574,0.0370782
1.13956,0.0354561
0.860054,0.0335928
1.04195,0.0316849
0.963528,0.0296959
0.996644,0.0275014
1.07232,0.0251978
1.14688,0.0229658
1.11115,0.0207587
1.24762,0.0186569
1.35701,0.0165652
1.46058,0.0144915
1.43039,0.0125081
1.6129,0.0107053
1.6165,0.00903704
1.65992,0.00736778
1.6768,0.00573142
1.97244,0.00437915
2.0381,0.0032907
2.05211,0.00242597
2.02154,0.0017849
2.03262,0.00140608
2.17052,0.00128011
2.12802,0.0013697
2.08668,0.00163022
2.13076,0.00220882
2.04436,0.00321562
2.00313,0.00433867
1.85866,0.00550316
1.82747,0.00670732
1.799,0.00821608
1.66649,0.0100371
1.49888,0.0118109
1.44792,0.0135767
1.29533,0.0152776
1.15553,0.017043
1.17168,0.0190375
1.04246,0.0209607
0.794233,0.0226852
0.775141,0.0242584
0.635571,0.0254758
0.569104,0.0263709
0.488011,0.0269928
0.418367,0.027345
0.352253,0.0274443
0.402023,0.0271791
0.302293,0.0264747
0.340164,0.0256024
0.3141,0.0245623
0.397766,0.0234422
0.373751,0.0221346
0.375055,0.0205642
0.483489,0.0190277
0.566638,0.0175631
0.390921,0.0160435
0.544915,0.0144665
0.544122,0.0128273
0.755067,0.0113752
0.595221,0.00996086
0.803137,0.00875408
0.747456,0.00762568
0.777828,0.00665745
0.870868,0.00586603
0.810452,0.00517917
0.94301,0.00469489
1.02657,0.00448463
1.01938,0.00446464
0.947354,0.00456444
1.02736,0.00481836
1.08225,0.00524358
1.02693,0.00580551
0.952194,0.00646068
1.02974,0.00723536
0.913301,0.00802092
0.929049,0.00883339
1.05057,0.00975788
1.08109,0.0107773
0.959725,0.0117744
1.03499,0.0127906
0.958702,0.0137359
1.07629,0.0146629
0.95495,0.0153639
0.9566,0.0159619
1.04075,0.0165045
1.11219,0.017009
1.07204,0.0172556
1.13892,0.017238
1.2018,0.0171767
1.30286,0.0170959
1.39707,0.0170098
1.44207,0.0167424
1.52326,0.0163551
1.49409,0.015895
1.52725,0.0153649
1.74918,0.0149013
1.84876,0.0144559
1.89866,0.0141007
2.02688,0.013797
2.06146,0.0135707
2.00411,0.0133492
2.26633,0.0134206
2.08761,0.0135654
2.14834,0.0137837
2.20236,0.0141248
2.21104,0.0148331
2.02475,0.0157417
2.14348,0.0167648
2.04282,0.017832
2.11535,0.0190322
1.97177,0.0205187
1.79136,0.0219432
1.72695,0.0235496
1.64642,0.0251331
1.40122,0.0265558
1.36046,0.0278744
1.45343,0.0293886
1.22415,0.0308035
1.04958,0.0320202
1.01452,0.0330516
0.901588,0.0338649
0.986158,0.0345303
0.794813,0.034861
0.71867,0.0349478
0.67273,0.0347741
0.73824,0.0342378
0.697726,0.0335043
0.723756,0.0325676
0.688507,0.0314612
0.655383,0.0301936
0.690001,0.0287147
0.851875,0.0271632
0.880107,0.0256537
0.9477,0.0242196
0.821843,0.0227458
0.978002,0.0213986
0.810524,0.0199718
0.968465,0.0186256
0.844958,0.0172761
1.08741,0.0161103
0.958136,0.0149384
0.940052,0.0138218
1.09356,0.0129303
1.11233,0.0121878
1.06492,0.0115435
1.12573,0.0109821
1.12012,0.0105248
1.22,0.0102302
1.27158,0.0100719
1.21355,0.00996766
1.36941,0.00993817
1.30498,0.00994532
1.43209,0.00990337
1.55239,0.0099854
1.59735,0.0101346
1.55736,0.0101016
1.62516,0.0101041
1.68569,0.0100393
1.63494,0.00990703
1.69139,0.00972347
1.93328,0.00967067
1.88635,0.00963153
1.96334,0.00957808
1.99445,0.00959237
2.01824,0.00964636
2.08379,0.00996397
2.10001,0.0103641
1.92284,0.0108932
1.94258,0.0114657
2.00546,0.0121554
1.78766,0.0128345
1.77063,0.0137458
1.79757,0.0150028
1.86583,0.0163838
1.65404,0.0177419
1.55821,0.0190313
1.49102,0.0204469
1.40714,0.0219354
1.38358,0.0234126
1.22813,0.0247789
0.954288,0.0258773
0.947937,0.026756
0.989864,0.0275638
0.775563,0.028141
0.788462,0.028547
0.696522,0.0287355
0.655809,0.028722
0.682294,0.0284886
0.648459,0.0281239
0.404709,0.0274803
0.494375,0.0266928
0.563071,0.0257897
0.609881,0.0248945
0.462875,0.023873
0.410473,0.0227215
0.363222,0.0214498
0.514365,0.0201444
0.46096,0.018802
0.415567,0.0174665
0.528485,0.0162183
0.591637,0.0150918
0.693045,0.0141569
0.726053,0.0133089
0.709711,0.0125944
0.637694,0.0119351
0.633653,0.011325
0.650572,0.0107802
0.645732,0.0103727
0.599764,0.00999588
0.576246,0.0096504
0.662782,0.00940456
0.766608,0.00930322
0.673625,0.00929634
0.732781,0.00941647
0.535978,0.00950367
0.730694,0.00972268
0.705625,0.0100786
0.658891,0.0104933
0.657562,0.0109806
0.61453,0.011502
0.532035,0.0119899
0.412533,0.0124863
0.491525,0.012965
0.652885,0.0135528
0.509133,0.0141164
0.583311,0.014723
0.507329,0.0152159
0.583354,0.0157641
0.508324,0.0163033
0.436813,0.0167723
0.497503,0.017231
0.344164,0.0175341
0.517557,0.0177385
0.50617,0.0179452
0.466099,0.018101
0.443699,0.0181868
0.613662,0.0182945
0.541855,0.0182527
0.536043,0.0181562
0.551522,0.0179923
0.631393,0.0177991
0.791218,0.0175418
0.750293,0.017175
0.766611,0.0167735
1.05002,0.0165345
1.03483,0.016376
1.03719,0.0161325
1.16638,0.0157998
1.05277,0.0154102
1.09019,0.0149677
1.12781,0.0144856
1.1657,0.0138754
1.20271,0.0131145
1.24007,0.0123247
1.27738,0.0115161
1.80191,0.0110329
1.94243,0.0108902
1.83395,0.0110502
2.06385,0.0115446
1.9415,0.0121988
1.98778,0.013002
2.03142,0.0141641
1.96259,0.0156406
1.91711,0.0171816
1.91221,0.0188029
1.80224,0.0204366
1.75909,0.0223036
1.56963,0.0243034
1.47415,0.0261845
1.38522,0.0279419
1.28045,0.0295646
1.28805,0.0313615
1.08522,0.0332337
1.12609,0.0350291
0.934637,0.0366301
0.838207,0.0379956
0.794053,0.0390736
0.626132,0.0398226
0.70289,0.0403813
0.587877,0.0406907
0.523151,0.0407552
0.452186,0.0404276
0.558224,0.0398079
0.46084,0.0389881
0.45494,0.0380001
0.471841,0.0368936
0.384489,0.0355422
0.578485,0.0340169
0.57452,0.0324711
0.59058,0.0309091
0.500896,0.0292795
0.544301,0.0275265
0.566786,0.0258167
0.608962,0.0241656
0.713253,0.0226539
0.812124,0.0213312
0.756729,0.0200955
0.703389,0.018891
0.759624,0.0177783
0.754612,0.0167641
0.846268,0.0159132
0.789273,0.0151668
0.882775,0.0145754
0.891577,0.0141315
0.951851,0.0138646
0.846577,0.0136667
0.935109,0.0136585
0.871343,0.0137372
0.915714,0.013897
0.810058,0.0140535
0.751772,0.0141791
0.930942,0.0145055
0.783102,0.0149288
0.832043,0.0154144
0.773983,0.0159051
0.866894,0.0164681
0.764838,0.0170748
0.603863,0.0175406
0.664638,0.017967
0.648293,0.0183651
0.677675,0.0187575
0.63174,0.0191213
0.587938,0.0194331
0.610783,0.0197104
0.46455,0.0198457
0.537581,0.0199271
0.503453,0.0198939
0.534464,0.0198658
0.586492,0.0198365
0.572751,0.0198033
0.536288,0.0197292
0.546425,0.0195629
0.620385,0.0193181
0.542316,0.0190149
0.700885,0.0187691
0.746095,0.0185964
0.702371,0.0182193
0.724143,0.0176397
0.76616,0.0170306
0.975228,0.0165233
1.00204,0.0161002
1.04669,0.0155783
1.12891,0.0150817
1.14262,0.0146023
1.17422,0.014117
1.28757,0.0136915
1.33003,0.0132848
1.38494,0.0128
1.5262,0.0124351
1.57158,0.0121781
1.6097,0.0121883
1.6451,0.0122952
1.71195,0.0126134
1.67351,0.0130127
1.69568,0.0135212
1.63097,0.014092
1.73598,0.0149316
1.60197,0.0159987
1.43026,0.0169936
1.54348,0.0180431
1.52367,0.0191307
1.54569,0.0204075
1.41719,0.0218236
1.44337,0.0232618
1.27785,0.0246051
1.05708,0.0257171
1.0621,0.0267947
1.00564,0.0277886
0.974847,0.0286801
0.84043,0.0293963
0.799203,0.0299495
0.719978,0.0302461
0.669969,0.0303442
0.727354,0.0303201
0.658427,0.0301339
0.550899,0.0297588
0.643916,0.0291459
0.584747,0.0284029
0.635575,0.0276252
0.685195,0.0268457
0.669928,0.0260178
0.718936,0.0252291
0.555006,0.0242399
0.611873,0.0232276
0.605095,0.0222061
0.61989,0.0211954
0.656386,0.0202363
0.564211,0.0191413
0.626242,0.0180775
0.580433,0.0170096
0.685415,0.0160198
0.55246,0.0149799
0.660642,0.0141534
0.657865,0.0133986
0.718485,0.0127753
0.712631,0.0122354
0.7069,0.0118884
0.722804,0.0116647
0.674595,0.0114917
0.586547,0.0113139
0.652712,0.0111897
0.652751,0.0112297
0.716262,0.0113865
0.628201,0.0115663
0.587045,0.0117475
0.633789,0.0119421
0.509472,0.0120864
0.624754,0.0123116
0.629806,0.0125845
0.379458,0.0127241
0.58775,0.0129212
0.512614,0.0131624
0.525066,0.0134239
0.495328,0.0136901
0.29826,0.0138165
0.36663,0.0138981
0.413768,0.0140024
0.521451,0.0140004
0.369421,0.0139591
0.309368,0.0138284
0.403754,0.0137031
0.578665,0.0135648
0.362483,0.0133269
0.389304,0.013017
0.396575,0.0126458
0.424442,0.0122207
0.409014,0.0116868
0.542809,0.0111782
0.66962,0.0107782
0.640158,0.0103974
0.75894,0.0100077
0.765335,0.00946152
0.790087,0.00894108
0.834803,0.00846182
0.938965,0.00803096
1.03721,0.00758515
1.12643,0.00705792
1.14633,0.0065386
1.22576,0.0060573
1.29985,0.00561414
1.36611,0.00523429
1.46987,0.00491158
1.50053,0.00490851
1.54949,0.00502863
1.4428,0.00521991
1.57401,0.00575994
1.56966,0.00649183
1.37199,0.00748255
1.4578,0.00859369
1.30738,0.0097235
1.43844,0.0111364
1.28733,0.0125699
1.14175,0.0140855
1.15346,0.0155822
1.01733,0.0169822
0.888087,0.0182688
1.00113,0.0194961
0.918726,0.020756
0.840085,0.0218631
0.766797,0.0228065
0.762705,0.02362
0.697013,0.024209
0.635899,0.0244702
0.621345,0.0245317
0.631609,0.0244199
0.620317,0.0241499
0.568782,0.0236941
0.711579,0.02309
0.721424,0.0224358
0.750956,0.021745
0.715804,0.0208608
0.703789,0.0199346
0.651498,0.0190468
0.665568,0.0181162
0.659033,0.0171605
0.653125,0.016241
0.669814,0.015375
0.70699,0.0147302
0.679104,0.0141687
0.758563,0.0137705
0.622495,0.013519
0.620167,0.0133346
0.641353,0.0131224
0.513236,0.0129216
0.562454,0.0127865
0.525579,0.0127302
0.44872,0.0125342
0.440393,0.0124605
0.308038,0.0123184
0.246424,0.0121114
0.296576,0.0119891
0.282454,0.0118917
0.270534,0.0118798
0.217672,0.0118704
0.126436,0.0118168
0.0834935,0.0118611
0.131985,0.0118479
0.00858579,0.0117111
0.0202353,0.0115476
-0.136313,0.0112679
0.0786436,0.0110184
-0.0973826,0.0107247
-0.0730145,0.0103476
-0.175286,0.00989267
-0.141856,0.00940027
-0.00327453,0.00900042
-0.0822937,0.00860214
-0.263931,0.00825935
-0.135874,0.00794063
-0.181943,0.00763039
-0.183269,0.00745386
-0.140362,0.00730613
-0.0977497,0.00716907
-0.142651,0.00707779
-0.226765,0.00695299
-0.220555,0.0066874
-0.12714,0.00647333
-0.208234,0.00630505
-0.348341,0.00606418
-0.225199,0.00587246
-0.274953,0.00568448
-0.307652,0.00546179
-0.240853,0.0054561
-0.161456,0.00553181
-0.148874,0.00568003
-0.201432,0.00572469
-0.356322,0.00565432
-0.247818,0.00566061
-0.184907,0.00576658
-0.210922,0.005936
-0.277916,0.00608672
-0.256,0.00627041
-0.19125,0.00645221
-0.32063,0.00659524
-0.146875,0.00684319
-0.277509,0.00725581
-0.147878,0.00770573
-0.235597,0.00809719
-0.256168,0.00846393
-0.274677,0.00879968
-0.164173,0.00910662
-0.186563,0.00942484
-0.208371,0.0098
-0.186551,0.0102008
-0.165436,0.0106383
-0.166297,0.0111402
-0.127058,0.0116878
-0.29921,0.0119065
-0.0819592,0.0122113
-0.298124,0.0124196
-0.0388004,0.0127301
-0.215078,0.0129859
-0.235932,0.0132392
-0.24381,0.0133953
-0.143328,0.0135429
-0.0186884,0.0137159
-0.00674937,0.0139511
0.0100604,0.0143077
0.0204948,0.0147124
0.0191382,0.0151352
0.110917,0.0156517
0.0697297,0.0161781
0.113654,0.0166494
0.137384,0.0171453
0.109781,0.0176463
0.14989,0.0181304
0.229407,0.0187125
0.0495441,0.0191576
0.0595003,0.0195324
0.130655,0.0198895
0.167043,0.0201751
0.264159,0.0205197
0.248302,0.0210191
0.126431,0.0214126
0.116363,0.0217251
0.150017,0.0220287
0.202467,0.0224179
0.272869,0.0227844
0.295911,0.0232198
0.189346,0.0236222
0.129922,0.0240196
0.286164,0.0244618
0.264828,0.0248983
0.157893,0.0252717
0.183374,0.025623
0.272101,0.0259754
0.185772,0.0262309
0.272445,0.026472
0.142928,0.0266179
0.231247,0.0267474
0.294709,0.0270177
0.226301,0.0272381
0.287557,0.027522
0.324847,0.0278565
0.189536,0.0281249
0.31518,0.0283138
0.370964,0.0285428
0.337829,0.0286202
0.347732,0.0287023
0.272214,0.0287317
0.348435,0.0287709
0.315189,0.0287349
0.2189,0.0287276
0.33988,0.0287176
0.264276,0.0286268
0.276194,0.0284866
0.288006,0.028299
0.447255,0.0282465
0.364053,0.0281815
0.368487,0.0281078
0.288234,0.028008
0.445099,0.0279869
0.402831,0.0280267
0.361254,0.0280514
0.406616,0.0280935
0.407425,0.0282748
0.364609,0.0284427
0.514713,0.0286668
0.466125,0.0289095
0.418175,0.0291048
0.414803,0.0291779
0.412045,0.0291942
0.366776,0.0292024
0.429758,0.0291994
0.510366,0.029244
0.416784,0.0293075
0.517018,0.0294198
0.549681,0.0296561
0.493825,0.0298858
0.44038,0.0300588
0.538329,0.0302658
0.525353,0.0304911
0.511442,0.0306242
0.413345,0.0306962
0.511024,0.0307852
0.498435,0.0306898
0.67541,0.030696
0.462006,0.0306451
0.553999,0.0305676
0.537068,0.0304513
0.625514,0.0303678
0.560913,0.0302077
0.731218,0.0301506
0.55387,0.0300415
0.637546,0.0299516
0.570239,0.0298569
0.462854,0.0296461
0.615932,0.0293164
0.507208,0.0289456
0.635938,0.0286232
0.71616,0.0283722
0.578552,0.028154
0.658563,0.0279772
0.629784,0.0277891
0.601287,0.0275638
0.595551,0.0273301
0.653464,0.0272096
0.77199,0.0272384
0.73473,0.0273259
0.528331,0.0273213
0.629505,0.0273426
0.621332,0.0273766
0.591232,0.0274127
0.605044,0.0274615
0.575832,0.0274927
0.50575,0.0274661
0.54573,0.0272864
0.563093,0.0271112
0.600319,0.0269498
0.529613,0.0267415
0.631671,0.0265098
0.517089,0.0262098
0.598531,0.0259697
0.570659,0.0257026
0.585962,0.0254215
0.579417,0.0251216
0.636557,0.0248552
0.66939,0.024613
0.593799,0.0243379
0.606517,0.0240363
0.724834,0.0238532
0.688533,0.023656
0.758428,0.0233697
0.761238,0.0230538
0.868061,0.0227489
0.863442,0.0224431
0.962596,0.0220154
1.09854,0.0215816
0.948883,0.0210477
1.16533,0.0205659
1.13778,0.0199593
1.25691,0.019418
1.32402,0.0188646
1.3443,0.0183506
1.44556,0.0179287
1.4353,0.0177168
1.5227,0.0175929
1.48231,0.0174545
1.52418,0.0174017
1.49951,0.0174069
1.49433,0.0175828
1.57303,0.017853
1.60351,0.01842
1.48272,0.0190041
1.51329,0.01964
1.43722,0.0202992
1.23664,0.0208382
1.32227,0.0217036
1.25614,0.0225567
1.21396,0.0234095
1.11072,0.0241836
1.098,0.0250692
0.918352,0.0259181
0.890464,0.0266921
0.594687,0.0272207
0.642267,0.0276675
0.686627,0.0280351
0.622579,0.0283138
0.478723,0.0284052
0.41604,0.0283258
0.448053,0.0279994
0.447753,0.0275809
0.365277,0.0271659
0.329548,0.026617
0.257808,0.0259297
0.29648,0.0252029
0.230152,0.0243637
0.253702,0.0235015
0.193969,0.0225755
0.138353,0.0215856
0.130141,0.0206002
0.124726,0.0196888
0.18615,0.0187475
0.0967183,0.0177988
0.0551223,0.0168299
0.187564,0.0159469
0.294541,0.0151714
0.204121,0.0145045
0.0550982,0.01379
0.12749,0.0131123
0.050987,0.0124322
0.105656,0.0117113
-0.0100045,0.0110469
-0.0564112,0.0104016
0.0739606,0.00986838
0.0900297,0.00940003
0.170316,0.00914661
0.225535,0.00887985
0.108424,0.00869731
0.0851516,0.00856934
0.0149359,0.00843292
0.0383828,0.00837057
0.0121016,0.00837286
-0.0398267,0.00835326
-0.115612,0.00826754
-0.0594869,0.00818171
-0.0250882,0.00816186
0.00733704,0.00829394
-0.0886729,0.00841919
-0.158156,0.00849254
-0.0521688,0.0086528
-0.162603,0.00877629
-0.245624,0.00874041
-0.153125,0.00875953
0.000192648,0.00893738
-0.0882865,0.00917848
-0.194094,0.00930329
-0.0388433,0.00951613
-0.0804394,0.00974289
-0.227167,0.00986556
-0.174325,0.00994861
-0.164658,0.00979718
-0.0490698,0.00981087
-0.151418,0.00979538
-0.0371748,0.00985936
0.00869756,0.0100178
-0.0970533,0.0101209
-0.0281887,0.010276
-0.0253556,0.010466
-0.0272337,0.0106805
-0.128142,0.010838
-0.203787,0.0109233
-0.105754,0.0109764
-0.0966392,0.0110384
-0.13071,0.0110736
-0.120692,0.0110929
-0.0682158,0.0110843
-0.0184148,0.0112111
-0.0566035,0.0113098
-0.0931145,0.0113602
0.063375,0.0115172
-2.31164e-05,0.0118381
0.00160022,0.0122413
0.109754,0.0127564
0.0634653,0.0133263
0.103039,0.013953
-0.00798494,0.0146696
-0.00743671,0.0152856
-0.048315,0.0158491
0.146073,0.0165008
0.0545128,0.0171421
0.135329,0.0177343
0.150555,0.0182933
0.124356,0.0188394
0.10976,0.0193395
0.101896,0.0197913
0.136333,0.0201781
0.169025,0.0206335
0.26221,0.0211705
0.201958,0.0217269
0.270428,0.0223381
0.250518,0.0228857
0.272156,0.0234192
0.292992,0.02397
0.226272,0.0244806
0.312436,0.0249927
0.328918,0.0254419
0.195424,0.0256527
0.280059,0.0257976
0.296005,0.0258868
0.35721,0.0259615
0.380174,0.0260871
0.454841,0.026381
0.445001,0.0266918
0.511588,0.0270627
0.362267,0.0273645
0.558167,0.0277955
0.594375,0.0282432
0.564815,0.0287177
0.451628,0.0291388
0.405661,0.0294641
0.596212,0.0298963
0.49985,0.0301802
0.555197,0.0304444
0.628651,0.0307203
0.803718,0.0311215
0.690374,0.0315114
0.772104,0.0320506
0.700864,0.0325243
0.716837,0.0329496
0.646076,0.0332861
0.854144,0.0336
0.775086,0.033876
0.931016,0.034225
0.843404,0.0345616
0.802025,0.03485
0.831074,0.0351143
0.82618,0.0353106
0.931651,0.0355499
0.967215,0.0358284
0.977298,0.0361214
0.922499,0.0363827
1.01518,0.0366447
1.04165,0.0368733
1.00008,0.0370353
0.981067,0.0371189
1.19433,0.0372557
1.18448,0.0374573
1.10802,0.0376521
1.14469,0.0378392
1.10772,0.0379979
0.990118,0.0380884
1.25921,0.0381924
1.4106,0.0384544
1.46855,0.0388376
1.31553,0.0391875
1.26498,0.0392718
1.21466,0.0391657
1.35626,0.0390118
1.39821,0.0387823
1.45103,0.0384916
1.53503,0.038064
1.65199,0.0376272
1.67763,0.0371798
1.78304,0.0367688
1.83853,0.0363961
1.91127,0.0360586
1.88714,0.0355644
1.95774,0.0350483
1.9141,0.0344632
2.08891,0.0339607
2.21976,0.0335865
2.2325,0.0332715
2.32626,0.0330852
2.41856,0.0330224
2.27504,0.033
2.35992,0.0332237
2.16026,0.0336495
2.21627,0.0340551
2.25931,0.0345292
2.21145,0.0350207
2.24578,0.0357267
2.19252,0.0366319
2.23563,0.0376152
1.97542,0.0384861
1.93628,0.0392676
1.83382,0.0400723
1.84295,0.0409012
1.84333,0.0416818
1.66882,0.0422782
1.56372,0.0426586
1.71759,0.043099
1.50532,0.0433288
1.5356,0.0434108
1.48358,0.0433376
1.5187,0.0431504
1.32063,0.0427094
1.4092,0.0422457
1.30606,0.0416158
1.31406,0.0408675
1.32351,0.0400386
1.1854,0.0390394
1.24775,0.0378291
1.26548,0.0366097
1.28365,0.0353927
1.38584,0.0342583
1.35703,0.0329698
1.34986,0.0314635
1.44999,0.0299769
1.60893,0.0285935
1.65237,0.027301
1.54367,0.0257048
1.73648,0.0241399
1.77167,0.0225919
1.99259,0.021192
2.01083,0.0199007
2.06654,0.0184116
2.07539,0.0170636
2.08103,0.0157635
2.12839,0.0145869
2.12941,0.0135732
2.12824,0.0129516
2.16723,0.0127314
2.11951,0.0126973
1.96626,0.0127315
1.88445,0.0127825
1.85025,0.0130299
1.86084,0.0136197
1.76532,0.0142471
1.73797,0.0149239
1.67104,0.0156311
1.50213,0.0165342
1.42881,0.0176368
1.38233,0.0187165
1.10848,0.0196138
1.06159,0.0204267
1.04405,0.0211506
0.880452,0.0217109
0.798754,0.0221504
0.70881,0.0224053
0.680563,0.022517
0.592344,0.0224144
0.468284,0.0220015
0.446304,0.0214109
0.441924,0.0206811
0.295062,0.0197063
0.246445,0.0185001
0.287216,0.0172698
0.35079,0.0160255
0.221852,0.0146968
0.379028,0.0133955
0.254568,0.0120742
0.265715,0.0106688
0.341911,0.00933822
0.311602,0.00807035
0.239851,0.00680137
0.302605,0.00557661
0.236397,0.00426804
0.176579,0.0029735
0.22413,0.00174349
0.168311,0.000541714
0.15885,-0.000559842
0.153478,-0.00148229
0.296594,-0.00224713
0.285794,-0.00287923
0.147697,-0.00344839
0.273701,-0.00394671
0.288649,-0.00419165
0.239106,-0.00431062
0.192636,-0.00434116
0.150736,-0.00428689
0.15428,-0.00400531
0.201916,-0.00369192
0.205122,-0.00327196
0.0819905,-0.0028459
0.135245,-0.00236558
0.16697,-0.0017601
-0.0149245,-0.00121026
-0.0581344,-0.000697649
0.0933581,-0.00012544
-0.038518,0.000420031
-0.0139838,0.000908495
-0.0298288,0.00150886
0.0607096,0.00217884
0.0418456,0.00288894
0.0235953,0.00362597
-0.182495,0.00419599
-0.144146,0.00473528
0.00132299,0.00534821
-0.114687,0.00593302
-0.0551426,0.00652605
-0.166806,0.00691345
-0.166063,0.00720273
-0.163645,0.0074346
-0.0537933,0.00770702
-0.119146,0.00795537
-0.0542756,0.00812788
-0.0552782,0.00829648
0.0286493,0.00851511
0.0234379,0.00877258
0.0178744,0.00900563
0.0126918,0.0092489
0.00825504,0.00948249
0.00409691,0.00971684
0.0428741,0.0100017
0.143187,0.0104258
0.173895,0.0109278
0.159683,0.0114443
0.0396847,0.011907
0.222816,0.0124515
0.206006,0.0130333
0.230558,0.0136543
0.211072,0.0141944
0.340507,0.0148215
0.123361,0.0153469
0.255342,0.0158817
0.360735,0.0165325
0.204546,0.0171742
0.224566,0.0177867
0.287237,0.0184132
0.324823,0.0190789
0.33819,0.0197349
0.26486,0.0202722
0.407011,0.02089
0.329773,0.0214916
0.403357,0.0221151
0.366561,0.0227413
0.331019,0.023203
0.424428,0.0236634
0.38524,0.0240831
0.4528,0.0244921
0.453054,0.0248642
0.40944,0.0253304
0.558868,0.0258701
0.590241,0.0264668
0.453955,0.0269531
0.407852,0.027206
0.596515,0.0275039
0.541583,0.0278073
0.529805,0.0280983
0.518702,0.0283326
0.507852,0.0285532
0.559518,0.0287215
0.630683,0.0289019
0.611408,0.0290487
0.740704,0.0292532
0.71265,0.0292533
0.791101,0.0292492
0.906464,0.0292922
0.866248,0.0293099
0.907445,0.029302
0.949025,0.0292617
0.990771,0.0290209
1.00614,0.0287408
1.16378,0.0285351
1.28977,0.02837
1.36442,0.0281397
1.516,0.0280188
1.52718,0.0279451
1.55755,0.0278932
1.64595,0.027898
1.68571,0.0277304
1.75914,0.0274697
1.82831,0.0272236
2.03857,0.0271017
2.08539,0.0270859
2.05933,0.0271962
2.0118,0.0274939
2.13312,0.027886
2.03457,0.0283084
2.0629,0.028794
1.98372,0.0294112
1.88398,0.030227
1.87462,0.0310654
1.84208,0.0319316
1.74785,0.0327717
1.6363,0.0337384
1.6367,0.0349557
1.5317,0.0361062
1.41084,0.0371528
1.27594,0.0381488
1.19242,0.0391338
1.07366,0.0399125
1.11031,0.0405475
0.999431,0.0409911
0.958196,0.0412564
1.05021,0.0414829
0.71421,0.0413872
0.735781,0.0410988
0.78206,0.0407041
0.574513,0.0401651
0.547769,0.0394632
0.59095,0.0385068
0.52721,0.0374273
0.533649,0.0362397
0.434528,0.0349066
0.470806,0.0333517
0.570992,0.0318549
0.435201,0.0302744
0.475573,0.0286638
0.389847,0.0268918
0.415662,0.0251474
0.465449,0.0234629
0.490859,0.0218478
0.450642,0.0202887
0.409964,0.0187814
0.36982,0.0174593
0.329954,0.0160633
0.289746,0.0147529
0.249292,0.0135228
0.208971,0.0123474
0.168611,0.011229
0.128568,0.0103086
0.0881362,0.00945073
-0.330047,0.00842292
0.426431,0.00764275
0.614222,0.00711271
0.499901,0.00700287
0.432973,0.00703533
0.412916,0.00718796
0.395256,0.00756775
0.294291,0.00795642
0.200415,0.00826316
0.324799,0.00864757
0.190086,0.00900658
0.231146,0.00935685
0.146549,0.00974703
0.256572,0.0102208
0.066148,0.0106211
0.0758501,0.0109719
0.194969,0.0113663
0.074985,0.011703
-0.017592,0.0120894
0.0661453,0.0124547
0.0425553,0.0127951
0.0616585,0.0131684
-0.0460629,0.0135065
-0.125201,0.0136616
-0.134911,0.0137353
-0.141871,0.0137387
-0.190152,0.0136876
-0.000657828,0.0137451
-0.200712,0.0135654
-0.201323,0.0133432
-0.092391,0.0131811
-0.20063,0.0129866
-0.0904201,0.0127038
-0.0483328,0.0125432
-0.00866529,0.012462
-0.0136843,0.0124258
-0.0605983,0.0124011
-0.0623857,0.0123328
-0.168811,0.0123831
-0.0151863,0.0125163
-0.100696,0.0126647
0.028573,0.0129137
0.0252797,0.0131734
0.0209106,0.0135073
0.0169966,0.0138816
0.0133628,0.0142819
0.0523256,0.0147321
0.0469748,0.0152561
-0.000784671,0.0157347
-0.00367926,0.0162183
0.0364879,0.0167314
-0.0523796,0.0171892
0.0329481,0.0176043
0.0296792,0.0180706
0.089411,0.0185517
0.124701,0.0190982
0.114839,0.0196619
0.105095,0.0203208
0.137943,0.0209223
0.126651,0.0215436
0.0306068,0.0221182
0.109224,0.0226978
0.142055,0.0231967
0.236092,0.023769
0.0697473,0.0242637
0.0596155,0.0246587
0.0939622,0.0250517
0.126555,0.0252868
0.177971,0.0256224
0.0991779,0.0258621
0.0874041,0.026048
0.225473,0.0262727
0.207291,0.0265344
0.231082,0.0268721
0.253359,0.0272174
0.231465,0.0275702
0.358059,0.0280137
0.181324,0.0283509
0.224052,0.0286078
0.329678,0.0289663
0.343516,0.0293693
0.186124,0.0297333
0.290682,0.0300992
0.327407,0.0304726
0.339105,0.0308655
0.265107,0.0312122
0.364039,0.0315821
0.203521,0.0319019
0.346852,0.0323494
0.187658,0.0326929
0.204607,0.0329523
0.328125,0.0332113
0.338514,0.0334668
0.389415,0.0336238
0.458125,0.0338645
0.267976,0.0340343
0.319957,0.0341941
0.286123,0.0342959
0.401461,0.0343748
0.405097,0.0344565
0.321865,0.0344572
0.433608,0.0344484
0.433786,0.0346895
0.474943,0.0349352
0.428254,0.0351404
0.425746,0.0353218
0.529492,0.0356033
0.60612,0.0358428
0.548897,0.035973
0.494024,0.0360576
0.59001,0.0361694
0.532846,0.0362748
0.667159,0.036352
0.688933,0.0363728
0.664797,0.0364095
0.55615,0.0363521
0.685723,0.0362956
0.851286,0.0362274
0.772462,0.0361896
0.844014,0.0361122
0.931532,0.0360182
0.992644,0.0359532
1.04756,0.0357665
1.07682,0.0354769
1.13057,0.0351761
1.14311,0.034858
1.2687,0.0346013
1.53266,0.0345369
1.62287,0.0344273
1.71359,0.0344281
1.80446,0.0345042
1.89689,0.0346838
1.98695,0.0349019
2.07781,0.0350391
1.89045,0.0350824
1.72582,0.0350371
1.7467,0.0349447
1.93334,0.0349267
1.85225,0.0351223
1.85688,0.0353114
1.83766,0.0355213
1.75499,0.0356583
1.69583,0.0360401
1.74575,0.0366475
1.62142,0.0372702
1.60914,0.037938
1.49172,0.0385202
1.31643,0.0392351
1.32117,0.0401803
1.1579,0.0410131
1.00356,0.0416947
1.0502,0.0422969
0.949656,0.0427839
0.875214,0.0433169
0.828467,0.0437272
0.701077,0.0439483
0.731707,0.0440285
0.550998,0.043996
0.594478,0.0437936
0.446711,0.0433916
0.395797,0.0427906
0.3907,0.042114
0.411835,0.0412998
0.262399,0.0400502
0.295049,0.0387235
0.22386,0.0372965
0.279208,0.035811
0.31686,0.0341708
0.207368,0.0323084
0.315104,0.030466
0.356894,0.0286768
0.290542,0.0269212
0.314467,0.0251627
0.35942,0.0236944
0.233816,0.0222108
0.284953,0.0207816
0.357307,0.0194675
0.362481,0.0183606
0.304172,0.0172518
0.376402,0.0163225
0.235514,0.0154683
0.376545,0.0148097
0.321936,0.014382
0.269399,0.0138727
0.158173,0.0133383
0.307606,0.0129298
0.218233,0.0125619
0.217542,0.0125908
0.177336,0.0126635
0.0540458,0.0127109
0.0663795,0.0127743
0.0375635,0.0128381
0.0123599,0.0129618
-0.0530935,0.0130079
0.119482,0.01316
0.0300848,0.013346
-0.0333962,0.0135416
-0.134711,0.0138055
-0.186001,0.0139817
-0.148062,0.0141784
-0.25734,0.0143177
-0.14939,0.0144729
-0.149979,0.0146624
-0.34183,0.0146913
-0.181795,0.0147418
-0.282589,0.0147304
-0.314656,0.0146495
-0.30057,0.0145994
-0.326743,0.0145694
-0.266995,0.0145655
-0.399418,0.0144878
-0.312601,0.0144697
-0.2485,0.0143573
-0.336708,0.0142638
-0.3138,0.0142038
-0.290742,0.0142063
-0.267861,0.0142572
-0.182663,0.0143491
-0.313198,0.0143744
-0.246928,0.014436
-0.266152,0.0145082
-0.285485,0.0146008
-0.260255,0.014805
-0.341933,0.0149622
-0.206744,0.0151848
-0.226003,0.0154637
-0.203033,0.0157118
-0.180933,0.0159994
-0.117657,0.0163766
-0.057975,0.0168479
-0.193016,0.0172989
-0.173257,0.0177535
-0.23769,0.0180868
-0.1295,0.018285
-0.153381,0.0185034
-0.134662,0.0187456
-0.159194,0.0189838
-0.140198,0.0192347
-0.0373042,0.019611
0.0386232,0.0200665
-0.018386,0.0205251
-0.0519177,0.0208232
-0.168346,0.0211651
-0.0239969,0.0216073
-0.0563582,0.0220834
0.102437,0.0226772
0.0407898,0.0233475
-0.0407326,0.023749
-0.0758063,0.0240732
0.0191045,0.0244046
0.0243302,0.0247323
0.0281906,0.0250624
-0.0113451,0.0254838
0.0358554,0.0258537
0.0382618,0.0262148
0.0821784,0.0266007
0.186639,0.0270141
0.136558,0.0274453
0.0236742,0.027844
0.213596,0.0283112
0.202908,0.0288236
0.106203,0.0294344
0.0987629,0.0299373
0.0922852,0.0303036
0.0857893,0.0306305
0.164326,0.0309754
0.111248,0.0312058
0.187147,0.0314733
0.216091,0.0316524
0.200465,0.0317881
0.184867,0.0318856
0.233499,0.0318452
0.215097,0.0318726
0.324243,0.0319427
0.257577,0.0319838
0.277492,0.0320121
0.253866,0.0321601
0.231009,0.0322565
0.314981,0.0324361
0.288632,0.0326385
0.304226,0.0328534
0.234381,0.0330297
0.252424,0.0331588
0.418081,0.0332084
0.383211,0.03333
0.39072,0.0334838
0.312705,0.0335968
0.365563,0.0337123
0.372805,0.033837
0.294543,0.0338793
0.304562,0.0338622
0.420685,0.033864
0.339132,0.0338504
0.429876,0.0339967
0.304385,0.0340701
0.459912,0.0342038
0.310988,0.034114
0.380186,0.033925
0.383177,0.0337684
0.385271,0.0336254
0.301904,0.0334595
0.307611,0.0332898
0.228846,0.0332807
0.281608,0.032948
0.289873,0.0325808
0.318508,0.0322033
0.366676,0.0318082
0.327087,0.0314266
0.331284,0.0313199
0.399427,0.0312512
0.293689,0.0311353
0.362475,0.0309613
0.280095,0.0307078
0.286265,0.0305321
0.250612,0.0303139
0.343893,0.0301449
0.369024,0.0300447
0.264737,0.0301242
0.186991,0.0299823
0.113722,0.0297658
0.174653,0.0295435
0.10475,0.0292618
0.187205,0.0289667
0.0967941,0.0288545
0.180573,0.0287615
0.112564,0.0286321
0.026588,0.0283125
0.00982392,0.0279222
-0.00395927,0.0275616
0.0467616,0.0272363
-0.0312236,0.0268819
0.106742,0.0265949
0.090507,0.0264436
-0.0106506,0.0263073
-0.0212566,0.0261549
0.139715,0.0261418
-0.0461871,0.0260726
-0.117466,0.0259465
-0.012975,0.025701
-0.0612669,0.0254417
0.0201504,0.0252177
-0.0716661,0.0250325
-0.0316397,0.0249365
-0.141058,0.0247774
-0.137809,0.0245673
-0.17611,0.0243166
-0.126643,0.0239821
-0.057715,0.023787
-0.11911,0.0235696
-0.0508632,0.0233929
-0.11223,0.0232041
-0.192164,0.0229159
-0.181128,0.0226766
-0.212467,0.0221922
-0.198975,0.0217461
-0.100558,0.0214083
-0.049407,0.0212041
-0.2134,0.0210076
-0.199504,0.0207684
-0.14196,0.0205564
-0.12938,0.0203757
-0.223996,0.0199914
-0.143613,0.0198162
-0.193449,0.0196635
-0.20689,0.0195275
-0.244881,0.0193717
-0.0764467,0.0194109
-0.213047,0.0193582
-0.195285,0.0192948
-0.176981,0.0192334
-0.159522,0.0192044
-0.143132,0.0192334
-0.169789,0.019293
-0.195046,0.019122
-0.133865,0.0189901
-0.266178,0.0187916
-0.200902,0.0186122
-0.0742242,0.0186387
-0.0607583,0.018712
-0.197535,0.0187192
-0.0307652,0.0188108
-0.0620839,0.019006
-0.0513072,0.019215
-0.0410085,0.0194859
0.0529581,0.0198478
-0.0278507,0.0201995
-0.126751,0.0205083
-0.241777,0.0206933
-0.0936531,0.0206822
-0.122249,0.0206488
-0.023873,0.02065
-0.057422,0.0206751
-0.00597743,0.0207488
-0.126146,0.020704
-0.0711699,0.0206579
-0.145327,0.0205471
-0.131148,0.0203377
-0.116948,0.020264
0.0234335,0.0202596
-0.0555272,0.0203073
0.0799765,0.0204838
0.0389341,0.0206573
-0.0438753,0.0207331
-0.0373948,0.020783
-0.030822,0.0208052
0.102501,0.0209186
0.0165188,0.021067
-0.0241605,0.0211895
0.0225118,0.0213443
-0.0176074,0.021469
0.0284256,0.0216159
0.0723667,0.0217508
0.112824,0.0220623
0.0661409,0.0223567
0.105216,0.0226375
0.100611,0.0228981
-0.0743893,0.0231
0.0564616,0.0231139
0.0971307,0.0231381
0.00730636,0.0231541
0.154359,0.0232618
0.146266,0.0234645
0.178984,0.0239154
0.167275,0.0242423
0.049149,0.0244982
0.149096,0.024767
-0.00956402,0.0249585
0.0934804,0.0251779
0.022809,0.0253199
0.0820793,0.0254609
-0.0305098,0.0254913
0.073899,0.0254569
0.0680677,0.0253039
-0.00207391,0.0252807
0.101125,0.0252799
0.13598,0.0253467
0.0827792,0.0253975
0.0320519,0.0253602
0.069182,0.0252434
0.104874,0.0251492
0.0954845,0.025059
0.128784,0.0250111
0.223616,0.0248967
0.0586268,0.0246799
0.0918771,0.0244523
0.0401066,0.0241602
0.033182,0.0238354
0.0695214,0.0236348
0.104054,0.0235792
0.157513,0.02356
-0.00413674,0.023435
0.13882,0.0233176
0.0215019,0.0231998
0.0149523,0.0230683
0.115967,0.0230188
-0.000184685,0.0229603
-0.00763833,0.022996
-0.0506051,0.0230009
0.0330634,0.0229461
-0.0137515,0.0228893
-0.0162244,0.0228335
0.0877464,0.0227525
0.0803993,0.0226564
0.0724463,0.0225905
0.0647237,0.0225485
-0.0482825,0.0224391
-0.00688668,0.0223052
-0.00880452,0.0223308
0.0528803,0.0223122
-0.0580926,0.0222152
-0.0578565,0.0220713
-0.098731,0.0220567
-0.051979,0.0219198
-0.0496597,0.021795
-0.132372,0.021631
-0.125789,0.0214522
-0.117904,0.0212679
-0.0680735,0.021028
-0.105194,0.0205814
-0.0135745,0.0201936
-0.138024,0.0197504
-0.0447837,0.0193053
-0.0398073,0.019047
-0.0782954,0.0187872
-0.0298371,0.0185402
-0.17427,0.0181899
-0.0146627,0.0178071
-0.0103016,0.0175021
-0.0501387,0.0172517
-0.23586,0.0169067
0.0124057,0.0166764
-0.132067,0.0164882
-0.122406,0.0159925
-0.0483586,0.0155401
-0.1052,0.0151069
-0.111327,0.0146641
-0.128044,0.0143966
0.0311251,0.0143262
-0.114262,0.0142329
-0.105172,0.0141188
0.0108809,0.014091
-0.17579,0.0139795
-0.0357535,0.0138069
-0.0709888,0.0137382
-0.105598,0.0136471
-0.138084,0.013504
-0.0833997,0.0134563
-0.116092,0.013401
-0.0202449,0.0134628
-0.140969,0.0134864
-0.148876,0.0135236
-0.0728688,0.0136356
-0.169223,0.0140673
-0.0913351,0.0142867
-0.0801783,0.0145192
-0.0278562,0.0147776
-0.126876,0.0149899
-0.0093295,0.0150174
-0.193539,0.015151
-0.0938101,0.015263
-0.166409,0.0153197
-0.0671573,0.0154694
-0.289826,0.0153218
-0.0776665,0.0152775
-0.0650964,0.0152868
-0.139916,0.0153045
-0.0414864,0.015349
-0.0746171,0.0156108
-0.107208,0.0157238
-0.0105188,0.0159749
-0.130567,0.0161642
-0.181742,0.0162512
-0.0168916,0.0162619
-0.0933566,0.0164444
0.00196039,0.0166529
0.00804027,0.0169011
-0.0299381,0.0171323
-0.023701,0.0171672
-0.0177495,0.0172089
-0.118128,0.0171381
0.0408019,0.0171379
-0.104157,0.0170682
0.0110365,0.0169653
0.0156174,0.016927
0.0183325,0.0169012
-0.021546,0.0168814
0.0252481,0.0168897
0.112237,0.0168909
0.108292,0.0167771
-0.0230705,0.0166328
0.148651,0.0165497
0.0581508,0.0164433
0.0549332,0.0163503
0.0949172,0.0163473
0.00541208,0.0162415
0.195628,0.0162185
0.0792178,0.0162501
0.0305085,0.0160506
0.0699468,0.0157923
0.107806,0.0155592
0.100481,0.0153431
0.156677,0.0153013
0.0824026,0.0152671
0.138455,0.0149696
-0.020014,0.0146556
-0.0222505,0.0142823
0.0619322,0.0138652
0.120639,0.0138615
0.111338,0.0139897
0.101988,0.01412
0.0294815,0.0142003
0.0878192,0.0139431
-0.0256462,0.0135952
0.120471,0.0134008
-0.0789431,0.0130859
0.0700008,0.0128273
0.00102959,0.0125093
-0.00201884,0.0122058
0.101721,0.0119135
-0.0543034,0.0115439
-0.0121125,0.0111729
-0.0977303,0.0107394
0.0541896,0.0104364
-0.0553167,0.0101679
-0.244656,0.00977074
-0.273733,0.0092519
-0.0659863,0.00880059
-0.0190048,0.00860143
-0.0591383,0.00834084
-0.0976481,0.00801464
-0.0486881,0.00772159
-0.052134,0.00742452
-0.0397225,0.00725381
-0.120605,0.00708154
-0.0276499,0.00694704
-0.0659218,0.00680696
-0.102823,0.0066686
-0.158377,0.00651907
-0.189121,0.00616099
-0.132775,0.00588129
-0.163201,0.00559774
-0.00188907,0.00540981
-0.145223,0.00542363
-0.176468,0.00531014
-0.0772763,0.00524358
-0.110043,0.00516068
-0.0994376,0.00500242
-0.173743,0.00448139
-0.0743658,0.00430222
-0.297273,0.00399293
-0.23345,0.00366934
-0.106926,0.0034754
-0.241518,0.00301349
-0.0736298,0.00245226
-0.251917,0.00186555
-0.231566,0.00124491
-0.252374,0.000583763
-0.230181,0.000371932
-0.017408,0.00040038
-0.345446,0.000299543
-0.276675,0.000191445
-0.187105,5.10923e-05
-0.12363,0.000189669
-0.212751,0.00037535
-0.128011,0.000573402
-0.216458,0.000717802
-0.237664,0.000851079
-0.213419,0.000894983
-0.190578,0.000985277
-0.211461,0.00110168
-0.231248,0.00124851
-0.207287,0.00153889
-0.18409,0.00183049
-0.310719,0.00212635
-0.197506,0.00244688
-0.215899,0.00276217
-0.234354,0.00304829
-0.357447,0.00329834
-0.367229,0.00325743
-0.226876,0.00324799
-0.30511,0.00317913
-0.232313,0.00313164
-0.247043,0.00292319
-0.176823,0.00295571
-0.152749,0.00304002
-0.173066,0.00315627
-0.235029,0.00327543
-0.208681,0.00330822
-0.289005,0.0030568
-0.195896,0.00288623
-0.233874,0.00274111
-0.249481,0.00256264
-0.221466,0.00222749
-0.237102,0.00190954
-0.209723,0.00158992
-0.268455,0.00123634
-0.154633,0.000904352
-0.0886527,0.000635934
-0.197234,0.000487251
-0.0888765,0.000388018
-0.218613,0.000223915
-0.194348,-2.41107e-05
-0.106562,3.0825e-05
-0.0872747,0.000150959
-0.0704369,0.000343634
-0.054651,0.000618644
-0.188676,0.000834582
-0.167763,0.00109603
-0.0620563,0.00131042
-0.0890991,0.00152744
-0.158603,0.00167891
-0.0546889,0.00191097
-0.12554,0.0021535
-0.10894,0.00251261
-0.0927182,0.00286279
-0.120069,0.00317036
-0.167433,0.00348838
-0.190978,0.00373019
-0.170322,0.0038168
-0.0444357,0.00396328
-0.137537,0.00409143
-0.120972,0.00421838
-0.231814,0.00437605
-0.167261,0.00445155
-0.147438,0.00453322
-0.0443356,0.00469336
-0.0317454,0.00488964
-0.0634316,0.00499952
-0.0519185,0.00514798
-0.0829089,0.0052396
-0.112731,0.00525384
0.0288592,0.00530302
-0.0068719,0.00533679
0.000218231,0.00554274
0.0490601,0.00580364
-0.0746224,0.00600742
-0.0230607,0.00623914
0.0692701,0.00642493
-0.0138144,0.00634353
0.0334727,0.00627095
0.0361342,0.00619832
-0.0465524,0.0060721
-0.0404344,0.00590361
0.05092,0.00581236
0.00971887,0.00572241
-0.0301162,0.0055895
0.0169957,0.00543501
0.0618151,0.00538966
0.0609138,0.00541395
0.0173175,0.0053883
0.0602649,0.00537323
0.0588517,0.00537082
0.0988715,0.00546603
0.00968434,0.00557933
0.093947,0.0057462
0.0897626,0.00594828
-0.000207486,0.00609586
0.126436,0.00620018
0.0774897,0.00626388
0.0296367,0.0062765
0.0691244,0.00627088
0.107041,0.00627094
0.0151719,0.00633877
0.0972197,0.00644589
0.0484496,0.00651776
0.149618,0.00661432
0.0761659,0.00667954
0.13267,0.00672751
0.0591869,0.00676497
0.052544,0.00680127
0.0469602,0.00683268
0.0417287,0.00686361
0.100249,0.00673315
0.0920144,0.00655605
0.0200565,0.00634337
0.0155145,0.00608997
0.0755405,0.00585543
0.00535223,0.00561806
0.0653757,0.00531268
-0.00425338,0.0049499
-0.00695612,0.00454212
-0.0513085,0.00406784
0.182487,0.0038528
0.171159,0.00380641
0.0304265,0.00371723
0.0668104,0.00362333
0.0177274,0.00348808
0.0981924,0.00340791
0.0475659,0.00326041
-0.00115965,0.00310186
-0.00449503,0.00292993
0.0354004,0.00278861
0.0732308,0.00265426
0.214636,0.00266438
0.0513487,0.00263862
0.0858232,0.00261431
-0.0071235,0.00252243
0.0740299,0.00251723
-0.0176997,0.00250687
-0.0205237,0.00245652
0.020334,0.00241186
-0.0256576,0.00233298
0.0154459,0.00224603
-0.0723118,0.00209907
-0.0706172,0.00191789
0.0166934,0.00178528
0.0572055,0.00172202
0.00997575,0.00162559
-0.077371,0.00149623
-0.180736,0.00124413
0.0193116,0.001058
-0.0230869,0.000887757
-0.0649017,0.000737072
0.0229937,0.000627558
-0.126151,0.000440408
-0.204608,0.000143405
-0.1495,-0.000191075
-0.0328644,-0.000452599
0.0137283,-0.000622125
-0.027945,-0.000749952
-0.0889305,-0.000884264
-0.125138,-0.00105128
-0.0102208,-0.00116732
-0.112877,-0.00130393
-0.0627337,-0.00142756
-0.0660918,-0.00153384
-0.177402,-0.00170796
-0.0803973,-0.00183783
-0.0718314,-0.00193613
-0.0747415,-0.00201414
-0.0994498,-0.00208773
-0.0484424,-0.00211917
-0.126628,-0.00216809
-0.0317661,-0.00216963
0.0166857,-0.00209715
0.0243655,-0.00196975
-0.0223378,-0.00183235
-0.102661,-0.00177089
-0.0942318,-0.00175671
-0.0430739,-0.00172869
0.00538037,-0.00165645
-0.0340251,-0.00157903
-0.0718768,-0.00152304
-0.107363,-0.00152457
-0.0979448,-0.00155669
-0.00404183,-0.00154872
-0.0422079,-0.00153878
-0.0792965,-0.00157364
-0.0717166,-0.00162397
-0.106389,-0.00170509
-0.0543568,-0.00177626
-0.0896451,-0.00186311
-0.144382,-0.0020162
-0.153813,-0.00221469
-0.119108,-0.00241535
-0.0441863,-0.00256553
-0.142562,-0.00274031
-0.172824,-0.00280526
-0.157888,-0.00269164
-0.185659,-0.00254307
-0.126779,-0.00228424
-0.197874,-0.0019663
-0.244231,-0.00151016
-0.393131,-0.00110829
-0.362968,-0.000699682
-0.290294,-0.000231837
-0.369493,0.000217049
-0.381094,0.000623
-0.432133,0.000920887
-0.353267,0.00120472
-0.404266,0.00142414
-0.283356,0.00167487
-0.294865,0.00182818
-0.37016,0.0017786
-0.387434,0.00164437
-0.339937,0.00145801
-0.19957,0.00133506
-0.362707,0.0010544
-0.242843,0.000756292
-0.297293,0.000412539
-0.222695,9.12369e-05
-0.193865,-0.000194494
-0.16726,-0.000481032
-0.0578753,-0.000716807
-0.16699,-0.000976784
-0.0596655,-0.00118193
-0.0844895,-0.00136307
-0.0246366,-0.00154446
0.137083,-0.00155276
-0.0493393,-0.0015832
0.00454519,-0.00158062
-0.0276433,-0.00157387
-0.0171741,-0.00156816
0.141157,-0.00137798
0.0361404,-0.00118392
0.0404306,-0.000972539
0.0869611,-0.000712612
0.151923,-0.000341401
0.0426567,2.27356e-05
0.150042,0.000457547
0.0821826,0.000909221
0.0804373,0.00138674
-0.048315,0.00190707
0.147358,0.00265589
-0.0057374,0.00340598
-0.0891122,0.00411312
-0.0395312,0.00481802
-0.140158,0.00544889
-0.0659697,0.00606089
-0.206487,0.00654636
-0.107071,0.0069988
-0.138561,0.00739987
-0.126285,0.00776453
-0.114406,0.00800297
-0.14548,0.00815389
-0.132463,0.00821912
-0.161779,0.00819169
-0.14728,0.00798213
-0.132932,0.00766854
-0.0770243,0.00734244
-0.0665889,0.00700524
-0.0572725,0.00665953
0.0360832,0.00622992
-0.00271149,0.00579805
0.149576,0.00545295
0.145896,0.00516565
0.0977561,0.00487495
0.0303312,0.00460076
0.178208,0.00436784
0.212759,0.00421974
0.116253,0.00406434
0.193631,0.00395923
0.182022,0.0039233
0.170068,0.00395351
0.158389,0.00398134
0.295321,0.00410648
0.317988,0.00432163
0.253117,0.00455167
0.190167,0.00473997
0.258563,0.00497696
0.237764,0.00523264
0.260031,0.0055162
0.195702,0.00580625
0.261411,0.0061622
0.111962,0.00642578
0.181442,0.00666753
0.121391,0.00685688
0.148647,0.00704434
0.238162,0.00732934
0.0263482,0.00750099
0.142513,0.00766592
0.0426668,0.00775559
0.180349,0.00792626
0.0573337,0.00801084
0.0030655,0.00800422
0.0377736,0.00794904
-0.0127545,0.00786632
0.129481,0.0078493
0.0108456,0.00777825
0.0453516,0.00769638
0.10067,0.00764642
-0.0164204,0.00751758
0.0203342,0.00744529
-0.0281264,0.00732078
0.0106822,0.00718243
0.00316901,0.007035
0.0645861,0.00693693
-0.0916231,0.0066941
0.0572765,0.00645173
0.0513641,0.00623951
-0.0190751,0.00599876
-0.0646764,0.00572711
0.0417592,0.00550785
-0.026389,0.00531835
-0.0282716,0.00512876
0.0343673,0.00497786
0.072668,0.0049157
-0.0399648,0.00483073
0.0226226,0.0047495
-0.044226,0.00465717
0.0616985,0.00462491
0.014486,0.0046224
-0.0523011,0.00457711
0.0119246,0.00457827
-0.0957528,0.00452382
-0.0923691,0.00443871
-0.0454172,0.00440039
0.020585,0.00441744
0.019238,0.00453157
0.0172444,0.00467724
0.0153452,0.00485804
-0.0500336,0.00501477
-0.090313,0.00511327
-0.0854456,0.00512782
-0.0802022,0.00512712
-0.0326474,0.00514815
-0.0721466,0.0051435
-0.152217,0.00508787
-0.142561,0.00501695
-0.00521508,0.0050161
-0.0870084,0.00500003
-0.0384043,0.00501065
-0.161083,0.00495299
-0.0232709,0.00494388
-0.0608737,0.00496125
-0.097693,0.00496824
-0.0896959,0.00498401
-0.0393566,0.00498979
-0.0763866,0.00495606
-0.0271081,0.0049448
-0.170723,0.00485381
-0.0526295,0.00479004
-0.0876643,0.00469947
0.005184,0.00472859
0.00870793,0.00482103
-0.0314864,0.00492996
-0.027203,0.0050172
0.0195684,0.00514185
-0.127024,0.0051743
-0.0121271,0.00523069
-0.00859031,0.0053046
-0.111385,0.00530785
0.00399149,0.00537913
-0.0349343,0.0054251
-0.0306665,0.00547245
0.0162005,0.00555227
-0.0244476,0.00561318
0.0214144,0.00575118
0.0223427,0.00590663
0.0229646,0.00606581
-0.125038,0.00611131
-0.0744076,0.00612082
-0.0671368,0.00605151
-0.0606853,0.00598089
0.0512859,0.00598557
-0.0547586,0.00597056
-0.050254,0.005952
0.0185313,0.00599353
0.0200057,0.00606773
0.0629682,0.00620134
0.0730112,0.00637919
-0.0485358,0.00649945
0.0610858,0.00666149
0.0595905,0.00683987
0.056557,0.00703868
0.0114291,0.00721598
0.0531428,0.00740011
0.0505518,0.00757889
-0.0584421,0.00767828
0.0502813,0.00779109
0.0481982,0.0079005
0.0453319,0.00800995
0.0421918,0.00813196
0.124061,0.00833601
-0.0740296,0.00843893
0.0764714,0.00857625
-0.0122219,0.00867484
0.0718975,0.00880185
0.0250704,0.00891288
-0.0836582,0.00891957
0.110483,0.00898567
0.0200297,0.00903443
0.017063,0.00904713
0.0998665,0.00910312
0.00867719,0.00912604
0.0907814,0.00917142
0.0423668,0.00919778
0.122784,0.00930489
-0.01291,0.00935251
-0.0150612,0.00935757
0.0689449,0.00939546
0.0215565,0.00942972
0.0182211,0.00946062
0.0577512,0.00950979
-0.0318737,0.00950229
0.0949501,0.00954325
-0.0384389,0.00952637
0.151825,0.00957782
-0.00589581,0.00958924
0.0335538,0.0095935
-0.0544695,0.00953629
0.0310409,0.00949038
-0.056295,0.00941135
0.135635,0.00944336
0.0638503,0.00950939
0.0152369,0.00956459
0.054475,0.00963794
0.113213,0.00976717
-0.0434098,0.00982024
-0.0865736,0.00978491
0.00157291,0.00974517
0.000958349,0.00971229
-0.000323548,0.00968487
-0.0439225,0.00962883
-0.0427313,0.00954763
-0.0409958,0.00944832
0.00338638,0.00936234
0.0453177,0.00933578
0.0422761,0.00935015
0.03881,0.00938914
-0.0914895,0.00935673
0.1029,0.00941998
-0.0932258,0.00942761
0.0372143,0.00945659
0.0355524,0.00951048
0.0326259,0.00957836
0.0933764,0.00969495
-0.0186996,0.00976489
0.0864301,0.00991812
0.0174495,0.0100609
-0.0276877,0.0101649
-0.0699657,0.0102265
0.0178588,0.0102849
0.0168751,0.0103343
-0.0272277,0.010371
0.0792914,0.0104716
-0.0312623,0.0105388
-0.0361953,0.0105853
0.0124284,0.0106177
0.0118736,0.010651
0.0105776,0.0106843
0.0728759,0.0107659
-0.0800829,0.0107657
0.00773853,0.0107708
0.00757028,0.0107729
-0.0781186,0.0107071
-0.0320634,0.0106347
-0.114618,0.0104811
0.0824341,0.0104243
0.0158669,0.0103993
0.0142693,0.0103935
-0.113916,0.0103068
0.0828471,0.0103083
-0.0261819,0.0102898
-0.0254508,0.0102659
0.0186967,0.0102696
0.123906,0.010368
0.0110933,0.0104455
0.00905078,0.0105093
0.00815791,0.0105624
0.0707898,0.0106517
0.00293272,0.0107253
0.00160968,0.0107767
0.000922858,0.0108261
0.0638219,0.010907
0.0597962,0.0110133
0.0553586,0.0111276
0.0933842,0.0112825
-0.103675,0.0113124
0.0481898,0.0113612
0.0456283,0.0114225
0.0418111,0.0114827
-0.0253909,0.0114965
0.0379805,0.0115176
0.0403656,0.01154
0.0309121,0.0115613
0.028388,0.0115762
-0.0380618,0.0115374
-0.164304,0.0113642
0.0346743,0.0112402
0.0337875,0.0111613
-0.032444,0.0110533
0.0320128,0.0109818
0.0300886,0.0109508
0.0275777,0.0109365
0.10987,0.0109981
0.0181283,0.0110475
-0.0908931,0.0110202
-0.0867159,0.0109241
-0.0817737,0.0107934
-0.0768192,0.0106424
-0.0853202,0.0104755
-0.0936514,0.0102995
-0.10204,0.0101102
-0.110428,0.00991659
-0.118878,0.00971784
-0.127236,0.00951269
0.219814,0.00950738
0.0656815,0.00957457
0.0636303,0.00968655
-0.087831,0.0097307
0.00162163,0.00979007
0.0666612,0.00991127
-0.0421397,0.0099952
-0.124494,0.00999123
-0.116844,0.00993449
-0.150821,0.0098183
-0.012938,0.00975253
-0.0514282,0.00969691
-0.0468527,0.00965072
0.0425331,0.00967683
0.106117,0.00979903
0.0376505,0.00993893
-0.0489407,0.0100312
-0.00334062,0.0101181
0.0407521,0.0102325
0.103062,0.0104109
-0.0503247,0.0105112
-0.00582085,0.0105782
-0.00447214,0.0106356
-0.00354719,0.0106797
0.103115,0.0107912
0.0343873,0.0109001
-0.0530047,0.0109397
-0.0925487,0.0108968
0.0403194,0.0108857
0.0396051,0.0109
-0.0473836,0.0108684
-0.00253479,0.0108183
-0.0439337,0.0107347
0.0434952,0.0106922
0.0420183,0.0106788
-0.00274106,0.0106557
-0.00280396,0.0106233
0.0398252,0.0106137
0.0379462,0.010624
-0.00692251,0.0106042
-0.0493671,0.0105322
0.0379787,0.0104845
0.0364142,0.0104572
-0.0506717,0.0103798
0.0363677,0.0103383
0.14078,0.0104182
-0.0157636,0.0104564
-0.0166803,0.0104613
0.0262324,0.0104826
0.0245963,0.0105207
-0.0198338,0.0105259
-0.0616851,0.01046
-0.0586249,0.0103613
-0.0126241,0.0102781
0.0310033,0.0102412
0.0293765,0.0102427
-0.0149335,0.0102313
0.0278002,0.010246
0.0263043,0.0102848
0.0243662,0.0103484
0.0225347,0.0104191
0.0207376,0.0104973
-0.0233474,0.0105542
0.0197566,0.0106219
-0.214353,0.010526
-0.0548505,0.0104142
-0.00722547,0.0103304
-0.090454,0.0102008
0.147858,0.010218
0.0989639,0.0103066
0.0924404,0.0104507
-0.0196414,0.0105535
-0.0621105,0.0105881
-0.14355,0.0105139
-0.092935,0.0104002
-0.0437536,0.010287
0.108353,0.0102845
-0.0447107,0.010254
0.0418432,0.0102706
-0.0442636,0.01026
-0.0419362,0.0102234
0.109514,0.0102722
-0.0861908,0.0102431
0.108264,0.0103031
-0.0446162,0.0103237
-0.000837537,0.0103267
-0.0849292,0.0102539
-0.0800058,0.0101319
0.0102734,0.0100487
0.0110948,0.00998266
-0.0314341,0.0099011
0.0131602,0.00985289
0.0557176,0.00985171
0.053108,0.00989025
0.00766543,0.00992708
0.00699527,0.00996212
0.112519,0.0100647
-0.041818,0.0101045
-0.0833727,0.0100715
0.112054,0.010125
-0.0838484,0.0101044
-0.0380757,0.0100558
0.049558,0.010051
0.110787,0.0101284
-0.0862451,0.0101085
0.107775,0.0101645
-0.0457286,0.0101825
0.10351,0.010277
-0.00780806,0.0103444
-0.00890737,0.010382
-0.0513887,0.0103669
0.0357938,0.0103555
-0.00831877,0.0103309
0.0973158,0.0103782
-0.0142829,0.0103731
0.0275281,0.0103724
-0.0590777,0.010317
0.0280657,0.0102794
0.0902862,0.0102963
-0.0212815,0.0102813
0.084289,0.0103088
0.015794,0.0103096
-0.0713473,0.010232
0.122164,0.0102383
0.0097199,0.0102415
0.00715112,0.010228
-0.0366546,0.0101711
-0.0779223,0.0100488
-0.0315639,0.00991616
-0.0295737,0.00976995
-0.0279426,0.00961629
0.0160543,0.00949647
-0.0269267,0.00937592
0.0802182,0.00934254
0.0125151,0.00933626
-0.0315452,0.00932424
0.0755968,0.00936756
0.0716067,0.00945484
0.00307442,0.00952971
-0.0831279,0.00953278
-0.0791628,0.00948003
-0.0320439,0.0094381
-0.0720568,0.00936458
-0.0252587,0.00930596
0.082938,0.00932013
-0.0693429,0.00929683
0.0821384,0.00935443
0.0784898,0.00946652
0.0735182,0.00961108
-0.0373443,0.00968829
-0.0788138,0.00969546
-0.0742338,0.00966103
-0.0695427,0.0095981
0.0833589,0.00961778
-0.110946,0.00953803
-0.0207228,0.00946047
0.0242193,0.00943103
-0.0188232,0.00940547
-0.0600766,0.0093507
-0.0138767,0.0093093
-0.0120413,0.00929939
-0.0528959,0.00923927
0.0353928,0.00922571
-0.00767952,0.00921084
-0.00700874,0.00919627
-0.00596488,0.00919531
-0.00498946,0.00919655
-0.0464201,0.00916101
-0.000944567,0.00913444
0.000278266,0.009099
0.04326,0.00910546
-0.000952073,0.00911817
-0.000875729,0.00912539
-0.000472448,0.00913564
0.105961,0.00923745
-0.0478989,0.00929301
-0.0463094,0.00929739
0.0415337,0.00933243
-0.0447874,0.00932269
-8.58878e-05,0.00931085
0.000444352,0.0093057
0.043026,0.00933185
0.0410378,0.00938067
-0.00375307,0.0094117
-0.0886509,0.00937237
0.0434051,0.00934832
-0.0426136,0.00929186
-0.040519,0.00921714
-0.0444629,0.00912905
0.0501897,0.00910067
-0.0789842,0.00901607
-0.0747499,0.00889943
-0.0270892,0.00879307
-0.0666068,0.00866863
0.0229537,0.00860303
0.0231464,0.00859816
0.0224734,0.00861758
0.021641,0.00865861
0.126794,0.00879105
-0.0282697,0.00889511
-0.0278551,0.00897463
0.0165571,0.00904068
0.0161431,0.00911786
-0.0271906,0.00916577
-0.0257638,0.00918217
-0.0237836,0.00918486
0.0204927,0.00922344
0.0198463,0.00927083
0.0188046,0.00932502
0.0177323,0.00937325
0.0198575,0.00942658
-0.0273602,0.00945971
-0.025685,0.00946749
0.0185017,0.00949688
-0.0669301,0.00947278
-0.0209328,0.00945214
-0.0189771,0.00942546
-0.0174384,0.00940122
-0.0159002,0.00938204
-0.0567944,0.00933095
0.031547,0.00932405
-0.0115023,0.00929749
-0.0531057,0.00923116
0.0349953,0.00920526
-0.00811527,0.00917653
-0.00747475,0.00915076
-0.00656644,0.00915755
-0.0056157,0.00916629
-0.00472693,0.00918226
0.0807288,0.00927075
-0.0080813,0.00933259
0.0340169,0.00941707
0.0748062,0.00954952
-0.0567271,0.00961543
-0.054346,0.00962956
0.0339078,0.00964745
-0.00957355,0.00965707
0.0331138,0.00968932
-0.0109114,0.00969813
0.0316987,0.00971868
-0.0545889,0.00968134
0.0751717,0.00971684
0.0835835,0.00979854
-0.0617247,0.00980651
-0.0582493,0.0097541
-0.0122169,0.00970337
-0.0535057,0.00962106
-0.0503433,0.00953054
0.08008,0.00952668
0.0342843,0.00955358
-0.0955087,0.00951317
-0.00566107,0.00948304
0.0805762,0.00952387
0.034137,0.00958079
0.031601,0.00964892
-0.0129014,0.00970474
-0.0126802,0.00973255
0.0726625,0.00980756
0.0687911,0.00990737
-0.0207805,0.00997436
0.0637971,0.0100581
0.0601808,0.0101709
0.119428,0.0103398
0.00564437,0.0104701
0.151322,0.0106731
-0.0911565,0.0107317
-0.0890367,0.0106895
-0.0842743,0.0105702
-0.0796369,0.0104025
-0.117377,0.0101766
-0.0256996,0.00997813
0.0194528,0.00983085
-0.0234694,0.00969411
0.0201678,0.00959885
0.125574,0.00960625
0.0125339,0.00960711
0.116282,0.00968535
-0.0387418,0.00971207
-0.038386,0.0096931
0.111941,0.00975232
-0.0423375,0.00976407
-0.0840044,0.00970854
0.00532896,0.00966298
0.00573926,0.0096332
-0.0796089,0.00954623
0.0515997,0.00951852
0.113341,0.00959266
0.10616,0.00973496
-0.0492859,0.00981089
0.0999334,0.0099492
0.0307088,0.0100803
0.0273234,0.0101924
-0.017665,0.0102681
0.024533,0.0103431
-0.0197961,0.0103825
-0.0196802,0.0103804
-0.0615603,0.0103143
-0.0162841,0.010235
0.0271529,0.0101862
0.0254872,0.0101492
0.0233216,0.0101197
-0.0210405,0.0100636
0.0852912,0.0100615
-0.0254472,0.0100276
-0.0678593,0.00992925
0.0202704,0.00985427
0.019557,0.00980511
0.0812363,0.00981221
0.0894528,0.00986409
-0.0365533,0.00985998
0.00705573,0.00988339
-0.0360291,0.00984341
-0.0349179,0.00977041
0.00914218,0.00971052
0.00863583,0.00965988
0.00762945,0.0096148
0.00668141,0.00958544
0.00579962,0.00956172
0.111153,0.00961782
-0.00153438,0.00965614
0.102756,0.00973583
-0.0943058,0.00973792
0.0572096,0.00977524
0.0542719,0.00984143
0.0500285,0.00992666
0.0459379,0.0100364
-0.0217024,0.0101045
-0.026056,0.0101436
-0.0641187,0.0101306
-0.0610473,0.0100559
-0.0575714,0.00995248
-0.0117789,0.00986791
-0.0107889,0.00979411
-0.0948266,0.00967255
-0.08972,0.00951326
-0.0836236,0.00933124
-0.120216,0.00912459
-0.0274232,0.00895672
-0.0237957,0.00883388
0.0847652,0.00881671
-0.0244102,0.00881378
-0.0230855,0.00881737
-0.0240818,0.00882528
-0.0180255,0.00883489
0.0259538,0.0088774
0.0304549,0.00894967
-0.0605116,0.00894385
-0.014071,0.00894276
-0.0543006,0.00891386
-0.0928487,0.00883915
-0.0015427,0.00879128
0.0430382,0.00882525
-0.0429261,0.00883079
0.0446482,0.00888367
0.0436242,0.00897043
0.0497902,0.00909781
-0.0461345,0.00916779
-0.000826027,0.00924044
-0.0422223,0.00927572
0.108527,0.00939777
-0.0867517,0.00942865
-0.0826391,0.00936701
-0.0345091,0.00929482
-0.0734095,0.00918193
-0.0681578,0.00904013
0.064376,0.00899063
0.0202384,0.00895914
-0.0228816,0.00891263
0.0212639,0.00888531
0.0211093,0.00887263
0.169068,0.00895806
0.117213,0.00910973
0.045975,0.00924431
-0.0426337,0.00930322
-0.0835411,0.00927433
0.0482769,0.00927387
0.110044,0.00931671
-0.0448764,0.00928903
0.040909,0.0092758
-0.00371527,0.00922699
0.101708,0.0092697
-0.0948962,0.00920338
-0.00696333,0.00913024
0.183297,0.00919105
-0.101076,0.00915144
0.0288675,0.00912964
-0.0146916,0.00909036
0.0911057,0.00911655
0.0223785,0.00914754
0.0195826,0.00918049
0.0175313,0.00921592
0.0790161,0.00929124
0.010252,0.00934457
-0.0344168,0.00934594
0.0722484,0.00937409
0.00422136,0.00942922
0.0657841,0.00950755
-0.00230505,0.00956215
-0.0886815,0.00953789
-4.64819e-05,0.00951779
-0.0847327,0.00943619
-0.0383494,0.00936121
-0.0359528,0.00928281
0.00848991,0.00923725
-0.034146,0.00919006
0.00988249,0.0092093
0.0732623,0.00926331
-0.0791894,0.00925975
-0.118274,0.0091767
0.0159675,0.00912677
-0.0258484,0.00907118
0.0180851,0.00906921
-0.0670715,0.00902902
0.127406,0.00909952
0.0155323,0.00918158
-0.0287631,0.00923619
0.0150694,0.0093072
0.0146487,0.00938436
-0.0285755,0.00942956
-0.0271419,0.00946396
-0.025261,0.00949411
-0.0234003,0.00947839
-0.0216285,0.0094497
-0.0199054,0.00941561
-0.0606713,0.00934428
-0.0990438,0.00921013
0.0982836,0.00917715
-0.0113235,0.00913475
-0.0534276,0.00905964
0.0982995,0.00906448
-0.0119754,0.0090209
-0.0119284,0.00901909
-0.0109528,0.00902092
0.0961651,0.00911232
0.027639,0.00921842
-0.0593371,0.00926959
-0.0140113,0.00926128
-0.0549735,0.0092247
-0.00937516,0.00920206
-0.0503355,0.00914928
-0.0896688,0.00905737
0.000909062,0.00899576
-0.0822533,0.00889008
0.00766625,0.00882025
0.0511785,0.00883269
-0.0355841,0.00885777
-0.0334047,0.00886227
-0.0303958,0.00885771
0.0146652,0.00887503
0.0573124,0.00894799
0.05486,0.00908043
-0.0752901,0.00912227
0.0132757,0.00918672
0.0136455,0.00926083
0.11923,0.00941699
0.00675128,0.00955276
-0.0794747,0.00958949
-0.0328349,0.00958738
-0.072457,0.00951797
0.0593109,0.00950069
0.120835,0.00954356
-0.0342307,0.00955812
0.00879914,0.00955933
0.00865669,0.00954926
0.11397,0.00961233
-0.125406,0.00955114
-0.0352307,0.00947972
-0.0320016,0.00939613
-0.0297566,0.00929962
0.0572259,0.00926059
0.0123284,0.00921777
-0.115665,0.00909859
0.0176272,0.00901689
0.0604853,0.00899051
0.0150172,0.0089789
-0.0285247,0.00890933
0.163515,0.00898021
0.049084,0.00905196
-0.0825967,0.00903409
0.0481027,0.00904287
0.109699,0.00913714
-0.0453637,0.00917005
0.146109,0.00931032
-0.0102972,0.00941434
-0.0120187,0.00947918
0.0302364,0.00955331
-0.0143962,0.0095937
-0.0569463,0.00957671
0.0302198,0.00957566
0.0285677,0.00958634
0.0260813,0.0095924
-0.0185026,0.00957832
0.0239871,0.00958129
-0.0623499,0.00953035
0.0249858,0.00949511
0.0236754,0.00949743
-0.0206147,0.00948291
0.128067,0.0095573
-0.0697915,0.00956223
0.016834,0.00958458
0.0796425,0.00964282
-0.0736531,0.00961566
-0.0288551,0.00957068
0.0152534,0.0095397
-0.0704028,0.00946035
-0.0248093,0.0093452
0.0193676,0.00924697
-0.0238997,0.00913938
0.0830249,0.00909916
0.0787895,0.00910428
0.0735407,0.00915358
-0.0376317,0.00914999
0.0688679,0.00919793
0.00132073,0.00923071
0.0634017,0.00929442
-0.089088,0.00926705
-0.000900481,0.00923303
-0.000719402,0.00919481
-0.0861051,0.0090858
-0.0817541,0.00893519
0.0715444,0.00887271
0.0684317,0.00887657
0.0638916,0.00892281
-0.0465645,0.00891554
-0.0450814,0.00887122
-0.0849891,0.00880315
0.00470269,0.00879739
0.0687733,0.0088623
-0.16791,0.00881393
0.0735142,0.0088559
0.0713963,0.00894521
-0.165926,0.00889613
-0.0306587,0.00886271
-0.0693875,0.00880594
-0.0648156,0.00873044
0.0248706,0.00869585
0.024903,0.00868707
-0.10305,0.00861571
0.0937866,0.00863749
-0.0154636,0.00864606
-0.0996667,0.0085981
-0.00873442,0.0085795
-0.0487493,0.00854899
0.0394714,0.00857514
0.038686,0.00864036
-0.0477763,0.00867564
0.0398617,0.00872768
-0.0458827,0.00873637
0.0415178,0.00877787
-0.0445382,0.00877687
0.0428975,0.00880462
-0.127863,0.00874283
0.00598525,0.00870575
-0.03474,0.00866281
0.010247,0.00864279
0.0107737,0.00865086
-0.0315817,0.00867403
-0.0292389,0.00869157
0.0157851,0.00873698
-0.026429,0.00876955
-0.024494,0.00880378
-0.0221575,0.00882714
-0.0199041,0.00885238
0.0246022,0.00890915
-0.0604637,0.00892198
0.0704381,0.00900266
0.0680252,0.0091113
0.064077,0.00924069
0.0603785,0.00938684
0.0142237,0.00950468
0.0553011,0.0096135
-0.0328174,0.00966105
0.0105134,0.00969311
-0.032278,0.0096829
0.117584,0.00974924
-0.0369907,0.00975214
-0.0789615,0.00967917
-0.0323262,0.00959318
-0.0299112,0.00949139
-0.0277956,0.00938246
-0.0257279,0.00927641
0.0186364,0.00918805
0.0181649,0.00911808
0.122828,0.00913983
0.0525991,0.00918725
0.112012,0.00929259
0.10507,0.00944936
-0.00845286,0.00955161
-0.0112714,0.00960581
-0.010132,0.00962403
0.0320139,0.00964005
0.029591,0.00966087
0.0904347,0.00972754
0.0842999,0.0098296
-0.0282397,0.00987362
0.0771578,0.0099665
-0.0761729,0.0099576
0.0742377,0.00999085
-0.0362231,0.00997529
0.11227,0.010034
-0.08511,0.00997072
0.00192093,0.00989528
0.00149504,0.00981631
0.00044802,0.00972666
0.105415,0.00971124
-0.00721082,0.00966209
-0.00885741,0.00961013
0.0965349,0.00962348
-0.057861,0.00957835
0.0490125,0.00956906
-0.0601671,0.00952627
-0.100588,0.00939705
-0.113008,0.0092102
0.0601908,0.00910556
-0.049214,0.00898756
0.058562,0.00893658
0.0557247,0.00893962
-0.0963846,0.00886783
-0.0497446,0.00877878
-0.00394655,0.00871111
0.060308,0.00875028
-0.00656251,0.00881439
-0.00700017,0.0088875
0.0567573,0.0090139
-0.0522618,0.00910489
0.0982256,0.00927525
-0.0550485,0.00937445
0.0949796,0.00954668
-0.0580825,0.00965724
-0.0562298,0.00972619
-0.095296,0.00972349
0.058682,0.00976781
-0.134055,0.00971163
-0.0424141,0.00964697
-0.0383755,0.00957773
-0.0351823,0.00951768
0.0101913,0.00949525
-0.0316721,0.00945856
-0.0293805,0.00942259
-0.0267528,0.00939234
0.0180686,0.00937001
-0.0242077,0.00934008
-0.0255126,0.00929916
0.022262,0.0092867
0.0221234,0.00928657
-0.021006,0.009261
0.0227948,0.00921507
0.0222956,0.00917638
-0.0634177,0.00908741
0.0250143,0.0090244
-0.0600168,0.00893815
0.0916691,0.00894917
-0.0179328,0.00893416
0.0883593,0.00897998
-0.0219453,0.00898575
0.0844669,0.00904399
-0.0256285,0.0090897
0.123085,0.00921707
0.0743192,0.00937283
-0.0796271,0.00943141
0.0717069,0.00952946
-0.0801066,0.00953338
-0.034557,0.00951081
-0.032168,0.0094767
-0.030239,0.00943835
0.0776177,0.00949092
0.0101859,0.00956125
0.00874667,0.00962576
-0.0344292,0.0096569
0.00947764,0.00968921
0.0727567,0.00976749
0.00491036,0.00985468
0.00362515,0.00993787
-0.0393866,0.00998782
-0.0377101,0.0100138
0.0703666,0.0100985
0.00336374,0.0101282
-0.0401733,0.0101236
-0.0451248,0.0100812
-0.0353523,0.0100196
0.00883846,0.00993513
-0.0335635,0.00982962
-0.0318196,0.00970631
0.0128617,0.00960075
0.0127387,0.00950949
-0.0301732,0.00936865
0.0138972,0.00926134
0.013524,0.00917205
0.0128957,0.00909746
0.0121748,0.00903678
-0.115749,0.0089328
-0.0668627,0.00879276
-0.019306,0.0086703
0.131187,0.00867231
0.0189828,0.00868547
0.0167293,0.00868636
0.0792568,0.00872812
0.0112446,0.0087537
0.0120863,0.00876726
0.0732012,0.00881438
-0.0803812,0.00877349
-0.0346543,0.00873042
0.0101102,0.00870636
0.0098286,0.00869565
-0.0332897,0.008687
0.0742173,0.00874199
0.00690089,0.00878389
0.00560135,0.00882351
0.00492279,0.0088555
-0.0804167,0.00880224
-0.161258,0.00864473
0.0815147,0.00856611
-0.0268589,0.0084864
0.0165103,0.00842531
0.079783,0.00842752
0.0118287,0.00842099
0.0739659,0.00847385
-0.0361056,0.00847792
0.0073124,0.00846992
-0.0351872,0.00842516
0.00884131,0.00839878
-0.0337065,0.00834498
-0.0375531,0.008278
-0.0304478,0.0082073
-0.0276568,0.00814396
-0.0255201,0.00805616
-0.0658344,0.00794237
-0.0191902,0.00782871
-0.0169961,0.00772035
-0.10008,0.00755335
0.0970009,0.00750101
-0.0547785,0.00743984
-0.00980425,0.00738737
-0.00813216,0.00734795
-0.00682993,0.00731976
-0.00571575,0.00732898
0.0376449,0.00739026
0.0429133,0.00748359
-0.00816357,0.00757361
0.03459,0.00768588
-0.0515618,0.0077403
-0.0489255,0.00772507
-0.0536054,0.00768005
0.00127575,0.00765191
0.00223197,0.00763583
0.00226443,0.00764429
-0.188034,0.00751947
-0.0289285,0.00741071
-0.066929,0.00728814
-0.0619553,0.0071652
0.0281482,0.00710548
0.0284552,0.00710153
-0.014429,0.00710972
-0.0552263,0.00710404
0.0337443,0.00715324
0.0333683,0.00723982
0.0389524,0.00732884
-0.0114412,0.00740446
-0.0550058,0.0074439
-0.154966,0.0073711
0.00299442,0.00733844
0.00540037,0.00734073
0.00632778,0.0073591
0.00905103,0.00738604
-0.0773984,0.0073667
0.012508,0.00739849
0.0559845,0.00748319
0.0115293,0.00757936
0.0143168,0.00768293
0.054068,0.00780345
-0.0338342,0.0078304
-0.0319217,0.00783786
0.0130451,0.00786383
0.0155918,0.00789356
-0.0300166,0.00784635
0.0569658,0.00782553
-0.0724043,0.00773255
0.0160941,0.00765032
0.018826,0.00758165
0.0155907,0.00753267
0.0148824,0.00751675
0.09881,0.00756363
0.051218,0.00761372
-0.0796723,0.00757374
0.00868365,0.0075275
-0.033473,0.00744906
0.0106139,0.0073788
-0.0317773,0.00728624
0.0545922,0.00724032
-0.0327393,0.00715068
0.0109135,0.00707547
-0.0316179,0.00697861
0.0123161,0.00689546
0.0968464,0.00688629
-0.035626,0.00681858
0.092216,0.0068594
0.00264118,0.00693158
-0.0411392,0.00696188
0.0453718,0.0070383
0.0853562,0.00717996
0.079944,0.00735276
0.074127,0.00753077
-0.0161719,0.00765481
0.0677113,0.00780595
-0.0213643,0.00790478
-0.170105,0.00788026
-0.0131796,0.00786115
0.0735169,0.00790701
0.0270405,0.0079634
-0.0602619,0.00799242
0.0268958,0.00803753
-0.10148,0.00804314
-0.0119656,0.00805545
-0.0103455,0.00806964
-0.0521614,0.00807285
-0.0068382,0.00803116
0.0364991,0.00804138
-0.00754109,0.00805922
-0.155769,0.00797884
-0.0411538,0.00791757
-0.0369329,0.00787375
-0.139627,0.00768483
0.0173407,0.007558
-0.0235535,0.0074432
0.063226,0.00740192
-0.129647,0.0072869
-0.142329,0.0071742
0.122197,0.00720211
0.0740932,0.00730574
0.0699461,0.00746573
0.0662484,0.0076559
0.0625309,0.00791629
-0.026034,0.00813139
-0.0251599,0.00831214
-0.0655141,0.00843447
-0.0615206,0.00854775
-0.0148102,0.00860356
0.114118,0.00874814
0.0237678,0.00889216
0.0216338,0.00901815
0.062473,0.00906532
0.0589256,0.00912411
-0.135918,0.00904028
-0.0232057,0.00893975
0.064105,0.00888421
0.0186089,0.00883075
-0.0253913,0.00874719
0.102723,0.00874048
0.0550267,0.00876671
0.0507453,0.00880925
0.0469722,0.00893243
0.000910841,0.00898549
-0.0424295,0.00897601
0.043757,0.00898745
0.08363,0.00903673
0.0779133,0.0090927
0.0720666,0.00913054
0.0239128,0.00913472
-0.0216264,0.00908033
-0.0218807,0.00898053
0.0208483,0.0088898
0.124762,0.00892133
-0.0315594,0.0089011
0.158263,0.00898198
0.000622936,0.00903476
-0.0447345,0.00906
-0.00143041,0.00905278
-0.00397376,0.00904422
-0.0879777,0.00896692
-0.0847079,0.00884842
0.00513322,0.00871855
-0.0371857,0.008533
0.112411,0.00844725
0.0427154,0.008383
0.0387249,0.00832655
0.0353745,0.00827845
-0.0101636,0.00823579
0.0950567,0.00824372
-0.0168236,0.00820891
-0.0600254,0.00811868
-0.0575934,0.00801065
-0.0546708,0.00792763
-0.0615753,0.00782992
-0.00435041,0.0077687
-0.0474598,0.00772414
-0.044954,0.00759941
-0.0843581,0.00745879
0.00566533,0.00737111
-0.0780048,0.00724126
-0.0309923,0.00711425
-0.0279838,0.00700504
0.0167935,0.00692189
-0.0254535,0.00684002
-0.0236144,0.00676521
-0.0638223,0.00666574
0.0252698,0.00664531
-0.0169624,0.00668408
-0.0154786,0.00673659
0.0287176,0.00682733
-0.0566532,0.00689897
-0.0531933,0.00691954
-0.0912621,0.00686343
-0.0425371,0.00681715
0.00408319,0.00680539
-0.0793011,0.00676692
-0.0737861,0.00672802
-0.0254413,0.00671146
0.02036,0.00673356
0.0210837,0.00678659
-0.0213408,0.00682773
0.023197,0.00689685
-0.0613908,0.00697221
-0.120774,0.00697515
-0.00648571,0.00701967
-0.00358793,0.00709232
-0.0442609,0.00712501
-0.103996,0.00707186
0.0518142,0.0070996
0.0516122,0.00718422
0.00729283,0.00726723
0.0076282,0.00737492
0.0505462,0.00749687
0.00647189,0.00760097
0.0909588,0.00774617
0.129144,0.00794979
-0.0479116,0.00804673
-0.110041,0.00805276
0.00252979,0.00805004
-0.038475,0.00801384
0.00646136,0.00799529
0.00703124,0.00793992
-0.0986803,0.00780581
-0.029378,0.00767581
0.0161812,0.00758364
0.0588277,0.00755543
0.0136553,0.00758021
0.0551888,0.00759612
0.0523925,0.0076219
0.0491819,0.00764587
-0.0387037,0.00760886
0.00517537,0.00753249
-0.14296,0.00738754
-0.158566,0.0071498
0.109648,0.00704957
0.0192805,0.00699581
0.0176032,0.00701503
0.0168236,0.00706574
0.0583142,0.00715791
-0.0295834,0.00722261
0.0139513,0.00728582
0.098485,0.00741753
0.0928781,0.0076176
0.00206802,0.0077993
0.000505185,0.00796076
-0.0425279,0.00807233
0.128696,0.00827353
0.0794612,0.00849378
0.0309159,0.00869323
0.112424,0.00893054
-0.0221341,0.00909208
0.061551,0.00926408
-0.0697403,0.00934313
-0.0797099,0.00935124
-0.126347,0.00926528
0.070274,0.00925482
-0.0597567,0.00918545
-0.0151227,0.00911188
0.0284519,0.00907959
0.0269188,0.00906721
0.109601,0.00913701
-0.0665258,0.00912827
-0.127822,0.00899556
-0.0149061,0.00886913
-0.0130075,0.00874701
-0.0543069,0.00860544
-0.00883446,0.00849412
-0.00761181,0.00843931
-0.00677074,0.00839088
0.0788192,0.00841635
-0.0522691,0.00839551
-0.0502354,0.0083457
-0.00442896,0.00832767
-0.0457599,0.00829779
-0.000505841,0.00829488
0.000440607,0.00830814
0.0431771,0.00834298
0.0413695,0.00840919
0.0389015,0.00849515
0.0365856,0.00859888
-0.050511,0.00864601
-0.00576013,0.00871168
0.0372995,0.00880077
0.0355407,0.00890641
-0.0515247,0.00896118
0.078048,0.00906353
-0.0528878,0.00910815
0.224254,0.00930741
0.248545,0.00964206
0.273011,0.0100797
0.297222,0.0105975
0.321491,0.0111998
0.3456,0.0118109
0.370076,0.0124564
-0.15329,0.0127831
-0.052345,0.0129368
-0.0949907,0.0129246
-0.050808,0.0128482
-0.134967,0.0126384
-0.0878508,0.0123626
-0.126549,0.0120005
-0.078423,0.0116128
-0.0319412,0.0112485
-0.0730904,0.010877
-0.0697536,0.0105065
-0.0661169,0.0101427
-0.0199063,0.00979581
-0.0607273,0.00944643
0.0272817,0.00915444
-0.016052,0.00888305
-0.100179,0.00857883
-0.0946707,0.0082739
-0.00345789,0.00801719
0.0406492,0.00784333
-0.00333547,0.00770275
-0.00305873,0.00760966
-0.00255056,0.00757366
-0.0444134,0.00754837
0.106529,0.00764627
0.0381714,0.00778792
0.0352515,0.00798028
-0.0518198,0.00812856
0.0353938,0.00832028
-0.0507038,0.00847198
0.0363524,0.00866277
0.0985662,0.0089344
0.0290684,0.0092344
-0.0584302,0.00947089
0.0289227,0.0097295
-0.0571606,0.00993734
-0.0967947,0.0100527
-0.0486684,0.0101532
-0.0026362,0.0102627
-0.044033,0.010349
0.0434116,0.0104819
-0.127543,0.0105264
-0.120658,0.0104673
-0.0274521,0.0104284
-0.0238281,0.0104084
0.063536,0.0104621
0.0190337,0.0105295
-0.0665478,0.0105308
-0.0621156,0.0104783
0.0698231,0.0104758
-0.0170911,0.0104423
-0.0159649,0.0103636
-0.0140659,0.0102524
0.0300595,0.0101688
-0.0553266,0.0100455
0.0328761,0.00995332
0.0746174,0.00993355
0.134488,0.010006
-0.06382,0.00998468
0.171498,0.0100703
0.120107,0.0101924
0.0481204,0.0102902
-0.083365,0.0102914
0.046994,0.0103061
0.0023117,0.0103002
0.0433989,0.0103154
-0.00208004,0.0103133
-0.0875438,0.0102343
0.0433079,0.0101971
-0.00087741,0.0101641
0.104096,0.0102159
0.0342777,0.0102877
0.0305811,0.0103781
-0.0568599,0.010403
0.0933864,0.0104901
-0.060125,0.0105157
-0.0160928,0.0105264
-0.0577409,0.0104948
-0.012614,0.0104726
-0.0117788,0.0104493
0.0309785,0.0104578
0.0291425,0.0104921
-0.0578153,0.0104725
0.093063,0.0105221
0.0880366,0.0106243
-0.023891,0.0106752
0.018276,0.0107741
-0.0254182,0.0108343
0.0174599,0.0110491
-0.0684799,0.0112443
-0.107827,0.0114184
-0.144131,0.011668
-0.134866,0.0119475
-0.231577,0.0122
-0.216711,0.0124592
-0.286168,0.0126829
-0.181268,0.0130672
-0.356506,0.0133462
-0.331567,0.0136533
-0.390926,0.013911
-0.445602,0.0140996
-0.475427,0.0142852
-0.438032,0.0144535
-0.528943,0.0145486
-0.719001,0.0144775
-0.580111,0.0143948
-0.657122,0.0142189
-0.666133,0.014004
-0.735328,0.0136983
-0.673749,0.0133953
-0.655054,0.0131081
-0.701058,0.0127815
-0.72102,0.01238
-0.654707,0.0120236
-0.590523,0.0117574
-0.678127,0.0115027
-0.654231,0.0111907
-0.673071,0.010861
-0.668739,0.0105153
-0.685567,0.010161
-0.615209,0.00983628
-0.633154,0.00945685
-0.628943,0.0089598
-0.497251,0.00853728
-0.499508,0.00818567
-0.52411,0.00786394
-0.462402,0.00757716
-0.318898,0.00739391
-0.269416,0.00734937
-0.456703,0.00725597
-0.253785,0.00726469
-0.250581,0.00722724
-0.2087,0.00709173
-0.211572,0.00697459
-0.173038,0.00689264
-0.0946528,0.00688168
0.0197682,0.00701576
5.3789e-05,0.00714772
0.0627364,0.00741997
-0.00487519,0.00766928
-0.0292368,0.00786877
0.117437,0.00814235
0.17048,0.00839152
0.323794,0.00884482
0.317935,0.00937755
0.310331,0.00994542
0.259045,0.0104993
0.442443,0.0111191
0.422234,0.0117896
0.338018,0.012415
0.383526,0.0130233
0.447751,0.0137319
0.335737,0.01448
0.54654,0.0152942
0.512725,0.0161333
0.413953,0.0168986
0.487875,0.0176912
0.452696,0.0184491
0.543752,0.0192181
0.460694,0.0199315
0.611437,0.0206958
0.416356,0.0213449
0.440462,0.0219849
0.528191,0.0226446
0.397543,0.0232051
0.399979,0.0237091
0.402951,0.0241279
0.362924,0.0245675
0.430096,0.024971
0.388115,0.0253298
0.34723,0.025629
0.308619,0.025858
0.20876,0.026128
0.283941,0.0264324
0.292693,0.0267319
0.173206,0.0269306
0.229736,0.0270996
0.051505,0.0272535
0.0944088,0.0274634
0.158413,0.0276918
0.0924955,0.0278919
0.0291138,0.027979
-0.135309,0.0279744
-0.0565577,0.0279085
-0.0636182,0.0278024
-0.155576,0.027618
-0.199189,0.0272706
-0.196412,0.0269258
-0.19093,0.0265505
-0.228327,0.0261471
-0.325924,0.0256558
-0.269037,0.0251663
-0.338804,0.0246085
-0.363037,0.024131
-0.341489,0.0236547
-0.379387,0.0231793
-0.401191,0.0226814
-0.41742,0.0221253
-0.38715,0.0214996
-0.358492,0.0209261
-0.329348,0.0204205
-0.344695,0.0198616
-0.400706,0.0193329
-0.47429,0.0188614
-0.435771,0.0183852
-0.440715,0.0179097
-0.360118,0.0174967
-0.219313,0.0172833
-0.382794,0.0169181
-0.306109,0.0166057
-0.421859,0.0162463
-0.192809,0.0158941
-0.207822,0.0156428
-0.266484,0.0154778
-0.237115,0.0153412
-0.166231,0.0152727
-0.247868,0.0153192
-0.156276,0.0154481
-0.196156,0.0154845
-0.171271,0.0155362
-0.147636,0.0156057
0.0229166,0.0158081
0.0351904,0.0159204
0.00231004,0.0161641
0.0123664,0.0164392
0.0643606,0.0167693
0.0704424,0.0170424
0.0750453,0.0174083
0.120334,0.0178855
0.0783642,0.0183405
0.164264,0.0188332
0.26688,0.0193906
0.297622,0.0201736
0.283636,0.0209517
0.182753,0.0216849
0.299592,0.0224594
0.240032,0.023395
0.309215,0.0244881
0.289357,0.025598
0.318256,0.0267153
0.246581,0.0277856
0.291826,0.0288503
0.163997,0.0297614
0.253931,0.0308586
0.318346,0.032009
0.145275,0.0330427
0.276789,0.0340958
0.169544,0.0349416
0.277701,0.0357994
0.25434,0.0366603
0.188313,0.0374768
0.210322,0.038289
0.29502,0.0392252
0.0784181,0.0401639
0.0707599,0.0410104
0.135048,0.0418345
0.118277,0.0426214
0.0601527,0.0434537
0.0514181,0.0443777
-0.112214,0.0451495
-0.155224,0.0457759
0.0374815,0.0463205
-0.159666,0.0468151
-0.199743,0.0471989
-0.0432975,0.0476278
-0.106434,0.0480517
-0.104166,0.0485722
-0.185622,0.0490133
-0.176256,0.0495083
-0.31536,0.0498726
-0.352535,0.0501368
-0.17954,0.0504763
-0.262123,0.0509448
-0.288119,0.0513522
-0.267978,0.0517463
-0.290251,0.0521088
-0.310305,0.0524699
-0.244134,0.0527249
-0.370861,0.0529487
-0.34316,0.0531422
-0.368616,0.053306
-0.283591,0.0534783
-0.342491,0.0536398
-0.270535,0.053918
-0.283203,0.0542218
-0.216032,0.0545967
-0.234924,0.0549972
-0.295172,0.0554738
-0.330151,0.055856
-0.299215,0.056214
-0.311241,0.0565383
-0.280389,0.0567134
-0.335603,0.056843
-0.218178,0.0571442
-0.275808,0.0574348
-0.24649,0.0577464
-0.0910538,0.0581739
-0.07111,0.0587321
-0.0967812,0.0593311
-0.206277,0.0598674
-0.0981259,0.060438
-0.121791,0.060984
-0.0608752,0.0618397
-0.0879713,0.0626135
-0.0300668,0.0634281
-0.0141545,0.0642576
-0.0912171,0.0650537
-0.0764666,0.0658085
-0.0202597,0.066568
-0.00951695,0.0673158
-7.36378e-05,0.0680503
0.00722139,0.0687783
-0.0279191,0.0691528
0.107607,0.0696916
0.108695,0.070282
0.108008,0.0708937
0.0214076,0.0713628
0.108774,0.0718359
0.106792,0.0721978
0.21012,0.0726423
0.238903,0.0731335
0.187874,0.0736488
0.0719995,0.0738916
0.173363,0.0740095
0.0577382,0.0740023
0.0642269,0.0738999
0.0917303,0.07378
0.234276,0.0738376
0.134971,0.0739531
0.16667,0.0740506
0.181735,0.0741447
0.226144,0.0742824
0.251973,0.0746943
0.14849,0.0750922
0.157703,0.075432
0.212709,0.075772
0.336279,0.0761373
0.163712,0.0766737
0.252056,0.0772233
0.268974,0.0777726
0.250633,0.0783063
0.185804,0.0787677
0.123937,0.0789093
0.150677,0.0790137
0.133917,0.0790478
0.245005,0.0791302
0.138427,0.0791555
0.163327,0.0793391
0.102965,0.0795057
0.0880378,0.0795801
0.159227,0.0796493
0.142193,0.0796714
0.231085,0.0798542
0.0612676,0.0798048
0.153652,0.0797542
0.155767,0.0796929
0.161349,0.079571
0.185832,0.0793112
0.081605,0.0789282
0.152076,0.0785467
0.177454,0.0781778
0.158421,0.0777805
0.0553357,0.0774108
0.127352,0.0770322
0.112046,0.0766249
-0.030143,0.0760727
0.0473262,0.0754464
0.0804197,0.0751669
0.110874,0.0748174
0.16072,0.0745515
0.165287,0.0743495
0.061094,0.0741011
0.0513504,0.0740217
0.0438993,0.073935
0.0304401,0.0738192
0.0226089,0.0736603
0.0149361,0.0734657
0.00794643,0.0729153
0.0017658,0.072537
0.144544,0.0722727
0.131385,0.0719872
0.350668,0.071781
0.642383,0.0691647
0.937259,0.0664724
1.14595,0.0619548
1.25078,0.0555574
1.63272,0.0475438
1.87682,0.0384318
2.07287,0.0278311
2.2361,0.016696
2.3391,0.0055006
2.38892,-0.00536409
2.29842,-0.0125334
2.46032,-0.0192852
2.36568,-0.0241461
2.51838,-0.0270515
2.1106,-0.028578
2.20837,-0.0282369
1.93642,-0.0264012
2.01359,-0.0235371
1.728,-0.0200896
1.54326,-0.0163488
1.4723,-0.0117674
1.34284,-0.00688251
0.988202,-0.00226401
1.07704,0.00231848
0.932609,0.00681255
0.753259,0.0114459
0.524641,0.0165617
0.373688,0.0213418
0.235895,0.0257812
0.0663479,0.0298831
-0.00216829,0.0341349
-0.118509,0.0389374
-0.377724,0.0435209
-0.688258,0.0475669
-0.863922,0.0511382
-1.08997,0.0544444
-1.25206,0.0578362
-1.45552,0.0608819
-1.34017,0.0636093
-1.51348,0.0658125
-1.43483,0.0648749
-1.39814,0.0629821
-1.46095,0.0595712
-1.37136,0.0550057
-1.36571,0.0495956
-1.27325,0.043209
-1.21867,0.0355871
-1.12799,0.0280452
-1.14393,0.0207785
-1.05288,0.0140733
-0.854496,0.00889611
-0.838266,0.00518249
-0.886211,0.00231362
-0.718888,0.000558401
-0.68532,-5.97661e-05
-0.655132,0.000298642
-0.583549,0.0015875
-0.558272,0.00401548
-0.555938,0.00735009
-0.53278,0.0114275
-0.510763,0.0157248
-0.509167,0.0206557
-0.511663,0.025928
-0.597449,0.0312855
-0.614766,0.0365736
-0.651461,0.0408853
-0.811958,0.0446064
-0.841671,0.0478824
-0.729336,0.0508975
-0.841731,0.0535279
-0.79752,0.0556847
-0.902838,0.0571004
-0.935436,0.0582401
-0.950393,0.0591554
-0.89583,0.0599832
-1.22227,0.0602421
-1.15239,0.0602571
-1.14433,0.060149
-1.15602,0.0599778
-1.23067,0.0597034
-0.960066,0.0596413
-1.14748,0.0597332
-1.11406,0.0599655
-1.08029,0.0603951
-1.02668,0.0610434
-1.08139,0.0614239
-1.06879,0.0619465
-0.844547,0.0628072
-0.886144,0.0638208
-0.821704,0.065005
-0.633608,0.0665421
-0.498717,0.0685786
-0.459097,0.0708853
-0.379159,0.0734937
-0.201014,0.0765066
-0.288753,0.0796531
-0.079206,0.0829908
-0.00700623,0.0864772
0.0556763,0.0901142
0.0918003,0.0938278
0.16423,0.0976326
0.379451,0.101769
0.281207,0.105857
0.439524,0.110022
0.43927,0.114164
0.435135,0.118104
0.426126,0.121816
0.502328,0.125416
0.44445,0.128797
0.471925,0.131992
0.64258,0.135143
0.4221,0.137941
0.505755,0.140555
0.479835,0.142932
0.409514,0.144984
0.470418,0.146661
0.585126,0.148383
0.486475,0.14983
0.408432,0.150929
0.419978,0.151759
0.493483,0.152607
0.456329,0.153307
0.270439,0.153648
0.285293,0.153726
0.258156,0.153639
0.232041,0.153138
0.270493,0.152485
0.180245,0.151633
0.115317,0.150554
0.139476,0.149345
0.0785721,0.147921
0.168915,0.146365
0.085764,0.144686
0.0697688,0.142883
0.0134226,0.140851
-0.0394097,0.138819
0.144628,0.13675
0.0231095,0.134632
-0.0296047,0.132423
0.0063618,0.130213
0.0627949,0.128062
-0.011124,0.125956
0.0460748,0.123955
-0.0261478,0.121989
0.0323378,0.120161
-0.0811153,0.118345
-0.0814396,0.116556
-0.0815236,0.114714
-0.0806829,0.112832
-0.121991,0.11088
-0.0330079,0.108942
-0.032936,0.107129
-0.0413876,0.105364
-0.0333498,0.103652
-0.0332654,0.101964
0.072942,0.100445
-0.0383306,0.0990706
-0.0387594,0.0977643
0.068132,0.0966548
0.105775,0.0957415
-0.0927062,0.0946653
-0.0480694,0.093636
-0.0458898,0.092607
-0.0864791,0.0915506
-0.0398409,0.0905509
-0.0799937,0.0893598
-0.117677,0.0881845
-0.0260477,0.0870663
-0.0232861,0.0859906
-0.0638863,0.0849242
0.0884307,0.0841221
-0.0634794,0.0833559
-0.0183057,0.0826381
-0.0163267,0.0819703
-0.0571019,0.0813018
-0.0111177,0.0807211
-0.0940307,0.0800351
-0.00349644,0.079438
-0.00164879,0.078916
-0.0855087,0.0783653
0.0683175,0.0781049
0.0776787,0.077724
-0.00064908,0.0773273
0.0620125,0.0769763
0.0594682,0.0766387
-0.0501729,0.0761727
-0.00549444,0.0756017
-0.00573327,0.0749931
0.101583,0.0744865
-0.0518083,0.0739458
-0.00758798,0.0733458
-0.00832898,0.0726288
0.057102,0.0720176
-0.00919008,0.0714135
-0.00934658,0.0707938
0.0546384,0.0701521
0.0516333,0.0693829
-0.0153297,0.0685868
0.0482698,0.0678369
-0.102742,0.0669208
-0.0132496,0.0660212
-0.0117622,0.0650995
0.0524336,0.0642579
0.0497441,0.0634771
-0.0170507,0.0626951
0.0893037,0.0620843
0.0416931,0.0615656
-0.0254527,0.0609719
-0.0250021,0.0603283
-0.024008,0.0597143
-0.0650763,0.0589939
0.0442155,0.0584644
0.0423391,0.0580106
-0.066489,0.0575026
-0.0210884,0.0569521
-0.104089,0.0564858
-0.0558503,0.0559461
-0.0940251,0.0553525
0.0604037,0.0549137
-0.0471624,0.0544365
-0.00229711,0.0540114
0.0625358,0.0537921
-0.00384635,0.0535424
0.0596696,0.0533593
-0.0491589,0.0530883
0.0591652,0.0529567
0.0565358,0.0528591
-0.0528482,0.0527048
-0.00815692,0.0525493
-0.00717556,0.052393
-0.00668596,0.0522111
-0.0485082,0.0521761
-0.0457364,0.0521058
-0.0424784,0.0520096
0.0665576,0.0520739
0.000302493,0.052114
-0.0423705,0.0520763
-0.0398857,0.0520063
0.0689944,0.0520434
0.0662187,0.0521531
-0.00128558,0.052292
0.104237,0.05236
-0.00748954,0.0523573
-0.0508249,0.0522314
-0.04823,0.0520237
-0.00280016,0.0517646
0.103699,0.0517322
0.0980991,0.0518175
-0.056863,0.0518052
-0.0128386,0.0517719
-0.0118879,0.0517164
0.0520864,0.0516476
-0.0567574,0.0514885
0.0514859,0.0513974
-0.0144815,0.0512763
0.0490871,0.0510951
0.0462348,0.0507179
-0.105427,0.0501743
-0.0580849,0.0495416
0.0517137,0.0489754
-0.0140166,0.0483854
-0.0139265,0.0476732
-0.0977882,0.0468644
-0.0500428,0.0460432
0.0597372,0.0454503
0.057399,0.044978
-0.052077,0.0446618
-0.00744457,0.0443779
-0.00633509,0.044126
0.100205,0.0440119
-0.011114,0.0438803
-0.0125608,0.0435788
0.0554753,0.0433383
-0.0560496,0.0430155
-0.0535988,0.0426347
-0.0501436,0.0423
-0.0890081,0.0418121
0.00135728,0.0413906
0.0660703,0.0410876
-0.000498111,0.040793
0.105152,0.0405404
-0.0486323,0.0403506
0.10113,0.0402697
0.096214,0.04027
0.0473136,0.0400623
-0.0202548,0.0396838
-0.0202107,0.0393527
0.0864362,0.0391153
-0.066827,0.0387458
-0.0223542,0.0382415
-0.0208476,0.0377161
-0.0198204,0.0371439
-0.0187663,0.0365774
-0.0178255,0.0360191
0.0891793,0.0355411
0.0419817,0.035151
0.0384592,0.0348505
-0.0280852,0.0344899
-0.0274402,0.0341041
-0.0684277,0.0338459
-0.0223635,0.0337692
-0.0205801,0.0337242
-0.0191719,0.0336552
-0.0177837,0.0335669
-0.0590011,0.0335759
-0.0129942,0.0336028
0.0520305,0.0338695
-0.013851,0.0341519
0.0501173,0.0345236
-0.0158814,0.0348771
-0.0154367,0.0352958
0.0490237,0.0355916
-0.0168265,0.0358464
-0.0164359,0.0360645
0.0903815,0.0363864
-0.0203527,0.0366538
-0.0625102,0.0366501
0.0469012,0.0366952
-0.103107,0.0366044
-0.0133494,0.0365191
-0.0115657,0.0365515
-0.0105881,0.0365175
0.0538483,0.0365779
-0.0122291,0.0366417
-0.0543785,0.0366027
-0.0512599,0.0364824
-0.00521793,0.0364815
-0.0886424,0.0363789
0.00135135,0.0363261
0.00276899,0.0363155
-0.0390725,0.0361862
0.0694863,0.0362265
0.00320776,0.0362913
0.066448,0.0364326
-0.0426909,0.0364953
0.00163941,0.0365084
0.00232368,0.0363921
0.00246186,0.0362638
0.00256978,0.0361325
0.108615,0.0360908
0.0605027,0.0361785
-0.00754212,0.0361247
-0.0080353,0.0360324
-0.00942238,0.035898
-0.0067221,0.0357239
0.0560522,0.0356878
-0.0530756,0.035731
-0.00870006,0.0357797
0.0979422,0.0359619
-0.0558289,0.036015
0.136506,0.0362042
0.0446272,0.0361305
-0.0655879,0.0359213
-0.0208375,0.0356728
0.0439841,0.035426
-0.0222387,0.0351128
-0.0256149,0.0349072
0.085048,0.0347922
-0.152513,0.0344536
-0.0185185,0.0343019
-0.0161384,0.0341038
0.0908826,0.0338643
-0.0199508,0.0335848
-0.0197797,0.0332705
0.0448281,0.0330098
0.0848682,0.032849
0.037133,0.0327749
-0.0296907,0.0326649
0.0345491,0.0326075
0.0324501,0.0325866
-0.0760859,0.0324114
-0.0729764,0.0321567
0.0796205,0.032019
0.0759854,0.0319621
-0.0352027,0.0318295
-0.0345728,0.0317833
0.0308466,0.0318366
0.0715415,0.0319579
-0.0812406,0.0319476
-0.0780324,0.0319059
0.0326103,0.0319506
0.0739712,0.032184
0.0694222,0.0324985
-0.0412131,0.0327314
0.0657466,0.0330639
-0.0864034,0.0333368
-0.0967698,0.0333143
-0.10718,0.033196
-0.117625,0.0329988
-0.128212,0.0327455
-0.138579,0.0324823
-0.148999,0.0321654
0.0782441,0.0320571
0.00128531,0.0320148
0.00194943,0.0320635
0.002922,0.0321555
0.236499,0.0326351
0.0553259,0.0331319
0.0502218,0.0336199
-0.0164313,0.033967
0.0474749,0.0342044
-0.0609369,0.034511
0.132318,0.0349317
0.0833782,0.0353802
-0.0287182,0.0356183
-0.0285474,0.0358255
-0.0271693,0.0359892
0.122499,0.0362649
-0.0324841,0.0364342
-0.0326655,0.0364702
-0.0308095,0.0363237
-0.0293537,0.0361168
0.035877,0.035992
0.0339598,0.0359318
-0.0744289,0.0357817
-0.0288002,0.0355528
-0.0266381,0.0352097
-0.0673644,0.0348243
-0.063191,0.03441
0.0470625,0.0340407
-0.0604021,0.0338247
0.0488216,0.0335957
-0.143303,0.0332211
-0.00871985,0.0329021
0.0997081,0.0327062
-0.0109497,0.0327337
-0.0108881,0.0327721
0.0536565,0.0328735
-0.0124335,0.0329412
-0.0120452,0.0329951
-0.0111212,0.0330942
0.0532741,0.0333113
0.092984,0.033635
-0.0184728,0.0338952
-0.0184013,0.0341367
-0.0173943,0.0342797
0.0471785,0.0344414
-0.0612392,0.0345037
0.089716,0.0346689
-0.0204323,0.0348463
0.043246,0.034929
-0.0226693,0.0348296
-0.0643798,0.0346358
-0.0185452,0.0344164
0.0890142,0.0342335
-0.0216854,0.0338513
0.0420537,0.0336941
0.0821756,0.0336074
-0.0288894,0.0334284
-0.0710011,0.0330875
0.0386974,0.0328027
-0.0264567,0.0324356
0.0379096,0.0321331
-0.0277049,0.0317798
0.0367226,0.0315195
0.0347381,0.0313426
0.032149,0.0310968
-0.0338718,0.030811
-0.0327333,0.0304976
0.117304,0.0304281
-0.0372867,0.0302512
0.0265848,0.0300991
0.0249262,0.0299657
-0.0829623,0.0297162
-0.0791227,0.0294149
-0.0319571,0.0290131
0.0341197,0.0287828
0.0326459,0.0285955
0.0305873,0.0284523
-0.119859,0.0281811
0.0347624,0.0280837
0.034194,0.027863
-0.0314891,0.0276072
0.0334302,0.0274013
-0.0316169,0.0271829
0.033267,0.0269555
-0.0741301,0.0267039
0.204958,0.0267288
0.0672185,0.0268018
-0.0447192,0.0268154
0.020181,0.026754
-0.0869095,0.0264262
-0.040294,0.0260374
-0.0375456,0.0256185
-0.0775871,0.0251807
-0.0730472,0.0244146
0.0802463,0.0239513
-0.0288091,0.0234946
-0.02768,0.0230469
-0.0301792,0.022592
0.0403151,0.0224389
0.0812002,0.0224432
0.0343835,0.0224694
0.0741742,0.0225715
0.0695407,0.0227139
-0.0834764,0.022555
0.0259733,0.0225882
0.0674763,0.0226747
-0.0426969,0.0226713
-0.0839086,0.0225457
0.0690825,0.0224609
0.0659972,0.0225096
0.0613271,0.0225921
-0.048916,0.0225624
-0.0473906,0.0224515
-0.0534156,0.0224184
-0.0837357,0.0223308
-0.036653,0.0222535
-0.0760157,0.0221306
0.0771388,0.0221571
-0.031859,0.0221317
-0.0305443,0.0219835
0.0354146,0.0219199
0.0765484,0.0219703
0.0721781,0.0220969
0.0675702,0.0222727
0.0629756,0.0223888
-0.0474702,0.0223852
0.0175913,0.0223747
0.0166552,0.0223649
0.0998114,0.0222801
0.00899998,0.0223085
0.0491055,0.0223421
0.0530442,0.0223827
-0.00135996,0.0223633
0.124953,0.0227547
0.0323473,0.0232116
0.0282841,0.0236492
-0.0806627,0.0239447
0.07056,0.0242878
0.0239602,0.0247947
-0.0850883,0.0251206
-0.0818102,0.025335
0.0285382,0.0255814
-0.0152284,0.0258116
0.154344,0.0263148
-0.129744,0.0264208
-0.019227,0.0265313
-0.0173609,0.0266321
0.0256962,0.0267692
0.0664301,0.0268089
0.0621555,0.0269257
-0.0905427,0.0269009
-0.0233823,0.0268446
-0.0852146,0.0267118
-0.0170042,0.0265205
0.0271361,0.0262936
-0.122366,0.0259474
-0.010082,0.025644
0.0766336,0.0254724
-0.0119212,0.0252274
0.072744,0.0250165
0.0690208,0.0248709
-0.0203236,0.0246699
-0.0201063,0.0244411
-0.0190562,0.0241729
-0.0814713,0.0238745
-0.0770226,0.0235126
0.0339817,0.0232412
0.0384011,0.0230482
-0.0747098,0.022696
-0.070824,0.0222706
-0.0657156,0.0218127
0.0873812,0.0215117
0.126327,0.021371
0.076631,0.021563
0.07117,0.0221498
-0.0184309,0.0226491
0.0238538,0.0231501
-0.0200402,0.0236019
-0.0830018,0.0239578
-0.0926538,0.0241546
0.0335629,0.0244283
0.0320263,0.0247299
-0.0123618,0.024999
0.0303491,0.0252419
-0.0135842,0.0256543
0.0715554,0.0261366
-0.0170192,0.0265709
0.0254119,0.0269554
-0.0184098,0.0272261
0.0245595,0.027535
0.0654568,0.027877
0.0614257,0.0282391
0.0146839,0.0284317
-0.0933278,0.0285081
-0.0887124,0.0285599
-0.0833093,0.028539
-0.0779168,0.0284851
0.0333846,0.0285391
0.0326721,0.0287292
-0.0749038,0.0290437
-0.0708059,0.0293255
-0.00213763,0.0296597
0.0840368,0.0301505
0.0377526,0.0307013
0.0775531,0.0313461
-0.0115601,0.0319286
0.0305348,0.0325142
0.0289573,0.0333111
0.026928,0.034012
0.0249588,0.0347115
-0.0828041,0.0352447
-0.0152854,0.0357398
0.0709844,0.036353
-0.0810853,0.0367647
0.113072,0.037424
0.023066,0.038086
0.020397,0.0387353
0.103517,0.0394542
-0.0934879,0.0399648
0.0158017,0.0404811
0.0154671,0.0409978
-0.0283425,0.0414646
0.099745,0.0420526
0.110009,0.0426623
0.120177,0.0431427
0.130563,0.0436767
0.140643,0.0442509
0.150939,0.0446693
0.161136,0.0451251
-0.10261,0.0452974
-0.084406,0.0452756
-0.0390914,0.0451744
-0.143782,0.0448972
-0.0309403,0.0447174
-0.0710204,0.044565
-0.131243,0.0443045
-0.0602755,0.0440582
-0.119458,0.0437478
-0.112059,0.0434611
-0.0407739,0.043252
-0.0366646,0.0430951
-0.0969261,0.0429142
-0.0266625,0.0428114
0.104125,0.0428181
0.0150236,0.043026
-0.0282699,0.0432144
-0.0260639,0.0434024
-0.0236252,0.0437682
0.0633779,0.0442773
0.0186905,0.0448408
-0.0246239,0.04536
-0.0229517,0.0458273
-0.0209962,0.0463966
0.10816,0.0470793
-0.0240897,0.0476943
-0.129345,0.0481602
0.0689645,0.0487419
-0.0175681,0.0493039
-0.0802971,0.0497416
0.0306391,0.0501536
-0.0754675,0.0504835
-0.113474,0.0506983
0.0425722,0.0510145
-7.68743e-06,0.0512722
0.0429584,0.0514496
0.0837017,0.0517318
0.0369966,0.0520433
-0.00772189,0.0523362
0.0349949,0.0525023
0.0334675,0.0528396
-0.0109232,0.0531078
-0.0106018,0.0533282
0.0749411,0.0538061
-0.0137399,0.0542169
0.070665,0.05461
-0.0177398,0.0549485
0.0246005,0.0552884
-0.0193683,0.0556408
0.108232,0.0560048
0.017589,0.0562866
-0.0272456,0.056468
0.0582332,0.0566658
0.0548548,0.0566651
0.135562,0.0566017
-0.000223783,0.0564941
0.0397484,0.0563947
-0.00588025,0.0562508
-0.112934,0.0559471
-0.00177747,0.0554158
-0.0437486,0.0550792
0.0428597,0.0547858
0.0404912,0.0545554
-0.153375,0.0542465
-0.0400344,0.0536842
0.00572853,0.0531875
0.132862,0.0528995
-0.00160439,0.0526117
-0.0455976,0.0523325
-0.00106502,0.0520294
-0.0431406,0.0517426
-0.0409886,0.0514406
0.0464134,0.0512439
-0.0404009,0.0509625
0.194306,0.0511306
-0.0489985,0.0508822
0.0784311,0.0507109
-0.0105263,0.050489
-0.0112534,0.0501909
0.0313584,0.0501737
-0.013263,0.0500302
-0.0157563,0.0498614
0.0726511,0.0497612
0.0676431,0.0499728
0.0202465,0.0501597
-0.0246387,0.0501486
-0.0666015,0.0500447
-0.0211543,0.0499168
0.0226384,0.0498254
0.0212791,0.0497574
-0.0228539,0.0497765
0.0201196,0.0498213
-0.0657659,0.0497744
-0.126105,0.0495944
-0.0128549,0.0494204
-0.0531405,0.0494245
-0.0499404,0.0494285
-0.0462316,0.0494288
-0.0427268,0.049393
-0.0392285,0.0493784
0.00656554,0.0494863
0.0919411,0.0497372
0.0878006,0.050091
0.0824696,0.0505198
-0.113572,0.0507789
-0.00225479,0.0511139
0.126211,0.0515871
-0.0499451,0.0519369
-0.00623565,0.0523115
0.0368934,0.0528173
0.0348524,0.0533348
-0.0522387,0.0537501
-0.0497783,0.0540881
0.0804364,0.0545648
0.0766847,0.0550909
-0.0130863,0.0554951
-0.0133996,0.0558446
-0.012771,0.0561637
0.0723772,0.0566267
-0.0163823,0.0570297
0.0682284,0.0574723
-0.0204209,0.0578412
-0.0627971,0.058092
0.025117,0.0583223
0.0240788,0.0585617
-0.0201454,0.0587512
0.0651674,0.0590154
-0.023212,0.059228
0.0618351,0.0594157
-0.0265165,0.0595552
-0.0262062,0.059459
-0.024911,0.0593271
-0.0660993,0.0591176
0.0646004,0.0590158
0.061669,0.0589911
0.0151035,0.0589907
0.0133478,0.0590111
-0.0302818,0.059003
-0.0715127,0.0590348
0.0171169,0.0591648
-0.0255742,0.0592731
0.0602497,0.0594743
0.0147848,0.0596804
-0.0290875,0.0598793
-0.0278321,0.0600289
-0.13198,0.0600298
0.0236734,0.0601143
-0.0184603,0.0602066
-0.0174046,0.060227
0.0686792,0.0603813
-0.019218,0.0604889
0.0658839,0.0606723
0.0203761,0.0608624
0.0607896,0.0609954
0.0572262,0.0611588
0.0533418,0.0613471
0.00714049,0.061497
0.0056745,0.0616257
0.00470445,0.0619033
0.0038199,0.0620593
0.0454192,0.0622424
0.0421827,0.0624327
0.0387817,0.0626327
-0.00684095,0.0627897
-0.0499603,0.062944
-0.00541547,0.0631006
0.0371138,0.0633013
-0.00778259,0.0634593
-0.0506472,0.0632283
-0.00583061,0.0630256
-0.00546735,0.0628213
-0.00551472,0.0626175
-0.00553893,0.062415
-0.00551963,0.0620194
-0.090211,0.0615622
-0.0429442,0.0610927
0.0875084,0.0607842
-0.0861211,0.0603769
0.0446564,0.0599715
0.0431762,0.0596995
-0.150255,0.0593364
0.00591624,0.0590412
0.0075546,0.0588043
-0.0348828,0.0586991
0.00967359,0.0586802
0.0522391,0.058705
0.00721822,0.0587373
0.0914238,0.0588792
0.0862984,0.0591609
-0.00417043,0.0593884
-0.0474728,0.0593529
0.0395539,0.0593439
0.037695,0.059354
0.0772245,0.0594392
0.0298711,0.0595465
-0.0578488,0.0594315
-0.0557351,0.0592225
-0.0522886,0.0589547
-0.00680842,0.0587084
0.142255,0.0587815
-0.0138931,0.0588754
-0.0163413,0.0589245
0.028041,0.0590095
-0.058555,0.0590055
0.0714494,0.0590675
0.0250848,0.0592461
-0.0196304,0.0593625
-0.061591,0.0593826
-0.0584485,0.0594708
-0.0123557,0.0595047
-0.0959635,0.0594324
-0.0480512,0.059361
-0.00192777,0.0593362
-0.000942438,0.0592014
-0.000461923,0.0591141
0.000300676,0.0590587
-0.0439615,0.0589938
0.0457224,0.0590079
0.00136529,0.0590272
0.00125777,0.0590561
0.00196718,0.0591732
-0.0406423,0.0592362
-0.0804776,0.0592166
0.00932422,0.0592488
-0.0323556,0.0589829
0.0969686,0.0587904
0.00788969,0.0585968
0.0914414,0.0584968
0.0442444,0.0584161
-0.0861193,0.0580263
0.0449645,0.0576462
0.00104443,0.0572419
0.00104361,0.0568069
-0.000273745,0.0563606
-0.041845,0.0559722
-0.0464766,0.0556559
-0.0364572,0.0553251
-0.0399831,0.0549914
-0.0748136,0.0546027
0.163939,0.054543
-0.0343851,0.0544107
0.050809,0.0543458
0.0485501,0.0543224
-0.039209,0.054216
-0.143748,0.0537765
-0.0717021,0.0531461
-0.0236566,0.0525475
-0.0211207,0.0519728
0.0656994,0.0515322
-0.0217119,0.0510247
-0.0232018,0.0505166
0.0235774,0.0500689
0.023006,0.0496627
0.106656,0.0493849
0.0586873,0.049254
0.0543456,0.0491344
-0.0763663,0.0488775
0.0540144,0.0486838
-0.138987,0.0482595
0.0163103,0.047981
0.0167999,0.0477419
0.0156956,0.047524
0.0147668,0.0473071
0.162156,0.0472553
-0.0801589,0.0470556
0.00709323,0.0469696
0.00738672,0.0468936
-0.0361017,0.0467713
0.00823616,0.0466506
0.00804907,0.0466634
-0.034949,0.0467395
-0.0756858,0.0467508
0.0558476,0.0468773
0.0534347,0.0470605
0.0499942,0.0474618
0.0466149,0.0478176
-0.041467,0.0480858
0.00229905,0.0483332
0.00223863,0.0486304
0.0440716,0.0487403
-0.00102325,0.0487675
0.146451,0.048941
-0.0101782,0.0490416
-0.011757,0.0490418
-0.0117473,0.0487461
-0.0538972,0.0485003
0.033255,0.0482964
-0.0531557,0.0480281
0.033784,0.0478347
-0.0949305,0.0474813
-0.0904385,0.047126
-0.0422097,0.0467529
0.0458985,0.0464894
-0.040553,0.0461735
0.0036738,0.0458993
0.00425003,0.0457625
-0.0381282,0.0456069
0.048874,0.045549
-0.143702,0.0452816
0.0970669,0.0453673
-0.0334797,0.0454052
0.010076,0.0454872
0.0102767,0.045593
-0.0324037,0.0456962
-0.13666,0.0457978
-0.1278,0.045791
0.113906,0.0460195
-0.0171457,0.0462679
0.0258938,0.0465917
-0.0594168,0.0467395
0.113615,0.0467675
0.0238891,0.0468143
-0.0628454,0.0467585
0.0255481,0.0467604
0.109922,0.0468597
0.0191561,0.0469484
0.101827,0.0471032
-0.0311863,0.0471367
0.05396,0.0472008
0.00869424,0.0473347
0.00735279,0.0474676
0.00639939,0.0475748
0.00550799,0.0476592
0.00468614,0.047771
-0.144557,0.0474083
-0.030899,0.0470609
0.0992054,0.0468834
0.00949886,0.0467268
0.050282,0.0466879
0.0471699,0.0466348
-0.0408215,0.0463061
0.00278304,0.0459544
-0.0820497,0.0454751
0.00688396,0.0449711
-0.141122,0.0443516
0.0571809,0.043892
0.0134658,0.0434952
0.0971148,0.0432519
-0.0352306,0.0429361
0.00804631,0.0430253
0.00795472,0.0431652
0.00736554,0.0432878
0.0068493,0.0434089
0.0910064,0.0435532
0.00101261,0.0436857
-0.0425491,0.0435191
-0.0479083,0.0432936
0.00545258,0.0430883
0.00438646,0.0428532
0.0040482,0.0426323
0.00369296,0.0424229
0.00330855,0.042213
0.00301485,0.0419999
-0.0396494,0.0416609
0.00469327,0.0412009
0.0471536,0.0409015
0.0523102,0.0406536
-0.00155307,0.0403761
0.0405348,0.040177
0.0380453,0.0399311
0.0776172,0.0397766
0.0301327,0.0396176
0.0692873,0.0395026
-0.0202776,0.0393624
-0.0632113,0.0393122
-0.017897,0.0391617
-0.165184,0.0387858
-0.0929394,0.0383398
-0.0439791,0.0379032
-0.0403301,0.0376132
0.047425,0.0374849
0.00342553,0.0374216
0.0880401,0.0375134
-0.00125602,0.0376712
-0.0867303,0.0378234
0.0028183,0.0379556
0.0462184,0.0381561
0.0517737,0.0384025
-0.0014988,0.038624
-0.00185275,0.0388788
0.0830284,0.0392228
0.0361289,0.0395835
0.0331054,0.0399485
-0.0541313,0.0401761
0.0329176,0.040551
-0.0956896,0.0406998
0.0359141,0.0409111
0.0348089,0.0411829
-0.00999119,0.0414342
-0.00995037,0.0418019
0.0751468,0.0423181
-0.0137268,0.0427501
-0.0564674,0.0430636
-0.0110677,0.0433674
0.032292,0.0435081
-0.0541245,0.0435957
-0.0516434,0.0436366
-0.00592834,0.0436805
-0.0897297,0.0436404
-0.0845568,0.0433803
-0.0363639,0.0432711
0.00949451,0.0432297
0.0523854,0.0432913
0.00772635,0.0433732
-0.0349771,0.0432643
-0.0748845,0.0430176
0.0570462,0.0429059
0.0552594,0.0428965
0.00990796,0.0427941
0.051604,0.043146
0.00655607,0.0435896
0.00593103,0.0440084
0.0056005,0.0444049
0.00521832,0.0447778
-0.143389,0.0450569
0.0550565,0.0453704
-0.0308901,0.0456353
-0.0717198,0.0458186
0.01754,0.0460595
0.0177018,0.0461269
0.10179,0.0461964
0.0539397,0.0463166
-0.0769471,0.0463101
-0.0310818,0.0462655
-0.134549,0.0459998
0.0640251,0.0461088
0.104834,0.0463478
-0.0282204,0.046516
0.0572194,0.0467413
0.0543028,0.0469525
0.0507378,0.0472132
0.00488052,0.0474344
-0.0385569,0.0475846
0.00553897,0.0477259
-0.0370007,0.048032
0.0493854,0.048359
-0.080156,0.04855
0.0082241,0.0487593
0.050915,0.0490876
0.00572204,0.0494046
0.0471774,0.0497802
0.00196472,0.0501389
0.00116431,0.0504803
0.149116,0.0509823
-0.0925441,0.0515077
-0.0047692,0.0518405
0.038162,0.0521946
0.078059,0.0526112
-0.0118267,0.0529674
-0.0125228,0.0531786
0.0723831,0.0533781
-0.0590257,0.0534576
-0.0572637,0.0534359
-0.0963057,0.0533115
-0.00607869,0.0531254
-0.00491862,0.0530437
0.0801657,0.0530754
0.0335263,0.0531394
-0.0539706,0.0531238
0.0330639,0.0531775
-0.010769,0.0531227
-0.0107488,0.0530633
-0.010374,0.0529893
-0.00993246,0.0529017
0.0329727,0.0528412
0.0310434,0.0527547
0.0288823,0.0526906
0.0267304,0.0526503
0.0246368,0.0526286
-0.0197732,0.0527323
-0.0193403,0.052826
-0.0607835,0.0528473
0.069559,0.0529605
-0.103255,0.052926
0.0285479,0.0529929
0.0279989,0.0531805
0.0261504,0.0534059
0.0242697,0.0536588
0.064871,0.0539905
-0.0240037,0.0541701
0.166984,0.054454
-0.117699,0.0545208
0.0133429,0.0545739
-0.0714555,0.0545133
0.0166023,0.0542866
-0.110834,0.0539476
-0.0628533,0.0535654
0.0263865,0.0532727
0.0682208,0.0531125
0.0219807,0.0529669
-0.0646744,0.0528185
0.0233511,0.0527094
0.0227637,0.0526213
0.02121,0.0525448
0.0197759,0.0525174
-0.066391,0.0523328
0.0217215,0.0521825
-0.0634611,0.0519679
-0.102625,0.051666
0.0310147,0.0513492
-0.0538806,0.0509132
0.0338786,0.050572
0.0754612,0.0503402
0.0291111,0.0501223
-0.0579249,0.0497197
0.0298151,0.0494329
0.028983,0.0491721
0.0271675,0.0489494
0.0678606,0.0488137
-0.063277,0.0486165
-0.018371,0.0484068
-0.0168109,0.0481714
-0.0581927,0.0478497
0.0300009,0.0475624
-0.0132802,0.0473491
-0.0127409,0.0470566
0.0305794,0.0468301
-0.0555252,0.0465505
0.0320622,0.0463376
-0.0113576,0.0461296
-0.0123454,0.0458637
0.0330657,0.0456526
-0.0115784,0.0454205
0.0312593,0.0452235
-0.0975027,0.0448521
-0.00758529,0.0445111
0.036356,0.0442425
0.0347955,0.0440324
-0.0519734,0.0437675
-0.00690086,0.0434579
-0.00581373,0.0432201
-0.0899331,0.0428809
-0.0848754,0.0424839
0.0482851,0.0422072
-0.0798615,0.0419267
-0.0329892,0.04175
0.0974389,0.0417454
0.050749,0.0418123
0.0475172,0.0419842
-0.0400356,0.042023
0.0889689,0.0421738
0.0421796,0.0423436
-0.0456915,0.0424126
0.0408844,0.0424997
-0.00335962,0.0425432
0.14452,0.0427583
-0.0116957,0.0428934
-0.0128972,0.0429716
0.0722091,0.0431227
0.0677992,0.0432579
0.0739625,0.0434577
0.0138067,0.043593
-0.0298546,0.0436352
-0.0715532,0.0435513
0.0587702,0.0434999
-0.0714166,0.043384
0.0582112,0.0433283
0.012873,0.04327
-0.0736178,0.0431269
0.120288,0.0432063
0.00807639,0.0432357
-0.0365778,0.0431997
0.112897,0.0432894
-0.0840597,0.0432627
-0.0815045,0.0431248
0.00812766,0.0429741
0.00817844,0.0428498
-0.0773089,0.0426359
0.0112435,0.0424744
0.0113172,0.0423759
0.0105758,0.0423046
0.115645,0.0423845
0.00318412,0.0424341
-0.0409845,0.0423782
-0.081671,0.042254
0.0499112,0.0421988
0.0552811,0.0422071
-0.0424072,0.0421535
-0.0388712,0.0420604
0.00581054,0.0419991
-0.0365664,0.041908
-0.0770179,0.0417401
-0.114851,0.0414746
-0.0228942,0.0412847
-0.0624117,0.0410831
-0.100423,0.0408217
-0.109817,0.0405235
-0.0431102,0.0402826
0.152008,0.040353
0.144567,0.0406251
-0.0116346,0.0408447
-0.0543017,0.0409927
-0.059508,0.0410708
0.0388459,0.0411996
-0.0052919,0.0413156
-0.0894228,0.0413111
0.0430731,0.0413884
-0.000233438,0.0414708
0.0424268,0.0416109
0.0405984,0.0417967
-0.0887325,0.0418506
-0.0416253,0.0418698
0.0466794,0.0419775
0.0874423,0.0421875
0.082684,0.0424632
-0.00737144,0.0426804
-0.00791595,0.0428425
-0.0922543,0.0428615
0.0399471,0.0429386
0.038861,0.0430637
0.0789234,0.0432813
-0.0104734,0.0434512
-0.0110109,0.0435821
-0.0105602,0.0436886
-0.052586,0.0437179
-0.00729825,0.0437339
0.0359464,0.0437899
-0.00836825,0.0438235
0.0763856,0.0439443
-0.0124658,0.0440241
-0.0128629,0.0440693
-0.0968602,0.0439826
-0.00696034,0.0439095
-0.00560493,0.0438467
0.0797373,0.0439096
-0.00917357,0.0439575
0.0751446,0.044098
-0.0136545,0.0441939
-0.0139009,0.0442458
-0.0977972,0.0441586
0.0345699,0.0441327
0.0761497,0.0442057
-0.0130128,0.044247
-0.0131873,0.0442687
-0.0126117,0.0442823
0.0303105,0.0443416
-0.013718,0.0443812
0.0711912,0.0444962
-0.102089,0.0444458
-0.0974202,0.0442973
0.0360767,0.0442373
-0.0492835,0.0441463
0.0379505,0.0441403
-0.00563547,0.0441212
0.036982,0.0441507
-0.00718373,0.044156
0.0352875,0.0442049
-0.00891458,0.0442345
0.0759699,0.0443508
-0.0127074,0.0444208
0.177511,0.0447097
-0.0229212,0.0449012
-0.108869,0.0449135
0.0661352,0.0450072
-0.0638471,0.0450128
-0.0190007,0.045007
0.0671899,0.0450893
-0.105771,0.0450178
-0.016242,0.0449359
0.0278826,0.0449172
0.0265552,0.0449345
-0.017533,0.0449266
-0.0592479,0.0448437
-0.0558448,0.0447056
-0.00969675,0.0445986
0.0763267,0.0446205
-0.012003,0.0446349
0.0726719,0.0447479
0.0266004,0.0448668
-0.0180627,0.044933
0.0672541,0.0450698
-0.0211037,0.045155
-0.0208862,0.0452029
-0.0198381,0.0452123
0.0235628,0.045249
-0.0199513,0.0452449
-0.0224751,0.0452072
-0.0597236,0.0451081
0.0280066,0.0450719
-0.0999954,0.0449351
-0.0523782,0.0447721
-0.0573467,0.0445888
-0.00186476,0.0444613
0.0839558,0.0444811
0.0376045,0.0445563
0.0349832,0.0446686
-0.00943205,0.0447541
0.033154,0.0448826
-0.0109286,0.0449814
-0.0529216,0.0450113
0.0347565,0.0450815
-0.00878274,0.0451261
-0.0509246,0.0450959
-0.0055499,0.0450645
-0.00448249,0.0450502
0.0383987,0.0451045
-0.0905682,0.0450529
-0.00102185,0.0450251
0.00020633,0.0450106
0.0429201,0.04505
-0.0438003,0.0450378
0.000748775,0.0450362
-0.0408199,0.0449941
-0.1442,0.0447918
-0.135581,0.0444932
0.064718,0.0443783
0.0214163,0.0443481
0.0207075,0.0443805
0.0625855,0.0444985
0.0595657,0.0446684
0.0562371,0.0448679
0.0953092,0.0451392
0.105896,0.045468
-0.0877087,0.045604
0.0440457,0.0457515
0.0844847,0.0459577
-0.00556677,0.0461067
0.0356638,0.0462527
0.0331706,0.046383
0.0727906,0.0465522
0.0253805,0.0466805
0.128235,0.0469098
-0.0280519,0.0470223
-0.0713373,0.0470013
0.0165725,0.0469738
-0.0690603,0.0468515
0.0607828,0.0468042
0.0150696,0.046759
-0.0294165,0.0466674
-0.0286577,0.0465504
-0.069815,0.0463578
0.0608497,0.0462644
-0.0269958,0.046141
-0.0264826,0.0459958
0.0172159,0.0458837
0.0164186,0.0458067
0.0575109,0.0458117
0.0631743,0.0458835
-0.0354746,0.0458846
-0.034242,0.0458293
-0.0326427,0.0457275
0.0537362,0.0456991
0.0509681,0.0457176
-0.122072,0.0455613
0.0532443,0.045487
0.00892852,0.0454272
-0.0345911,0.0453241
-0.0330517,0.0452016
-0.115942,0.0449709
0.0178615,0.0448216
0.0182933,0.0447328
-0.0250328,0.0446361
0.061229,0.044638
-0.0687475,0.0445595
-0.065569,0.044426
0.0236757,0.0443659
-0.0189708,0.0443
-0.102446,0.044131
-0.0116057,0.0439974
0.0329876,0.0439581
0.0320407,0.0439893
-0.0963824,0.0439122
0.0359662,0.0439231
0.0356922,0.0439961
0.0763959,0.0441607
-0.0124783,0.0442853
0.0723769,0.0444818
-0.0584209,0.0445636
0.0712852,0.0447179
-0.0167087,0.0448161
0.0681031,0.0449886
0.0221211,0.0451541
-0.0224564,0.0452425
0.0206927,0.045328
-0.0651082,0.0453088
0.0227661,0.0453297
-0.0204225,0.0453249
-0.0619866,0.0452522
-0.100618,0.0450774
0.0749389,0.0450311
0.0723239,0.0450842
-0.0591022,0.045057
0.0705023,0.0451299
-0.0174395,0.0451664
0.0251843,0.0452222
0.02378,0.0452935
-0.0202636,0.0453247
0.0652338,0.0454383
0.0617981,0.0455942
-0.175297,0.0454952
-0.0186206,0.0454094
-0.0158617,0.0453296
0.0276275,0.0453135
0.0264734,0.0453398
0.0672551,0.0454499
-0.0214791,0.0455228
0.0636467,0.0456568
-0.0667827,0.0456841
-0.0217849,0.0456884
0.0646304,0.0457848
-0.0657844,0.0457736
-0.0205977,0.0457472
0.0234946,0.0457643
-0.0198628,0.0457582
-0.0189137,0.045722
-0.0598575,0.0456251
-0.0139273,0.0455354
0.0300905,0.0455028
-0.0557342,0.0454108
0.0742473,0.0454296
-0.0559155,0.0453982
-0.0109684,0.0453809
0.0328035,0.0454314
0.0737913,0.0455721
-0.057444,0.0456095
-0.0549222,0.0455731
-0.00876518,0.0455393
0.077182,0.0456161
0.0311416,0.0457329
-0.0136853,0.0458066
0.0715022,0.0459713
-0.0170083,0.0460864
0.025441,0.0462137
-0.0183801,0.0462917
-0.0602074,0.0462701
-0.0567881,0.0461767
0.031596,0.0461307
0.072945,0.046177
0.0688656,0.0462891
0.0218884,0.0464086
0.0620734,0.0465826
-0.111393,0.046572
0.0630372,0.0466434
0.0179306,0.0467197
0.0161111,0.0467932
0.0147188,0.0468427
-0.0714825,0.0467761
-0.0679803,0.0466286
-0.0215284,0.0464823
-0.0196973,0.0463478
0.0240885,0.0462795
0.128856,0.0463925
0.121657,0.0466248
-0.183186,0.0465763
0.058327,0.0466216
0.0141722,0.0466839
-0.0296544,0.0466955
0.0139022,0.046711
0.0133084,0.0467314
0.0545677,0.0468081
-0.0333847,0.0468202
-0.0748601,0.0467452
-0.0284524,0.0466573
0.016137,0.0466163
0.0156654,0.0465997
0.0146228,0.046596
-0.0287808,0.0465589
0.0149343,0.0465517
-0.0702476,0.0464706
-0.0241244,0.0463837
-0.106731,0.0461991
0.0690464,0.0461497
-0.0178155,0.0460923
-0.0172432,0.046039
-0.0159081,0.0459918
-0.0568594,0.0459138
0.137296,0.0460442
0.0249751,0.0461804
-0.0624217,0.0462121
-0.0166537,0.0462117
-0.0149508,0.0461978
0.0285445,0.046232
0.133495,0.0464279
0.0200709,0.0465953
0.0175635,0.0467472
0.0584735,0.0469471
-0.0299934,0.0470578
-0.0293843,0.0471003
-0.0702881,0.0470478
0.0605708,0.0470664
-0.0269443,0.047039
-0.0262497,0.046973
-0.0247183,0.0468905
0.0191463,0.0468569
-0.0664421,0.0467682
-0.0627725,0.0466359
0.0261457,0.0465774
0.0679426,0.0466198
0.021918,0.0466836
0.0622865,0.0468047
-0.110782,0.0467562
0.0215944,0.046743
0.0640182,0.0468112
0.01802,0.0468741
0.0161892,0.0469386
-0.069596,0.046905
-0.0238059,0.0468595
-0.0217088,0.046803
-0.0625661,0.0466819
0.0259333,0.0466197
0.025456,0.0466056
-0.0606643,0.0465196
0.0272924,0.0464806
0.0266326,0.0464834
-0.017272,0.0464679
-0.0586252,0.0463887
0.0294501,0.0463751
-0.0136566,0.0463575
0.071905,0.0464453
0.0258957,0.0465474
0.0237388,0.0466389
-0.0626317,0.0466283
0.0252617,0.0466502
-0.0178875,0.0466433
0.0253202,0.0466714
0.130011,0.0468464
0.0591306,0.0470406
0.0118593,0.0471898
-0.074662,0.0471979
-0.0713109,0.0471151
-0.109479,0.0469159
0.0664964,0.0468474
-0.0629406,0.0467226
0.0669916,0.0467048
0.0217492,0.0467189
0.0197401,0.0467587
-0.0663839,0.0467094
0.0641217,0.0467522
-0.0658334,0.0467138
-0.0205174,0.0466714
0.129554,0.0467866
-0.0255034,0.0468342
-0.0255623,0.0468361
0.0605997,0.0469108
-0.0272602,0.0469272
0.0581099,0.0470075
0.0126393,0.0470742
0.0111333,0.0471308
-0.032248,0.047131
-0.0732562,0.0470444
0.0578258,0.0470545
0.0551887,0.0471262
-0.0331688,0.0471324
0.0101688,0.0471424
0.0522158,0.0472125
-0.0357204,0.0472122
-0.0771042,0.0471141
-0.0861213,0.0469361
-0.0679483,0.0467257
-0.062962,0.0464996
-0.0583979,0.0462645
-0.0539572,0.0460463
0.0350494,0.0459493
0.0344702,0.0459391
-0.0516265,0.0458775
0.0362518,0.0458862
-0.00680055,0.045906
0.0361266,0.0459923
-0.0499048,0.0460187
0.0376748,0.0461017
0.0366515,0.0462099
0.0770017,0.0463935
-0.0119249,0.0465219
0.0303632,0.0466644
-0.0135952,0.0467563
0.071418,0.0469196
0.0676977,0.0471198
-0.0216496,0.0472343
0.0631885,0.0473933
0.0596288,0.0475684
-0.114042,0.0475334
-0.024295,0.0474609
0.0201644,0.0474175
0.0191834,0.0473995
0.123742,0.0475098
-0.0317686,0.0475416
0.0105057,0.0475657
-0.0325613,0.0475234
-0.0314392,0.0474292
0.0125161,0.0473568
-0.0305395,0.0472339
-0.0291598,0.0470841
-0.0275303,0.0469208
0.0588443,0.046869
-0.028904,0.0467895
-0.0703407,0.0466402
-0.0240091,0.0464925
0.020501,0.0464019
-0.0225534,0.0463165
0.0633214,0.0463323
-0.066778,0.0462688
-0.0637367,0.0461442
0.0253349,0.0460908
-0.0175249,0.0460389
0.0682487,0.0460865
-0.0196673,0.0461062
0.0233191,0.0461476
0.026107,0.0462068
0.0289305,0.0462588
0.0317532,0.0463352
0.0345869,0.0464196
0.0373761,0.0465162
0.0401903,0.046626
-0.084081,0.0466077
-0.0276635,0.0465462
-0.0263727,0.0464506
0.0175546,0.0463931
0.0168896,0.0463663
0.0157994,0.0463754
0.0146818,0.0464009
-0.028743,0.0463863
0.0148731,0.0463901
0.0143317,0.046399
-0.0289937,0.0463589
-0.0276332,0.0462803
-0.0682716,0.046122
-0.170289,0.0457958
0.0729983,0.0456563
0.0714342,0.0456431
-0.0173134,0.0456126
-0.0168965,0.0455647
-0.0155738,0.0455044
0.0280575,0.0455016
0.0271388,0.0455339
0.0256034,0.0455975
0.024044,0.0456883
0.0225235,0.0457849
-0.0213087,0.0458252
0.0644467,0.0459474
-0.0237054,0.0460112
-0.0232805,0.0460311
-0.064257,0.0459693
-0.0606085,0.0458512
0.0282706,0.0458196
-0.0571381,0.0457327
0.0308104,0.0457105
-0.0546753,0.0456272
-0.00936436,0.0455654
0.0345025,0.0455685
-0.0516592,0.0455061
-0.0487976,0.0454045
-0.0450692,0.0452764
-0.0415828,0.0451489
-0.0805059,0.0449677
0.00985671,0.044872
-0.0314164,0.0447773
-0.0289716,0.0446785
0.100604,0.0447504
0.0119752,0.0448322
0.0532812,0.0449728
0.093132,0.0451999
0.00319573,0.0453792
0.0446295,0.0455757
-0.0425534,0.0456738
-0.0474827,0.0456956
0.004862,0.0457393
0.0470904,0.0458375
0.150347,0.0461018
-0.0488153,0.0462466
0.0368394,0.0464054
0.0349592,0.0465695
-0.0100624,0.0466665
-0.0101794,0.046711
-0.0522672,0.0466745
0.0350746,0.0466827
0.0333608,0.0467249
0.0309672,0.0467868
-0.0137842,0.0468071
0.0287097,0.046867
0.0688968,0.0469741
0.127965,0.0471981
-0.0709373,0.0472584
-0.0806466,0.0472032
-0.0645213,0.0470724
-0.0188411,0.0469461
0.0249111,0.0468796
-0.0188308,0.0467947
0.0664131,0.0468083
-0.0218467,0.0467844
-0.0216479,0.0467404
-0.10539,0.0465779
-0.0147791,0.0464354
-0.0161199,0.0463191
-0.0109338,0.0462132
-0.0107741,0.0461072
-0.00986234,0.0460079
0.0756792,0.0460171
0.0719994,0.0461238
0.0251062,0.0462354
-0.0195704,0.0462949
-0.0189672,0.0463094
-0.0602255,0.0462346
0.0279169,0.0462086
-0.10006,0.0460579
0.0321934,0.0459902
-0.0107707,0.0459247
-0.0102991,0.0458676
-0.00951496,0.0458163
0.0760404,0.0458728
-0.0547999,0.0458316
-0.0101326,0.0457826
-0.0512275,0.0456769
-0.0482301,0.0455355
0.0823336,0.0455344
-0.00608707,0.0455396
-0.00637069,0.0455353
0.0789583,0.0456304
0.0326268,0.0457405
-0.05478,0.045761
-0.00976028,0.0457697
0.0760778,0.0458591
-0.0549538,0.0458525
-0.0528804,0.0457811
0.0776456,0.0458274
0.0745508,0.0459677
-0.057485,0.0460009
-0.0557109,0.0459526
0.0325787,0.0459424
-0.0956787,0.0458125
0.0363486,0.045755
-0.0915921,0.0456031
-0.0019838,0.0454975
-0.0430458,0.0453645
-0.0403498,0.0452179
0.089877,0.0452203
0.00114691,0.0452286
-0.0418107,0.0451898
0.0878597,0.045274
0.0838815,0.04545
0.0782672,0.0456778
0.0307266,0.0458936
0.0278218,0.0460843
-0.101617,0.0461009
0.0301948,0.0461478
0.0716803,0.0462621
-0.102263,0.0462139
-0.114466,0.0460347
0.0788313,0.0459801
0.13886,0.0460953
0.0244603,0.0461995
-0.0634195,0.0461898
0.0664096,0.0462552
0.0630728,0.0463652
