Actual_Pitch,Predicted_Pitch,Residual
0.00929186,-0.03394034629966867,0.04323220629966867
0.00921714,-0.03389717264150444,0.04311431264150444
0.00912905,-0.03397846386199231,0.04310751386199231
0.00910067,-0.03202749518217031,0.04112816518217031
0.00901607,-0.03469001299098338,0.04370608299098338
0.00889943,-0.034602736078558675,0.043502166078558675
0.00879307,-0.0336203591236901,0.0424134291236901
0.00866863,-0.03443489142287401,0.043103521422874005
0.00860303,-0.032588880532003615,0.04119191053200361
0.00859816,-0.032584908621410544,0.041183068621410544
0.00861758,-0.03259878042125038,0.04121636042125038
0.00865861,-0.03261593775585169,0.041274547755851695
0.00879105,-0.03044853601950928,0.03923958601950928
0.00889511,-0.033644691456098615,0.04253980145609861
0.00897463,-0.0336361457678169,0.0426107757678169
0.00904068,-0.03272072652733126,0.04176140652733126
0.00911786,-0.03272925984848088,0.04184711984848088
0.00916577,-0.033622449169015155,0.04278821916901515
0.00918217,-0.033593040128879224,0.04277521012887922
0.00918486,-0.03355222447056891,0.04273708447056891
0.00922344,-0.03263960638550412,0.04186304638550412
0.00927083,-0.03265292990915415,0.04192375990915415
0.00932502,-0.03267440131166999,0.04199942131166999
0.00937325,-0.03269650343792297,0.04206975343792297
0.00942658,-0.032652699056021604,0.0420792790560216
0.00945971,-0.03362594494502234,0.04308565494502234
0.00946749,-0.033591415912196644,0.043058905912196646
0.00949688,-0.03268064465219226,0.04217752465219226
0.00947278,-0.034441555245887705,0.043914335245887705
0.00945214,-0.03349346410358019,0.042945604103580184
0.00942546,-0.03345315343649732,0.04287861343649732
0.00940122,-0.033421437926224574,0.042822657926224576
0.00938204,-0.03338973272189524,0.042771772721895245
0.00933095,-0.03423263934449596,0.04356358934449596
0.00932405,-0.03241175640486591,0.04173580640486591
0.00929749,-0.03329908370478436,0.04259657370478436
0.00923116,-0.034156608277528346,0.04338776827752835
0.00920526,-0.03234068043549338,0.04154594043549338
0.00917653,-0.033229270625718205,0.04240580062571821
0.00915076,-0.033216068299962764,0.042366828299962765
0.00915755,-0.03319734631703182,0.04235489631703182
0.00916629,-0.03317774977174248,0.04234403977174248
0.00918226,-0.03315943054508029,0.04234169054508029
0.00927075,-0.03139802670893289,0.04066877670893289
0.00933259,-0.033228570439922424,0.042561160439922426
0.00941707,-0.03236084710557257,0.04177791710557257
0.00954952,-0.031520102669900824,0.04106962266990082
0.00961543,-0.034231252164511984,0.043846682164511985
0.00962956,-0.03418217320076958,0.04381173320076958
0.00964745,-0.03236309586242625,0.04201054586242625
0.00965707,-0.03325932852805169,0.042916398528051694
0.00968932,-0.032379461700573105,0.042068781700573106
0.00969813,-0.03328690414085367,0.04298503414085367
0.00971868,-0.03240862958163306,0.04212730958163306
0.00968134,-0.034187179828081754,0.04386851982808175
0.00971684,-0.03151256902526269,0.04122940902526269
0.00979854,-0.03133918595558551,0.041137725955585513
0.00980651,-0.03433426213015771,0.044140772130157706
0.0097541,-0.03426262757865195,0.04401672757865195
0.00970337,-0.03331381295911653,0.04301718295911652
0.00962106,-0.03416485303226227,0.04378591303226227
0.00953054,-0.03409967000133582,0.04363021000133582
0.00952668,-0.03141139970111132,0.040938079701111324
0.00955358,-0.03235533548703294,0.04190891548703294
0.00951317,-0.03503061411498545,0.044543784114985455
0.00948304,-0.03317868493304817,0.04266172493304817
0.00952387,-0.03140117208286388,0.04092504208286388
0.00958079,-0.03235837161796371,0.04193916161796371
0.00964892,-0.032410643362976825,0.04205956336297682
0.00970474,-0.03332792179565497,0.04303266179565497
0.00973255,-0.03332336244628711,0.043055912446287106
0.00980756,-0.03156428837170864,0.04137184837170864
0.00990737,-0.031644085230400985,0.041551455230400984
0.00997436,-0.03349032491321524,0.04346468491321524
0.0100581,-0.031747020993254105,0.041805120993254105
0.0101709,-0.031821559759614884,0.04199245975961488
0.0103398,-0.030600363177934607,0.040940163177934606
0.0104701,-0.032945658483150266,0.04341575848315027
0.0106731,-0.02994296765922468,0.04061606765922468
0.0107317,-0.03494090706110292,0.04567260706110292
0.0106895,-0.03489721398339046,0.04558671398339046
0.0105702,-0.03479905193352829,0.04536925193352829
0.0104025,-0.034703466369520465,0.04510596636952047
0.0101766,-0.03548136103985547,0.04565796103985547
0.00997813,-0.03359171684574443,0.043569846845744435
0.00983085,-0.032661040686623656,0.04249189068662366
0.00969411,-0.0335457482157254,0.0432398582157254
0.00959885,-0.03264630318753676,0.04224515318753676
0.00960625,-0.03047368252144777,0.04007993252144777
0.00960711,-0.03280365227044513,0.04241076227044513
0.00968535,-0.030665208173916967,0.040350558173916966
0.00971207,-0.033860541196221595,0.04357261119622159
0.0096931,-0.033853207486885764,0.04354630748688576
0.00975232,-0.030754684374666944,0.04050700437466694
0.00976407,-0.033934655357713575,0.043698725357713575
0.00970854,-0.03479348878527157,0.04450202878527157
0.00966298,-0.032952159678376836,0.04261513967837684
0.0096332,-0.03294370262120851,0.04257690262120851
0.00954623,-0.03470288923668909,0.04424911923668909
0.00951852,-0.031998432421733204,0.04151695242173321
0.00959266,-0.03072582773309819,0.04031848773309819
0.00973496,-0.030873841692459072,0.040608801692459076
0.00981089,-0.03407787499219668,0.04388876499219668
0.0099492,-0.031002183667024796,0.0409513836670248
0.0100803,-0.03242903328841086,0.04250933328841086
0.0101924,-0.03249881277010148,0.042691212770101475
0.0102681,-0.033426108579781344,0.043694208579781346
0.0103431,-0.03255632817912538,0.04289942817912538
0.0103825,-0.03347003457181504,0.04385253457181504
0.0103804,-0.033467645654130886,0.043848045654130884
0.0103143,-0.03433087353596206,0.044645173535962056
0.010235,-0.03339764562525113,0.04363264562525113
0.0101862,-0.03250232709680682,0.042688527096806816
0.0101492,-0.032536660316707586,0.04268586031670758
0.0101197,-0.032581297418837085,0.04270099741883709
0.0100636,-0.0334956840037923,0.0435592840037923
0.0100615,-0.03130398703643768,0.04136548703643768
0.0100276,-0.03358651440550732,0.04361411440550732
0.00992925,-0.034460707811134625,0.044389957811134625
0.00985427,-0.0326441884079475,0.0424984584079475
0.00980511,-0.032658892928015465,0.042464002928015464
0.00981221,-0.031387566176364214,0.041199776176364215
0.00986409,-0.031218208608185867,0.041082298608185866
0.00985998,-0.033815432081883576,0.04367541208188358
0.00988339,-0.032916567690547065,0.042799957690547064
0.00984341,-0.03380462733080476,0.04364803733080476
0.00977041,-0.03378172340215391,0.04355213340215391
0.00971052,-0.03287356201926055,0.04258408201926055
0.00965988,-0.03288399884815936,0.042543878848159355
0.0096148,-0.03290474223883219,0.04251954223883219
0.00958544,-0.032924283132027075,0.042509723132027076
0.00956172,-0.03294245848771916,0.04250417848771916
0.00961782,-0.03077092654149279,0.040388746541492784
0.00965614,-0.03309362606576577,0.04274976606576577
0.00973583,-0.030944004555244816,0.04067983455524481
0.00973792,-0.03500582007631184,0.044743740076311836
0.00977524,-0.03188280179777851,0.04165804179777851
0.00984143,-0.03194335333773318,0.04178478333773318
0.00992666,-0.03203081781832808,0.04195747781832808
0.0100364,-0.03211513280261462,0.04215153280261462
0.0101045,-0.03350932701168827,0.04361382701168827
0.0101436,-0.03359906292221236,0.043742662922212364
0.0101306,-0.03438360698724028,0.044514206987240276
0.0100559,-0.03432029963801579,0.04437619963801579
0.00995248,-0.03424865478056662,0.04420113478056662
0.00986791,-0.033304784952682874,0.043172694952682875
0.00979411,-0.0332843791847164,0.0430784891847164
0.00967255,-0.03501655474697542,0.04468910474697542
0.00951326,-0.0349112980856647,0.0444245580856647
0.00933124,-0.034785639778764865,0.04411687977876486
0.00912459,-0.035539878186579534,0.044664468186579535
0.00895672,-0.033627243493892935,0.042583963493892936
0.00883388,-0.03355247387439961,0.04238635387439961
0.00881671,-0.031314828888912793,0.04013153888891279
0.00881378,-0.03356513987885961,0.04237891987885961
0.00881737,-0.033537835312369514,0.04235520531236951
0.00882528,-0.03355837093522305,0.04238365093522305
0.00883489,-0.033433539164985294,0.04226842916498529
0.0088774,-0.03252704281031046,0.04140444281031046
0.00894967,-0.03243426664647822,0.04138393664647822
0.00894385,-0.034309257850238375,0.04325310785023838
0.00894276,-0.03335202945849698,0.04229478945849698
0.00891386,-0.03418123742110728,0.04309509742110727
0.00883915,-0.034975786496004815,0.04381493649600482
0.00879128,-0.03309379755666424,0.041885077556664235
0.00882525,-0.03217490109086956,0.04100015109086956
0.00883079,-0.033946787514304556,0.042777577514304554
0.00888367,-0.03214171595306549,0.041025385953065485
0.00897043,-0.032162822525184355,0.041133252525184356
0.00909781,-0.03203572963096082,0.041133539630960815
0.00916779,-0.034012918692025405,0.04318070869202541
0.00924044,-0.03307902557389066,0.042319465573890665
0.00927572,-0.033932280868350206,0.04320800086835021
0.00939777,-0.03082505335632104,0.04022282335632104
0.00942865,-0.03485011582197289,0.04427876582197289
0.00936701,-0.03476534737617598,0.04413235737617598
0.00929482,-0.033773297262815825,0.04306811726281583
0.00918193,-0.034575107905445275,0.04375703790544527
0.00904013,-0.03446686045935482,0.04350699045935482
0.00899063,-0.031735088771965424,0.04072571877196542
0.00895914,-0.03264484798832622,0.04160398798832622
0.00891263,-0.033533632548643895,0.04244626254864389
0.00888531,-0.032623710498377104,0.041509020498377104
0.00887263,-0.03262689709608177,0.04149952709608177
0.00895806,-0.029577189115453865,0.03853524911545386
0.00910973,-0.030646018507273744,0.039755748507273744
0.00924431,-0.03211436810161305,0.04135867810161305
0.00930322,-0.03394076059859405,0.04324398059859405
0.00927433,-0.034783939298100995,0.044058269298101
0.00927387,-0.03206692159930796,0.041340791599307966
0.00931671,-0.03079378512399261,0.04011049512399261
0.00928903,-0.03398698687719851,0.04327601687719851
0.0092758,-0.03221878792031827,0.04149458792031827
0.00922699,-0.033138578323644974,0.04236556832364497
0.0092697,-0.030965605812647713,0.04023530581264771
0.00920338,-0.03501798933429912,0.044221369334299127
0.00913024,-0.033205526968797694,0.04233576696879769
0.00919105,-0.029283902577681133,0.03847495257768113
0.00915144,-0.035145366672560976,0.04429680667256097
0.00912964,-0.03246698595563982,0.04159662595563982
0.00909036,-0.03336482119546667,0.04245518119546667
0.00911655,-0.031184139220436585,0.040300689220436586
0.00914754,-0.03260073648931101,0.04174827648931101
0.00918049,-0.0326583652637125,0.0418388552637125
0.00921592,-0.03270064642717677,0.041916566427176775
0.00929124,-0.03143332868751489,0.04072456868751489
0.00934457,-0.03285068653501352,0.04219525653501352
0.00934594,-0.03377139478566097,0.043117334785660974
0.00937409,-0.03157282375404694,0.040946913754046944
0.00942922,-0.03297498940423509,0.042404209404235095
0.00950755,-0.031706065174113306,0.0412136151741133
0.00956215,-0.03310951102859276,0.04267166102859276
0.00953789,-0.03488989264118673,0.04442778264118673
0.00951779,-0.03306295767850682,0.042580747678506815
0.00943619,-0.03480850042245337,0.04424469042245337
0.00936121,-0.033852453091827606,0.04321366309182761
0.00928281,-0.033803054643839266,0.04308586464383927
0.00923725,-0.0328870065346863,0.0421242565346863
0.00919006,-0.0337658130867061,0.0429558730867061
0.0092093,-0.03285830283331785,0.042067602833317855
0.00926331,-0.03155192536198511,0.040815235361985114
0.00925975,-0.03469424255016188,0.043953992550161886
0.0091767,-0.0354998499023463,0.044676549902346305
0.00912677,-0.03273287929580907,0.04185964929580907
0.00907118,-0.03359478389450545,0.04266596389450545
0.00906921,-0.03268923156424765,0.04175844156424765
0.00902902,-0.03444446976668615,0.04347348976668615
0.00909952,-0.03043592154476637,0.03953544154476637
0.00918158,-0.032741849588959586,0.04192342958895959
0.00923619,-0.03365486136106292,0.042891051361062915
0.0093072,-0.03275139083137543,0.042058590831375434
0.00938436,-0.03276006225216684,0.042144422252166844
0.00942956,-0.033650994571092704,0.04308055457109271
0.00946396,-0.0336214453701263,0.0430854053701263
0.00949411,-0.03358267647217868,0.04307678647217868
0.00947839,-0.033544323934345116,0.04302271393434512
0.0094497,-0.033507803793251176,0.042957503793251174
0.00941561,-0.033472287451046086,0.042887897451046084
0.00934428,-0.0343125495685659,0.0436568295685659
0.00921013,-0.03510347919613524,0.04431360919613524
0.00917715,-0.03103618915792489,0.04021333915792489
0.00913475,-0.0332953982994183,0.0424301482994183
0.00905964,-0.03416324324390047,0.04322288324390047
0.00906448,-0.031035861428924217,0.04010034142892421
0.0090209,-0.03330883518844592,0.04232973518844592
0.00901909,-0.03330786642976468,0.04232695642976468
0.00902092,-0.033287757472968624,0.042308677472968625
0.00911232,-0.03107985544018447,0.04019217544018447
0.00921842,-0.03249230765861641,0.04171072765861641
0.00926959,-0.034285049189150874,0.043554639189150875
0.00926128,-0.03335079892885294,0.04261207892885294
0.0092247,-0.03419510715975843,0.04341980715975843
0.00920206,-0.033255239335822535,0.04245729933582253
0.00914928,-0.03409950922861851,0.04324878922861851
0.00905737,-0.03491024275705875,0.04396761275705875
0.00899576,-0.03304326211577431,0.04203902211577431
0.00889008,-0.034757395310235105,0.043647475310235107
0.00882025,-0.03290398372139667,0.04172423372139667
0.00883269,-0.03200711414846803,0.04083980414846804
0.00885777,-0.03379545504116326,0.04265322504116326
0.00886227,-0.03375053349499545,0.042612803494995445
0.00885771,-0.03368851438869814,0.04254622438869814
0.00887503,-0.032759722156034066,0.041634752156034065
0.00894799,-0.0318806828958119,0.04082867289581189
0.00908043,-0.03193123148708562,0.04101166148708562
0.00912227,-0.03461387061982685,0.04373614061982685
0.00918672,-0.032788362372791056,0.04197508237279106
0.00926083,-0.03278074009703954,0.042041570097039536
0.00941699,-0.0306044443315279,0.0400214343315279
0.00955276,-0.03292284297949393,0.04247560297949393
0.00958949,-0.03470012312147586,0.044289613121475856
0.00958738,-0.03373878884187696,0.04332616884187696
0.00951797,-0.0345554750832351,0.0440734450832351
0.00950069,-0.031839490039972496,0.041340180039972495
0.00954356,-0.030571362253158006,0.040114922253158006
0.00955812,-0.03376755891352101,0.043325678913521015
0.00955933,-0.032880632720920365,0.04243996272092036
0.00954926,-0.032883568884199986,0.04243282888419998
0.00961233,-0.030712862856279083,0.040325192856279085
0.00955114,-0.03564685387925228,0.04519799387925228
0.00947972,-0.033788170800355836,0.04326789080035584
0.00939613,-0.0337216129565775,0.043117742956577505
0.00929962,-0.03367533927063332,0.04297495927063332
0.00926059,-0.031882465824023105,0.041143055824023105
0.00921777,-0.032807888013189686,0.042025658013189686
0.00909859,-0.03544607348959424,0.04454466348959424
0.00901689,-0.03269866974722931,0.04171555974722931
0.00899051,-0.03181528344007368,0.04080579344007368
0.0089789,-0.03275246677186821,0.04173136677186821
0.00890933,-0.0336499474872415,0.0425592774872415
0.00898021,-0.029691646923047654,0.03867185692304766
0.00905196,-0.03205028574544357,0.04110224574544357
0.00903409,-0.03476447343217418,0.043798563432174184
0.00904287,-0.032070512189994585,0.041113382189994586
0.00913714,-0.030800896224950622,0.039938036224950624
0.00917005,-0.033997031049653126,0.043167081049653125
0.00931032,-0.030050417425294625,0.039360737425294626
0.00941434,-0.03327424431995971,0.04268858431995971
0.00947918,-0.03330972768314587,0.042788907683145874
0.00955331,-0.03243877034375163,0.04199208034375163
0.0095937,-0.033358732444095665,0.04295243244409566
0.00957671,-0.034235770290106174,0.043812480290106176
0.00957566,-0.03243911250107309,0.04201477250107309
0.00958634,-0.03247316539931291,0.042059505399312906
0.0095924,-0.03252441479473901,0.04211681479473901
0.00957832,-0.03344337309619419,0.04302169309619419
0.00958129,-0.032567580208148504,0.0421488702081485
0.00953035,-0.03434714868180684,0.04387749868180684
0.00949511,-0.032546995116766564,0.042042105116766565
0.00949743,-0.03257400493327492,0.04207143493327492
0.00948291,-0.03348690746237803,0.04296981746237803
0.0095573,-0.030422297087568547,0.03997959708756855
0.00956223,-0.03450053409887688,0.044062764098876876
0.00958458,-0.032715019095866694,0.0422995990958667
0.00964282,-0.03142041740160156,0.04106323740160156
0.00961566,-0.03458012896107824,0.04419578896107824
0.00957068,-0.033656757654651724,0.04322743765465172
0.0095397,-0.032747598244197824,0.04228729824419782
0.00946035,-0.034513134145299,0.043973484145299
0.0093452,-0.033573366082895385,0.04291856608289538
0.00924697,-0.03266279681938198,0.04190976681938198
0.00913938,-0.03355461751063043,0.04269399751063043
0.00909916,-0.03135069975557144,0.04044985975557144
0.00910428,-0.031437999341071665,0.040542279341071664
0.00915358,-0.0315461870126903,0.0406997670126903
0.00914999,-0.033837659940646254,0.04298764994064626
0.00919793,-0.03164250223749207,0.04084043223749207
0.00923071,-0.03303477686154479,0.042265486861544785
0.00929442,-0.03175517093330859,0.04104959093330859
0.00926705,-0.03489827137318509,0.04416532137318509
0.00923303,-0.03308056021131306,0.04231359021131306
0.00919481,-0.0330768278314569,0.0422716378314569
0.0090858,-0.03483678817594549,0.043922588175945486
0.00893519,-0.03474710585632716,0.043682295856327165
0.00887271,-0.031587334522378656,0.040460044522378655
0.00887657,-0.03165149314252942,0.04052806314252942
0.00892281,-0.03174507316994821,0.04066788316994821
0.00891554,-0.03402178180336438,0.04293732180336438
0.00887122,-0.03399121231399965,0.04286243231399965
0.00880315,-0.03481378531023782,0.04361693531023782
0.00879739,-0.03296506828474488,0.04176245828474488
0.0088623,-0.031644452121986646,0.04050675212198665
0.00881393,-0.0365229415172797,0.0453368715172797
0.0088559,-0.03154673322769142,0.04040263322769142
0.00894521,-0.03159038714281889,0.040535597142818895
0.00889613,-0.03648204753379941,0.04537817753379941
0.00886271,-0.03369393325374701,0.042556643253747015
0.00880594,-0.03449220689659561,0.043298146896595606
0.00873044,-0.03439797141117547,0.04312841141117547
0.00869585,-0.03254936960612994,0.04124521960612994
0.00868707,-0.03254870178099649,0.04123577178099649
0.00861571,-0.03518605453717292,0.04380176453717292
0.00863749,-0.031128880813021103,0.039766370813021104
0.00864606,-0.03338073357210316,0.04202679357210316
0.0085981,-0.03511631834044465,0.04371441834044465
0.0085795,-0.03324203247545199,0.04182153247545199
0.00854899,-0.03406681465372111,0.04261580465372111
0.00857514,-0.03224841956883202,0.04082355956883202
0.00864036,-0.03226460814475209,0.04090496814475209
0.00867564,-0.034046759287830825,0.04272239928783082
0.00872768,-0.032240374749400384,0.040968054749400386
0.00873637,-0.0340077286189204,0.0427440986189204
0.00877787,-0.03220623940361323,0.04098410940361323
0.00877687,-0.03398001593707098,0.04275688593707098
0.00880462,-0.03217780118334722,0.04098242118334722
0.00874283,-0.035697497285205444,0.044440327285205444
0.00870575,-0.03293863230316601,0.04164438230316601
0.00866281,-0.03377805654748599,0.04244086654748599
0.00864279,-0.03285078959444769,0.04149357959444769
0.00865086,-0.03283993331365179,0.04149079331365178
0.00867403,-0.03371295802529556,0.04238698802529556
0.00869157,-0.03366466849681893,0.042356238496818924
0.00873698,-0.032736638903967746,0.041473618903967745
0.00876955,-0.03360675115600175,0.04237630115600175
0.00880378,-0.033566867154976365,0.04237064715497636
0.00882714,-0.03351870748138679,0.0423458474813868
0.00885238,-0.0334722606555932,0.0423246406555932
0.00890915,-0.032554901836556405,0.0414640518365564
0.00892198,-0.03430827054085899,0.043230250540858994
0.00900266,-0.03161013745278402,0.040612797452784025
0.0091113,-0.031659871874527776,0.04077117187452778
0.00924069,-0.03174125172612904,0.04098194172612904
0.00938684,-0.03181748478958764,0.04120432478958764
0.00950468,-0.03276882230407164,0.04227350230407164
0.0096135,-0.03192213958380278,0.04153563958380278
0.00966105,-0.03373842813385735,0.04339947813385735
0.00969311,-0.0328452985877949,0.042538408587794896
0.0096829,-0.03372731008209865,0.04341021008209865
0.00974924,-0.030638371497258024,0.04038761149725802
0.00975214,-0.03382444772118513,0.04357658772118513
0.00967917,-0.03468954510115223,0.04436871510115223
0.00959318,-0.03372830357504409,0.04332148357504409
0.00949139,-0.033678525868337986,0.04316991586833799
0.00938246,-0.03363491936055023,0.04301737936055023
0.00927641,-0.033592300162141854,0.04286871016214185
0.00918805,-0.032677868231035606,0.04186591823103561
0.00911808,-0.032687586735678224,0.041805666735678225
0.00913983,-0.0305302827626962,0.0396701127626962
0.00918725,-0.031977832902030476,0.04116508290203048
0.00929259,-0.030753220930701673,0.04004581093070167
0.00944936,-0.03089630864910903,0.04034566864910903
0.00955161,-0.03323622899259477,0.04278783899259477
0.00960581,-0.0332943244201142,0.0429001344201142
0.00962403,-0.0332708392362546,0.0428948692362546
0.00964005,-0.03240213271490273,0.04204218271490273
0.00966087,-0.03245207325551483,0.04211294325551483
0.00972754,-0.03119796979650275,0.04092550979650275
0.0098296,-0.03132441959985704,0.04115401959985704
0.00987362,-0.03364407309949357,0.04351769309949357
0.0099665,-0.03147163175682005,0.041438131756820054
0.0099576,-0.03463206679352463,0.044589666793524635
0.00999085,-0.03153182052756642,0.041522670527566426
0.00997529,-0.03380862603685072,0.043783916036850716
0.010034,-0.030747903063898286,0.040781903063898284
0.00997072,-0.03481627728735615,0.044786997287356155
0.00989528,-0.03302240560706653,0.042917685607066526
0.00981631,-0.03303118400355061,0.04284749400355061
0.00972666,-0.03305276506130441,0.04277942506130441
0.00971124,-0.030889197548151018,0.040600437548151014
0.00966209,-0.033210628204670446,0.042872718204670444
0.00961013,-0.033244567531413804,0.042854697531413806
0.00962348,-0.03107223316443295,0.04069571316443295
0.00957835,-0.03425462398299399,0.04383297398299399
0.00956906,-0.032051759495352265,0.04162081949535226
0.00952627,-0.034302157055223784,0.04382842705522379
0.00939705,-0.03513530807178558,0.044532358071785585
0.0092102,-0.03539130770627411,0.044601507706274114
0.00910556,-0.031821353640746536,0.040926913640746534
0.00898756,-0.034076392997533254,0.04306395299753325
0.00893658,-0.0318549262820231,0.0407915062820231
0.00893962,-0.031913408388539545,0.04085302838853955
0.00886783,-0.035048668066664075,0.043916498066664075
0.00877878,-0.03408732966468781,0.04286610966468781
0.00871111,-0.03314334544083213,0.04185445544083213
0.00875028,-0.031818937927609495,0.040569217927609494
0.00881439,-0.03319726531231656,0.042011655312316556
0.0088875,-0.03320628631070869,0.04209378631070869
0.0090139,-0.03189212455419391,0.040906024554193905
0.00910489,-0.034139213906228434,0.04324410390622843
0.00927525,-0.03103738464736131,0.04031263464736131
0.00937445,-0.03419665305127104,0.04357110305127104
0.00954668,-0.031104290832027155,0.04065097083202716
0.00965724,-0.03425918951592791,0.043916429515927904
0.00972619,-0.03422100187318902,0.04394719187318902
0.00972349,-0.035026229966655685,0.044749719966655686
0.00976781,-0.03185245285560292,0.04162026285560292
0.00971163,-0.03582512608848669,0.04553675608848669
0.00964697,-0.03393623422824512,0.04358320422824512
0.00957773,-0.033852991062074,0.043430721062074
0.00951768,-0.033787173185033034,0.043304853185033035
0.00949525,-0.032851937676544395,0.0423471876765444
0.00945856,-0.033714821339865426,0.043173381339865424
0.00942259,-0.033667587139994744,0.043090177139994745
0.00939234,-0.03361342528495887,0.04300576528495887
0.00937001,-0.03268957166038042,0.042059581660380416
0.00934008,-0.033560965971775554,0.042901045971775555
0.00929916,-0.03358786242290632,0.04288702242290632
0.0092867,-0.03260313777412727,0.04188983777412727
0.00928657,-0.032605994581642574,0.041892564581642575
0.009261,-0.0334949728936965,0.042755972893696495
0.00921507,-0.03259215576082167,0.041807225760821666
0.00917638,-0.03260244521472962,0.041778825214729615
0.00908741,-0.03436915805456906,0.04345656805456906
0.0090244,-0.03254640767799177,0.041570807677991775
0.00893815,-0.034299059088632504,0.0432372090886325
0.00894917,-0.031172526483393845,0.040121696483393844
0.00893416,-0.033431628443075706,0.0423657884430757
0.00897998,-0.03124074770643975,0.04022072770643975
0.00898575,-0.03351433363900044,0.042500083639000444
0.00904399,-0.031320977414755626,0.04036496741475563
0.0090897,-0.033590251340590474,0.04267995134059047
0.00921707,-0.03052498550777965,0.03974205550777965
0.00937283,-0.03153014065878938,0.04090297065878938
0.00943141,-0.03470326437302949,0.04413467437302949
0.00952946,-0.031583985090768,0.041113445090768
0.00953338,-0.03471314777276678,0.04424652777276678
0.00951081,-0.033774284572195216,0.04328509457219522
0.0094767,-0.03372504277454682,0.04320174277454682
0.00943835,-0.03368528244484244,0.043123632444842436
0.00949092,-0.031462152350064714,0.04095307235006471
0.00956125,-0.0328520489807333,0.0424132989807333
0.00962576,-0.03288171422662259,0.042507474226622585
0.0096569,-0.033771650373057724,0.04342855037305772
0.00968921,-0.032866647555702934,0.04255585755570293
0.00976749,-0.031562346731968796,0.0413298367319688
0.00985468,-0.032960787814205895,0.04281546781420589
0.00993787,-0.03298727841728488,0.042925148417284884
0.00998782,-0.03387383174085269,0.04386165174085269
0.0100138,-0.0338392759125741,0.043853075912574105
0.0100985,-0.031611611202692715,0.04171011120269272
0.0101282,-0.03299266657062237,0.043120866570622376
0.0101236,-0.033890047112225645,0.04401364711222565
0.0100812,-0.03399210686988829,0.044073306869888286
0.0100196,-0.033790677205794956,0.04381027720579496
0.00993513,-0.032879822261530016,0.042814952261530016
0.00982962,-0.03375380666262481,0.04358342666262481
0.00970631,-0.03371786159317357,0.04342417159317356
0.00960075,-0.032796895693940675,0.04239764569394067
0.00950949,-0.03279943095602136,0.04230892095602136
0.00936865,-0.03368392618268871,0.04305257618268871
0.00926134,-0.032775552085123213,0.04203689208512321
0.00917205,-0.032783244441289966,0.04195529444128997
0.00909746,-0.03279619488978829,0.041893654889788294
0.00903678,-0.032811053999007515,0.04184783399900752
0.0089328,-0.03544780488808837,0.04438060488808837
0.00879276,-0.034440166004715035,0.04323292600471504
0.0086703,-0.03345993268607729,0.04213023268607729
0.00867231,-0.030357988000643894,0.03903029800064389
0.00868547,-0.03267072827343602,0.04135619827343602
0.00868636,-0.032717177160418304,0.04140353716041831
0.00872812,-0.03142836740635375,0.04015648740635375
0.0087537,-0.03283022717614127,0.041583927176141275
0.00876726,-0.032812878150992396,0.041580138150992395
0.00881438,-0.03155318474827072,0.04036756474827072
0.00877349,-0.034718807796891626,0.04349229779689163
0.00873042,-0.033776290108784246,0.04250671010878425
0.00870636,-0.032853609300566695,0.0415599693005667
0.00869565,-0.03285941360789938,0.04155506360789938
0.008687,-0.03374816312800944,0.04243516312800944
0.00874199,-0.03153224101005785,0.04027423101005785
0.00878389,-0.03291975923510457,0.04170364923510457
0.00882351,-0.0329465452065219,0.0417700552065219
0.0088555,-0.03296053160845254,0.04181603160845254
0.00880224,-0.034719539518874264,0.04352177951887426
0.00864473,-0.03638583124605445,0.04503056124605445
0.00856611,-0.0313818278270694,0.0399479378270694
0.0084864,-0.03361561220615204,0.04210201220615204
0.00842531,-0.03272169116363513,0.04114700116363513
0.00842752,-0.03141752143150126,0.03984504143150126
0.00842099,-0.032818187773041047,0.04123917777304105
0.00847385,-0.03153742283840813,0.04001127283840813
0.00847792,-0.03380620414014763,0.04228412414014763
0.00846992,-0.032911277237553174,0.04138119723755317
0.00842516,-0.03378727418327852,0.042212434183278524
0.00839878,-0.03287976351765254,0.04127854351765254
0.00834498,-0.0337567541624422,0.0421017341624422
0.008278,-0.03383603984634104,0.04211403984634104
0.0082073,-0.03368958620681355,0.041896886206813554
0.00814396,-0.03363205843065755,0.04177601843065755
0.00805616,-0.03358801701205758,0.04164417701205758
0.00794237,-0.03441897080148279,0.042361340801482794
0.00782871,-0.03345754582958182,0.041286255829581814
0.00772035,-0.03341232128867753,0.04113267128867753
0.00755335,-0.03512483723327349,0.04267818723327349
0.00750101,-0.03106262802516792,0.03856363802516792
0.00743984,-0.03419108784182564,0.041630927841825635
0.00738737,-0.03326408369034449,0.04065145369034449
0.00734795,-0.03322961876048684,0.04057756876048684
0.00731976,-0.03320277734309393,0.04052253734309393
0.00732898,-0.033179811991020304,0.0405087919910203
0.00739026,-0.032286067180135825,0.03967632718013583
0.00748359,-0.03217747551553523,0.03966106551553523
0.00757361,-0.03323026617985233,0.04080387617985233
0.00768588,-0.032349034433227536,0.040034914433227535
0.0077403,-0.03412478558544406,0.04186508558544406
0.00772507,-0.03407044646818141,0.04179551646818141
0.00768005,-0.034166908037379706,0.04184695803737971
0.00765191,-0.03303570398421462,0.04068761398421462
0.00763583,-0.033015994485785426,0.04065182448578543
0.00764429,-0.033015325423938764,0.04065961542393876
0.00751947,-0.03693773512794373,0.04445720512794373
0.00741071,-0.0336582705671454,0.0410689805671454
0.00728814,-0.03444153257281219,0.04172967257281219
0.0071652,-0.034339015231261816,0.04150421523126181
0.00710548,-0.03248181208584011,0.03958729208584011
0.00710153,-0.03247548423658182,0.039577014236581824
0.00710972,-0.03335940851398385,0.04046912851398385
0.00710404,-0.03420031784475028,0.04130435784475028
0.00715324,-0.03236646590592375,0.03951970590592375
0.00723982,-0.03237421597537364,0.03961403597537364
0.00732884,-0.03225911713809929,0.03958795713809929
0.00740446,-0.03329782431849876,0.04070228431849876
0.0074439,-0.0341957729237032,0.0416396729237032
0.0073711,-0.03625614125408972,0.04362724125408972
0.00733844,-0.03300027895266821,0.04033871895266821
0.00734073,-0.03295068778353796,0.04029141778353797
0.0073591,-0.03293157211356848,0.04029067211356848
0.00738604,-0.03287544079274554,0.04026148079274554
0.0073667,-0.03465732666084071,0.04202402666084071
0.00739849,-0.03280418611831415,0.04020267611831415
0.00748319,-0.03190805342033986,0.03939124342033986
0.00757936,-0.03282435897195939,0.04040371897195939
0.00768293,-0.03276690333740732,0.040449833337407315
0.00780345,-0.0319475561014588,0.039751006101458805
0.0078304,-0.033759386300391006,0.04158978630039101
0.00783786,-0.0337199660668194,0.0415578260668194
0.00786383,-0.032793115473895164,0.040656945473895166
0.00789356,-0.032740623181692914,0.040634183181692915
0.00784635,-0.033680698361210376,0.04152704836121038
0.00782553,-0.03188782697578885,0.039713356975788844
0.00773255,-0.034554388836798906,0.042286938836798904
0.00765032,-0.032730269830935785,0.04038058983093579
0.00758165,-0.03267396021729172,0.040255610217291724
0.00753267,-0.032740645854768435,0.040273315854768434
0.00751675,-0.03275524525421354,0.040271995254213544
0.00756363,-0.03102533906069504,0.03858896906069504
0.00761372,-0.03200629997893806,0.039620019978938055
0.00757374,-0.03470419603031442,0.04227793603031442
0.0075275,-0.03288301318773092,0.040410513187730916
0.00744906,-0.03375194128686627,0.04120100128686627
0.0073788,-0.032843227093168,0.040222027093167995
0.00728624,-0.033716989710360454,0.04100322971036045
0.00724032,-0.03193675135037999,0.03917707135037999
0.00715068,-0.03373681834549555,0.04088749834549555
0.00707547,-0.03283705177187228,0.03991252177187228
0.00697861,-0.03371370417559898,0.04069231417559897
0.00689546,-0.032808141539397755,0.039703601539397754
0.00688629,-0.031065812561683902,0.0379521025616839
0.00681858,-0.03379631867922164,0.04061489867922164
0.0068594,-0.031161253842483878,0.038020653842483876
0.00693158,-0.033007559895573746,0.039939139895573746
0.00696188,-0.0339099561337194,0.040871836133719405
0.0070383,-0.03212680119175181,0.03916510119175181
0.00717996,-0.031302647263793414,0.03848260726379341
0.00735276,-0.03141420291772086,0.03876696291772086
0.00753077,-0.031534102263439036,0.039064872263439035
0.00765481,-0.033395332971548265,0.04105014297154826
0.00780595,-0.031666341945805226,0.039472291945805225
0.00790478,-0.03350235813274941,0.04140713813274941
0.00788026,-0.03656818460888215,0.04444844460888215
0.00786115,-0.03333365602257242,0.04119480602257242
0.00790701,-0.03154667757559697,0.03945368757559697
0.0079634,-0.03250464387288705,0.04046804387288705
0.00799242,-0.03430411106209572,0.04229653106209572
0.00803753,-0.03250762641291205,0.04054515641291205
0.00804314,-0.03515369387484225,0.043196833874842244
0.00805545,-0.033308633191954935,0.041364083191954934
0.00806964,-0.03327523987409384,0.04134487987409384
0.00807285,-0.03413714447279022,0.04220999447279022
0.00803116,-0.03320294780339805,0.041234107803398055
0.00804138,-0.032309684280071166,0.04035106428007117
0.00805922,-0.03321743569253539,0.041276655692535386
0.00797884,-0.03627269259921809,0.04425153259921809
0.00791757,-0.03391025706726719,0.04182782706726719
0.00787375,-0.03382325635412608,0.04169700635412608
0.00768483,-0.03593997552193033,0.043624805521930335
0.007558,-0.03270457505280749,0.04026257505280749
0.0074432,-0.03354748167540821,0.04099068167540821
0.00740192,-0.03175879244182547,0.03916071244182547
0.0072869,-0.035734268891318775,0.043021168891318774
0.0071742,-0.035995668840158035,0.043169868840158034
0.00720211,-0.030543288863288973,0.037745398863288974
0.00730574,-0.031534798945214056,0.038840538945214054
0.00746573,-0.03162027850110676,0.03908600850110676
0.0076559,-0.0316964950750559,0.0393523950750559
0.00791629,-0.03177311976436436,0.03968940976436436
0.00813139,-0.033598609460702,0.041729999460702
0.00831214,-0.03358059261041968,0.04189273261041968
0.00843447,-0.034412368814129596,0.042846838814129595
0.00854775,-0.03433005524405472,0.04287780524405472
0.00860356,-0.033367265765245284,0.04197082576524529
0.00874814,-0.03070981229702753,0.03945795229702753
0.00889216,-0.032572100394931386,0.04146426039493138
0.00901815,-0.0326160861614369,0.041634236161436904
0.00906532,-0.03177431319261209,0.04083963319261209
0.00912411,-0.031847431799969954,0.04097154179996995
0.00904028,-0.03586352603365996,0.04490380603365996
0.00893975,-0.03354031286116706,0.04248006286116705
0.00888421,-0.03174067459329766,0.04062488459329766
0.00883075,-0.03267843505792357,0.041509185057923566
0.00874719,-0.03358536220103325,0.042332552201033255
0.00874048,-0.030944684747510366,0.03968516474751037
0.00876671,-0.031927795485550255,0.04069450548555026
0.00880925,-0.032016043217844875,0.04082529321784487
0.00893243,-0.032093813928061356,0.041026243928061354
0.00898549,-0.03304322544722763,0.04202871544722763
0.00897601,-0.03393655165130238,0.04291256165130238
0.00898745,-0.03216008526661269,0.04114753526661269
0.00903673,-0.03133822750284769,0.04037495750284769
0.0090927,-0.031456059476316335,0.04054875947631634
0.00913054,-0.031576570995073515,0.040707110995073514
0.00913472,-0.032569111671340335,0.041703831671340334
0.00908033,-0.03350776050828882,0.042588090508288816
0.00898053,-0.03351300211111092,0.04249353211111092
0.0088898,-0.032632276798545655,0.04152207679854565
0.00892133,-0.030490419373557648,0.039411749373557646
0.0089011,-0.03371249838021914,0.04261359838021914
0.00898198,-0.029799900552704157,0.03878188055270416
0.00903476,-0.03304915971250681,0.042083919712506815
0.00906,-0.033984062050456655,0.043044062050456654
0.00905278,-0.03309148304789155,0.04214426304789155
0.00904422,-0.033143906290272904,0.0421881262902729
0.00896692,-0.03487538599523238,0.04384230599523238
0.00884842,-0.03480798924765987,0.04365640924765987
0.00871855,-0.03295619424910589,0.04167474424910589
0.008533,-0.03382846703911792,0.04236146703911792
0.00844725,-0.030744996787854577,0.03919224678785457
0.008383,-0.032181554607939845,0.04056455460793985
0.00832655,-0.03226380634235421,0.040590356342354215
0.00827845,-0.03233286440800561,0.04061131440800561
0.00823579,-0.03327149057187858,0.04150728057187858
0.00824372,-0.03110270165555219,0.03934642165555219
0.00820891,-0.03340876573819852,0.04161767573819852
0.00811868,-0.03429923635085928,0.042417916350859286
0.00801065,-0.03424910824207699,0.04225975824207699
0.00792763,-0.03418886794161353,0.042116497941613526
0.00782992,-0.03433118271426458,0.042161102714264584
0.0077687,-0.033151669757449244,0.04092036975744924
0.00772414,-0.034040235625647605,0.0417643756256476
0.00759941,-0.03398858635961689,0.041587996359616894
0.00745879,-0.03480077920964505,0.04225956920964505
0.00737111,-0.03294522645800221,0.04031633645800221
0.00724126,-0.034669825709017346,0.041911085709017346
0.00711425,-0.03370080937919511,0.040815059379195114
0.00700504,-0.03363879851765254,0.04064383851765254
0.00692189,-0.032715853877283506,0.039637743877283506
0.00684002,-0.03358664426039438,0.04042666426039438
0.00676521,-0.033548736939316454,0.040313946939316454
0.00666574,-0.034377497623982435,0.04104323762398243
0.00664531,-0.03254114134090547,0.039186451340905475
0.00668408,-0.03341162666809119,0.040095706668091195
0.00673659,-0.03338104275040568,0.04011763275040568
0.00682733,-0.03247007567747636,0.03929740567747636
0.00689897,-0.034229728946074886,0.04112869894607488
0.00691954,-0.034158413878815075,0.04107795387881508
0.00686343,-0.03494308367635268,0.041806513676352686
0.00681715,-0.03393876949032581,0.04075591949032581
0.00680539,-0.03297783734863906,0.03978322734863906
0.00676692,-0.03469654489792133,0.04146346489792133
0.00672802,-0.03458287034202727,0.04131089034202727
0.00671146,-0.033586392795374995,0.040297852795375
0.00673356,-0.032642341582887105,0.039375901582887105
0.00678659,-0.032627424760384736,0.03941401476038474
0.00682773,-0.033501873753408795,0.04032960375340879
0.00689685,-0.0325838656599367,0.0394807156599367
0.00697221,-0.034327379821143554,0.041299589821143554
0.00697515,-0.03555137961943337,0.042526529619433366
0.00701967,-0.03319568231940764,0.04021535231940764
0.00709232,-0.033135953605975425,0.040228273605975425
0.00712501,-0.03397430026085168,0.04109931026085168
0.00707186,-0.035205553382118664,0.04227741338211866
0.0070996,-0.031994011172007134,0.03909361117200713
0.00718422,-0.031998174773147765,0.03918239477314776
0.00726723,-0.03291168061217853,0.04017891061217853
0.00737492,-0.032904768003690736,0.040279688003690736
0.00749687,-0.03202014704451369,0.03951701704451369
0.00760097,-0.03292860173455671,0.04052957173455671
0.00774617,-0.03118716710661262,0.03893333710661262
0.00794979,-0.03040009808544744,0.03834988808544744
0.00804673,-0.034049548076119575,0.04209627807611958
0.00805276,-0.035330152238035185,0.043382912238035184
0.00805004,-0.033009855853648275,0.041059895853648276
0.00801384,-0.03385504194481406,0.041868881944814064
0.00799529,-0.032928818777725084,0.040924108777725086
0.00793992,-0.03291707247565565,0.04085699247565565
0.00780581,-0.03509598677527078,0.042901796775270784
0.00767581,-0.03366753561027765,0.04134334561027765
0.00758364,-0.032728474535592474,0.040312114535592476
0.00755543,-0.031849449703691086,0.03940487970369109
0.00758021,-0.032780538100548554,0.04036074810054856
0.00759612,-0.03192445429869433,0.03952057429869433
0.0076219,-0.031982091317850556,0.039603991317850556
0.00764587,-0.03204826784172245,0.039694137841722446
0.00760886,-0.03385975588333319,0.04146861588333319
0.00753249,-0.0329553254580758,0.0404878154580758
0.00738754,-0.03600867494075081,0.043396214940750806
0.0071498,-0.03633034404669509,0.04348014404669509
0.00704957,-0.0308019474311792,0.0378515174311792
0.00699581,-0.0326645921147253,0.039660402114725296
0.00701503,-0.03269916443251335,0.039714194432513346
0.00706574,-0.032715233459489776,0.03978097345948978
0.00715791,-0.03186003390758076,0.03901794390758076
0.00722261,-0.03367176929183353,0.040894379291833524
0.00728582,-0.03277443698204545,0.04006025698204545
0.00741753,-0.03103203792391636,0.03844956792391636
0.0076176,-0.031147606712210542,0.038765206712210544
0.0077993,-0.03301937380463199,0.04081867380463199
0.00796076,-0.0330515867827935,0.0410123467827935
0.00807233,-0.033938579860966926,0.04201090986096693
0.00827353,-0.030409332210749443,0.038682862210749444
0.00849378,-0.03142415433668471,0.03991793433668471
0.00869323,-0.03242476456664737,0.04111799456664737
0.00893054,-0.030744728833325723,0.03967526883332573
0.00909208,-0.03351822516323486,0.042610305163234864
0.00926408,-0.0317933173522738,0.0410573973522738
0.00934313,-0.03449947877027093,0.04384260877027093
0.00935124,-0.03470497103725941,0.044056211037259416
0.00926528,-0.03566624966476385,0.04493152966476385
0.00925482,-0.03161351986341362,0.04086833986341362
0.00918545,-0.03429369793686677,0.04347914793686677
0.00911188,-0.033373706979881165,0.04248558697988117
0.00907959,-0.03247555225580838,0.04155514225580838
0.00906721,-0.03250715233951485,0.04157436233951485
0.00913701,-0.030802916189860436,0.039939926189860434
0.00912827,-0.034433221860040386,0.04356149186004039
0.00899556,-0.03569665219784522,0.04469221219784522
0.00886913,-0.033369242445192744,0.04223837244519274
0.00874701,-0.03333010871684814,0.04207711871684814
0.00860544,-0.034181367275994336,0.042786807275994335
0.00849412,-0.033244094488610945,0.041738214488610946
0.00843931,-0.03321889336517234,0.04165820336517234
0.00839088,-0.03320155732551218,0.04159243732551218
0.00841635,-0.03143738716803267,0.03985373716803267
0.00839551,-0.03413936437300233,0.04253487437300233
0.0083457,-0.034097445978746345,0.04244314597874634
0.00832767,-0.033153288821160115,0.04148095882116012
0.00829779,-0.034005197479217084,0.04230298747921708
0.00829488,-0.03307242593629257,0.041367305936292564
0.00830814,-0.03305291785722152,0.041361057857221516
0.00834298,-0.032172038099788206,0.040515018099788205
0.00840919,-0.03220929614643084,0.040618486146430835
0.00849515,-0.032260166283139186,0.040755316283139185
0.00859888,-0.03230790135185996,0.04090678135185996
0.00864601,-0.03410312661475802,0.04274913661475802
0.00871168,-0.03318072674655803,0.04189240674655803
0.00880077,-0.032293186525848575,0.041093956525848574
0.00890641,-0.032329438712413665,0.04123584871241366
0.00896118,-0.03412402088444248,0.04308520088444248
0.00906353,-0.03145328305515969,0.04051681305515969
0.00910815,-0.03415211694738703,0.043260266947387035
0.00930741,-0.028439701528587186,0.03774711152858719
0.00964206,-0.027939018185482438,0.03758107818548244
0.0100797,-0.027434727762181595,0.0375144277621816
0.0105975,-0.026935693370023637,0.037533193370023636
0.0111998,-0.026435463488429255,0.03763526348842926
0.0118109,-0.025938531508728446,0.03774943150872845
0.0124564,-0.025434034966559257,0.03789043496655926
0.0127831,-0.036221595731754555,0.049004695731754554
0.0129368,-0.03414092881521309,0.04707772881521309
0.0129246,-0.03501993715760501,0.047944537157605015
0.0128482,-0.03410924834514797,0.046957448345147965
0.0126384,-0.035843924129280044,0.048482324129280045
0.0123626,-0.03487277034679304,0.047235370346793044
0.0120005,-0.035670413265904484,0.04767091326590449
0.0116128,-0.03467844560009167,0.04629124560009167
0.0112485,-0.03372036799861268,0.04496886799861268
0.010877,-0.03456853065235628,0.04544553065235628
0.0105065,-0.034499752908365836,0.04500625290836584
0.0101427,-0.034424793659513626,0.044567493659513624
0.00979581,-0.03347230600174424,0.04326811600174424
0.00944643,-0.03431370383422865,0.04376013383422865
0.00915444,-0.03249967228578249,0.04165411228578249
0.00888305,-0.03339286160631677,0.042275911606316774
0.00857883,-0.03512687781007014,0.04370570781007014
0.0082739,-0.03501334135381787,0.04328724135381787
0.00801719,-0.03313327323621142,0.041150463236211424
0.00784333,-0.03222414288851796,0.04006747288851796
0.00770275,-0.03313074992902511,0.04083349992902511
0.00760966,-0.03312504579546244,0.040734705795462435
0.00757366,-0.033114571452929585,0.04068823145292959
0.00754837,-0.03397744357359399,0.041525813573593987
0.00764627,-0.03086623590621702,0.03851250590621702
0.00778792,-0.03227521502171729,0.040063135021717294
0.00798028,-0.0323353996700863,0.0403156796700863
0.00812856,-0.03413010345224744,0.04225866345224744
0.00832028,-0.0323324665985897,0.0406527465985897
0.00847198,-0.034107100586539776,0.04257908058653978
0.00866277,-0.03231270804386984,0.04097547804386984
0.0089344,-0.03103036423870537,0.03996476423870537
0.0092344,-0.03246284502757471,0.041697245027574714
0.00947089,-0.03426635626898037,0.04373724626898037
0.0097295,-0.03246584817948654,0.042195348179486544
0.00993734,-0.034240187417454875,0.04417752741745487
0.0100527,-0.035057121001455034,0.04510982100145503
0.0101532,-0.034065147152076175,0.044218347152076176
0.0102627,-0.033116336654918116,0.043379036654918116
0.010349,-0.033969602811842026,0.04431860281184202
0.0104819,-0.03216720461232544,0.04264910461232544
0.0105264,-0.035690901481418305,0.0462173014814183
0.0104673,-0.035548988640560525,0.046016288640560524
0.0104284,-0.033627839177422465,0.04405623917742246
0.0104084,-0.03355314169953306,0.043961541699533056
0.0104621,-0.031752402756906675,0.04221450275690668
0.0105295,-0.032669679128396134,0.04319917912839613
0.0105308,-0.034433675321550755,0.044964475321550755
0.0104783,-0.03434231931672144,0.04482061931672143
0.0104758,-0.03162281376318744,0.042098613763187444
0.0104423,-0.03341427941792684,0.04385657941792684
0.0103636,-0.03339106631097345,0.04375466631097345
0.0102524,-0.03335192433787412,0.043604324337874124
0.0101688,-0.03244241658653271,0.04261121658653271
0.0100455,-0.03420238521699981,0.04424788521699981
0.00995332,-0.032384361146073744,0.042337681146073745
0.00993355,-0.03152399419413524,0.04145754419413524
0.010006,-0.030289948162202134,0.04029594816220213
0.00998468,-0.034377450216642715,0.04436213021664272
0.0100703,-0.02952710223044524,0.039597402230445236
0.0101924,-0.03058636770677376,0.04077876770677376
0.0102902,-0.03207014735959761,0.04236034735959761
0.0102914,-0.03478030954482938,0.04507170954482938
0.0103061,-0.03209336458892836,0.042399464588928355
0.0103002,-0.033014351100048085,0.04331455110004809
0.0103154,-0.03216746638328824,0.04248286638328824
0.0103133,-0.03310487314793606,0.04341817314793606
0.0102343,-0.03486644249753475,0.04510074249753475
0.0101971,-0.03216934206499021,0.04236644206499021
0.0101641,-0.03308008467447189,0.04324418467447189
0.0102159,-0.030916384626886152,0.04113228462688615
0.0102877,-0.03235547152548605,0.04264317152548605
0.0103781,-0.03243166542635967,0.04280976542635967
0.010403,-0.034233989423083644,0.044636989423083646
0.0104901,-0.0311371296901324,0.0416272296901324
0.0105157,-0.03430128929478803,0.04481698929478803
0.0105264,-0.03339370257129963,0.04392010257129963
0.0104948,-0.034252148495385125,0.044746948495385123
0.0104726,-0.033321997939378636,0.043794597939378635
0.0104493,-0.03330478289149419,0.04375408289149419
0.0104578,-0.032423474262531504,0.04288127426253151
0.0104921,-0.03246131768676025,0.042953417686760254
0.0104725,-0.03425368201976564,0.04472618201976564
0.0105221,-0.03114379557433478,0.04166589557433478
0.0106243,-0.03124739916232135,0.04187169916232135
0.0106752,-0.033554438187214965,0.04422963818721497
0.0107741,-0.03268529675505088,0.04345939675505088
0.0108343,-0.03358591666078911,0.04442021666078911
0.0110491,-0.03270211811589678,0.04375121811589678
0.0112443,-0.03447349954810432,0.045717799548104315
0.0114184,-0.035284517520582884,0.046702917520582886
0.011668,-0.03603281146023439,0.04770081146023439
0.0119475,-0.03584184232870973,0.04778934232870973
0.0122,-0.03783523851639254,0.05003523851639254
0.0124592,-0.037528822206706024,0.04998802220670602
0.0126829,-0.0389604620305925,0.0516433620305925
0.0130672,-0.0367982751016193,0.0498654751016193
0.0133462,-0.04041026092678046,0.053756460926780464
0.0136533,-0.039896221081006746,0.053549521081006746
0.013911,-0.041119722071635154,0.05503072207163515
0.0140996,-0.042246697596216076,0.05634629759621608
0.0142852,-0.042861447121064745,0.05714664712106474
0.0144535,-0.04209066561287644,0.056544165612876444
0.0145486,-0.04396451285691727,0.05851311285691727
0.0144775,-0.04788196684497054,0.06235946684497054
0.0143948,-0.04501918188248162,0.05941398188248162
0.0142189,-0.04660652389951837,0.06082542389951837
0.014004,-0.046792257611786986,0.06079625761178699
0.0136983,-0.048218497121322736,0.06191679712132274
0.0133953,-0.046949237741921016,0.060344537741921014
0.0131081,-0.04656389851754395,0.05967199851754395
0.0127815,-0.04751212775949327,0.06029362775949327
0.01238,-0.04792358224449005,0.060303582244490055
0.0120236,-0.04655674619281227,0.05858034619281227
0.0117574,-0.04523379284820583,0.05699119284820583
0.0115027,-0.047039476582483884,0.05854217658248388
0.0111907,-0.04654693493467889,0.057737634934678886
0.010861,-0.046935262882647,0.057796262882647005
0.0105153,-0.04684597218887854,0.057361272188878536
0.010161,-0.04719282902053498,0.057353829020534985
0.00983628,-0.045742617886610326,0.05557889788661033
0.00945685,-0.04611249819586127,0.055569348195861276
0.0089598,-0.046025701540399824,0.05498550154039983
0.00853728,-0.04331128093934798,0.05184856093934798
0.00818567,-0.04335780196793418,0.05154347196793418
0.00786394,-0.04386489560784456,0.05172883560784456
0.00757716,-0.04259297729504115,0.05017013729504115
0.00739391,-0.03963508908669634,0.047028999086696346
0.00734937,-0.038615171702335506,0.04596454170233551
0.00725597,-0.04247551015196947,0.04973148015196947
0.00726469,-0.038292987299220344,0.04555767729922034
0.00722724,-0.038226946813801566,0.04545418681380157
0.00709173,-0.037363700381272236,0.04445543038127223
0.00697459,-0.03742289772026186,0.04439748772026186
0.00689264,-0.03662863927296869,0.043521279272968685
0.00688168,-0.03501297240104352,0.04189465240104352
0.00701576,-0.03265453969751595,0.039670299697515954
0.00714772,-0.03306089090606319,0.04020861090606319
0.00741997,-0.0317688840216198,0.0391888540216198
0.00766928,-0.03316248646342242,0.040831766463422424
0.00786877,-0.03366462521185658,0.041533395211856575
0.00814235,-0.030641401444622744,0.03878375144462275
0.00839152,-0.029548085131243094,0.037939605131243094
0.00884482,-0.02638799431304865,0.03523281431304865
0.00937755,-0.026508759358013893,0.035886309358013894
0.00994542,-0.02666549214550591,0.03661091214550591
0.0104993,-0.02772259337371677,0.03822189337371677
0.0111191,-0.023942414551983437,0.03506151455198343
0.0117896,-0.024358960173028424,0.03614856017302842
0.012415,-0.026094810834710092,0.03850981083471009
0.0130233,-0.025156805088630853,0.03818010508863085
0.0137319,-0.023833006656664185,0.03756490665666418
0.01448,-0.02614182654858033,0.040621826548580334
0.0152942,-0.021796778968138603,0.03709097896813861
0.0161333,-0.02249376992145823,0.03862706992145823
0.0168986,-0.024529647207907616,0.041428247207907616
0.0176912,-0.023005975309303643,0.04069717530930364
0.0184491,-0.02373108087626597,0.042180180876265974
0.0192181,-0.021854244908634097,0.041072344908634095
0.0199315,-0.023566227005361037,0.04349772700536104
0.0206958,-0.020459129348218932,0.04115492934821893
0.0213449,-0.024480116843843533,0.04582501684384353
0.0219849,-0.023983246699803226,0.04596814669980323
0.0226446,-0.022174986479670818,0.04481958647967082
0.0232051,-0.024867888270867104,0.048072988270867104
0.0237091,-0.024817677714537467,0.048526777714537464
0.0241279,-0.024756419186864366,0.04888431918686437
0.0245675,-0.025581451181201927,0.050148951181201926
0.024971,-0.024196909518733028,0.049167909518733025
0.0253298,-0.025062217139945837,0.05039201713994584
0.025629,-0.02590493413318768,0.05153393413318768
0.025858,-0.02670077969576713,0.052558779695767124
0.026128,-0.028759062103205973,0.05488706210320597
0.0264324,-0.027209439839076952,0.05364183983907696
0.0267319,-0.02702904460549856,0.05376094460549856
0.0269306,-0.02949189712773136,0.056422497127731355
0.0270996,-0.02832670716495867,0.05542630716495867
0.0272535,-0.03200038436741646,0.05925388436741646
0.0274634,-0.031116056097032472,0.05857945609703247
0.0276918,-0.029796808769678933,0.05748860876967893
0.0278919,-0.031155492820113546,0.05904739282011355
0.027979,-0.0324619092479124,0.0604409092479124
0.0279744,-0.03585097339457756,0.06382537339457756
0.0279085,-0.03422776051088216,0.062136260510882155
0.0278024,-0.034373290737879446,0.062175690737879444
0.027618,-0.03626871450505897,0.06388671450505896
0.0272706,-0.037167660725586214,0.06443826072558621
0.0269258,-0.0371104215158459,0.0640362215158459
0.0265505,-0.03699742715221739,0.0635479271522174
0.0261471,-0.03776824988417936,0.06391534988417935
0.0256558,-0.03977990820359782,0.06543570820359781
0.0251663,-0.038607359797225106,0.0637736597972251
0.0246085,-0.04004538930603038,0.06465388930603039
0.024131,-0.040544877159698706,0.0646758771596987
0.0236547,-0.040100732222181884,0.06375543222218188
0.0231793,-0.040881881509448104,0.0640611815094481
0.0226814,-0.04133130308999464,0.06401270308999464
0.0221253,-0.041665813401437025,0.06379111340143703
0.0214996,-0.041041891586946856,0.06254149158694686
0.0209261,-0.040451196134034424,0.06137729613403442
0.0204205,-0.03985048330412027,0.06027098330412027
0.0198616,-0.040166813931374334,0.060028413931374335
0.0193329,-0.04132130632487975,0.06065420632487975
0.0188614,-0.04283801140573355,0.061699411405733554
0.0183852,-0.04204406213674291,0.060429262136742906
0.0179097,-0.04214596730525429,0.06005566730525429
0.0174967,-0.04048471106202785,0.05798141106202785
0.0172833,-0.037582454336250244,0.054865754336250246
0.0169181,-0.040952106207894357,0.057870206207894355
0.0166057,-0.03937148366596576,0.05597718366596576
0.0162463,-0.04175730956709681,0.05800360956709681
0.0158941,-0.037036156887580024,0.052930256887580025
0.0156428,-0.03734560314463126,0.05298840314463126
0.0154778,-0.0385547376501358,0.0540325376501358
0.0153412,-0.037949387145683806,0.053290587145683806
0.0152727,-0.036488334159284035,0.051761034159284035
0.0153192,-0.038171026764818684,0.05349022676481868
0.0154481,-0.03628314282584334,0.05173124282584334
0.0154845,-0.03710514487281619,0.052589644872816185
0.0155362,-0.03659221806893155,0.05212841806893155
0.0156057,-0.036105056123590454,0.051710756123590454
0.0158081,-0.032589645233005185,0.048397745233005184
0.0159204,-0.032336659056371904,0.048257059056371905
0.0161641,-0.03301438531578023,0.04917848531578023
0.0164392,-0.032807104761489965,0.049246304761489966
0.0167693,-0.03173540619502268,0.04850470619502268
0.0170424,-0.031610048821670636,0.048652448821670635
0.0174083,-0.031515174367758615,0.04892347436775862
0.0178855,-0.030581688808462255,0.04846718880846225
0.0183405,-0.03144676557654252,0.04978726557654252
0.0188332,-0.029676208619808367,0.04850940861980837
0.0193906,-0.027561099240365913,0.046951699240365914
0.0201736,-0.026927448615289704,0.0471010486152897
0.0209517,-0.027215726464561576,0.048167426464561576
0.0216849,-0.02929511544411928,0.05098001544411928
0.0224594,-0.026886843198225097,0.0493462431982251
0.023395,-0.028114487178107307,0.051509487178107306
0.0244881,-0.02668849501121357,0.05117659501121357
0.025598,-0.027097805859979538,0.05269580585997954
0.0267153,-0.026502142942339914,0.05321744294233992
0.0277856,-0.027979499931226035,0.05576509993122604
0.0288503,-0.027046915111384354,0.05589721511138435
0.0297614,-0.029681711993593266,0.05944311199359327
0.0308586,-0.02782800256299007,0.05868660256299007
0.032009,-0.02650028787252478,0.05850928787252478
0.0330427,-0.03006760773891487,0.06311030773891488
0.0340958,-0.027356856053719625,0.06145265605371963
0.0349416,-0.02956737785732049,0.06450897785732049
0.0357994,-0.027338058012926266,0.06313745801292626
0.0366603,-0.027819572301274624,0.06447987230127462
0.0374768,-0.029180513353317648,0.06665731335331765
0.038289,-0.028726866335969974,0.06701586633596997
0.0392252,-0.02698108074483392,0.06620628074483392
0.0401639,-0.031445654595842115,0.07160955459584212
0.0410104,-0.03160350454760058,0.07261390454760058
0.0418345,-0.030278405505574632,0.07211290550557463
0.0426214,-0.03062408745968149,0.07324548745968149
0.0434537,-0.03182213895363494,0.07527583895363493
0.0443777,-0.032002175540382406,0.0763798755403824
0.0451495,-0.035374941868127265,0.08052444186812727
0.0457759,-0.03626145912089311,0.0820373591208931
0.0463205,-0.03228943516244464,0.07860993516244463
0.0468151,-0.0363530171222134,0.08316811712221339
0.0471989,-0.0371790797108927,0.0843779797108927
0.0476278,-0.033954442769075006,0.081582242769075
0.0480517,-0.03525580516222197,0.08330750516222198
0.0485722,-0.035209057402880585,0.08378125740288059
0.0490133,-0.036888019256898136,0.08590131925689815
0.0495083,-0.03669496832480316,0.08620326832480316
0.0498726,-0.039562164231074726,0.08943476423107473
0.0501368,-0.040328411124159365,0.09046521112415937
0.0504763,-0.03676265776116872,0.08723895776116872
0.0509448,-0.038464849211649124,0.08940964921164912
0.0513522,-0.039000675821807246,0.09035287582180725
0.0517463,-0.03858553180906703,0.09033183180906704
0.0521088,-0.039044620364539095,0.09115342036453909
0.0524699,-0.03945797114312469,0.09192787114312469
0.0527249,-0.038094061979377446,0.09081896197937744
0.0529487,-0.04070614456229438,0.09365484456229438
0.0531422,-0.04013517468508288,0.09327737468508288
0.053306,-0.040659870876350195,0.0939658708763502
0.0534783,-0.03890734519821916,0.09238564519821915
0.0536398,-0.04012138533279038,0.09376118533279038
0.053918,-0.038638236403703674,0.09255623640370367
0.0542218,-0.03889934778612725,0.09312114778612725
0.0545967,-0.03751482673554518,0.09211152673554518
0.0549972,-0.0379042265016287,0.0929014265016287
0.0554738,-0.03914605145965327,0.09461985145965326
0.055856,-0.03986703464924864,0.09572303464924864
0.056214,-0.03922938531812647,0.09544338531812646
0.0565383,-0.039477263869202084,0.09601556386920208
0.0567134,-0.03884134593657405,0.09555474593657404
0.056843,-0.0399794106562721,0.09682241065627209
0.0571442,-0.03755905984469272,0.09470325984469272
0.0574348,-0.03874692288298371,0.09618172288298371
0.0577464,-0.038142623584760296,0.0958890235847603
0.0581739,-0.034938790220324985,0.09311269022032498
0.0587321,-0.034527710871668595,0.0932598108716686
0.0593311,-0.035056842740982766,0.09438794274098276
0.0598674,-0.037313757779471456,0.09718115777947145
0.060438,-0.03508455954520956,0.09552255954520955
0.060984,-0.035572341908344386,0.09655634190834439
0.0618397,-0.03431675233229152,0.09615645233229152
0.0626135,-0.034875254079156634,0.09748875407915664
0.0634281,-0.03368173307792948,0.09710983307792947
0.0642576,-0.03335375055104769,0.0976113505510477
0.0650537,-0.034942156141445115,0.09999585614144513
0.0658085,-0.03463812050468802,0.10044662050468803
0.066568,-0.03347959024255166,0.10004759024255166
0.0673158,-0.03325816189525684,0.10057396189525683
0.0680503,-0.033063517412844516,0.1011138174128445
0.0687783,-0.03291315312537401,0.101691453125374
0.0691528,-0.03363746492857433,0.10279026492857432
0.0696916,-0.030844016292209078,0.10053561629220908
0.070282,-0.030821590559332788,0.10110359055933278
0.0708937,-0.030835750925588313,0.10172945092558831
0.0713628,-0.03262074857023894,0.10398354857023895
0.0718359,-0.030819962220272838,0.10265586222027283
0.0721978,-0.030860814979979462,0.10305861497997947
0.0726423,-0.02873102993711061,0.10137332993711062
0.0731335,-0.028137757998343824,0.10127125799834383
0.0736488,-0.029189561971638137,0.10283836197163813
0.0738916,-0.03157795405268013,0.10546955405268013
0.0740095,-0.029488661061498292,0.1034981610614983
0.0740023,-0.03187190635439763,0.10587420635439762
0.0738999,-0.03173816200429249,0.10563806200429249
0.07378,-0.031171265035919552,0.10495126503591955
0.0738376,-0.028233129198728564,0.10207072919872856
0.0739531,-0.030279992620860913,0.1042330926208609
0.0740506,-0.029626616420083778,0.10367721642008378
0.0741447,-0.029316098344917132,0.10346079834491713
0.0742824,-0.028400745062469365,0.10268314506246937
0.0746943,-0.027868360637412656,0.10256266063741266
0.0750922,-0.030001340522740907,0.1050935405227409
0.075432,-0.02981144320933166,0.10524344320933166
0.075772,-0.028677665762095246,0.10444966576209525
0.0761373,-0.026130654905915856,0.10226795490591586
0.0766737,-0.029687586381341193,0.1063612863813412
0.0772233,-0.027866649850805364,0.10508994985080536
0.0777726,-0.027517937949333788,0.10529053794933378
0.0783063,-0.027895980565771323,0.10620228056577131
0.0787677,-0.029232228577386228,0.10799992857738622
0.0789093,-0.030507424180196377,0.10941672418019638
0.0790137,-0.029956262326233142,0.10896996232623316
0.0790478,-0.030301717549584817,0.10934951754958482
0.0791302,-0.02801198426487772,0.10714218426487772
0.0791555,-0.030208757939959755,0.10936425793995976
0.0793391,-0.0296955219577726,0.1090346219577726
0.0795057,-0.030939696670896338,0.11044539667089634
0.0795801,-0.031247374428057147,0.11082747442805715
0.0796493,-0.029780030693795385,0.10942933069379539
0.0796714,-0.030131133574139803,0.1098025335741398
0.0798542,-0.028298901729618492,0.10815310172961849
0.0798048,-0.03179915876100279,0.11160395876100279
0.0797542,-0.029894941962899536,0.10964914196289953
0.0796929,-0.02985134782224388,0.10954424782224388
0.079571,-0.029736292269931887,0.10930729226993188
0.0793112,-0.029231651444554852,0.10854285144455485
0.0789282,-0.03137996657368821,0.11030816657368822
0.0785467,-0.02992742629655122,0.10847412629655122
0.0781778,-0.02940433783245702,0.10758213783245703
0.0777805,-0.029796643874584253,0.10757714387458425
0.0774108,-0.03192142641251829,0.1093322264125183
0.0770322,-0.030437034586655448,0.10746923458665544
0.0766249,-0.030752520126549287,0.10737742012654929
0.0760727,-0.03368330370370629,0.10975600370370628
0.0754464,-0.03208651732012183,0.10753291732012182
0.0751669,-0.031404397843153534,0.10657129784315353
0.0748174,-0.030776677257919702,0.10559407725791971
0.0745515,-0.02974925714675099,0.104300757146751
0.0743495,-0.029655122659576344,0.10400462265957634
0.0741011,-0.031802736984557316,0.10590383698455733
0.0740217,-0.032003570965121124,0.10602527096512113
0.073935,-0.03215715219511609,0.10609215219511609
0.0738192,-0.032434571702403374,0.10625377170240338
0.0736603,-0.03259598751058426,0.10625628751058426
0.0734657,-0.03275413839589051,0.1062198383958905
0.0729153,-0.032898208682943283,0.10581350868294329
0.072537,-0.03302560312907121,0.10556260312907122
0.0722727,-0.030082675028191126,0.10235537502819111
0.0719872,-0.030353906847050596,0.1023411068470506
0.071781,-0.02583407046624955,0.09761507046624955
0.0691647,-0.01982127389822842,0.08898597389822842
0.0664724,-0.013743323155922409,0.0802157231559224
0.0619548,-0.009441807880475831,0.07139660788047583
0.0555574,-0.007281063783581072,0.06283846378358107
0.0475438,0.0005914402741121899,0.04695235972588781
0.0384318,0.005622801850493103,0.0328089981495069
0.0278311,0.009663762264460647,0.018167337735539354
0.016696,0.013028240552509222,0.0036677594474907767
0.0055006,0.015151264896496257,-0.009650664896496257
-0.00536409,0.016178149098607264,-0.021542239098607266
-0.0125334,0.014312773340055547,-0.026846173340055547
-0.0192852,0.017649837818613796,-0.03693503781861379
-0.0241461,0.01569912884856591,-0.03984522884856591
-0.0270515,0.018846563968243774,-0.04589806396824377
-0.028578,0.010441448754738611,-0.03901944875473861
-0.0282369,0.012456672930579504,-0.0406935729305795
-0.0264012,0.006851270305848707,-0.03325247030584871
-0.0235371,0.008441889612892196,-0.031978989612892195
-0.0200896,0.0025553408517343668,-0.022644940851734366
-0.0163488,-0.0012524991221313023,-0.015096300877868698
-0.0117674,-0.0027151186119305226,-0.009052281388069478
-0.00688251,-0.005383533481567032,-0.0014989765184329675
-0.00226401,-0.012693291804895888,0.010429281804895888
0.00231848,-0.01086217300226366,0.01318065300226366
0.00681255,-0.013839168429704344,0.020651718429704344
0.0114459,-0.017535910333530302,0.028981810333530304
0.0165617,-0.02224815867793445,0.03880985867793445
0.0213418,-0.025359584831311864,0.046701384831311865
0.0257812,-0.02819975855394298,0.053980958553942984
0.0298831,-0.03169444419231583,0.06157754419231583
0.0341349,-0.03310669214694923,0.06724159214694923
0.0389374,-0.03550469369575249,0.07444209369575248
0.0435209,-0.04084760394164179,0.08436850394164179
0.0475669,-0.0472482956080075,0.0948151956080075
0.0511382,-0.050869062096960294,0.10200726209696029
0.0544444,-0.05552833789219894,0.10997273789219894
0.0578362,-0.058869318629255804,0.1167055186292558
0.0608819,-0.0630630131246694,0.1239449131246694
0.0636093,-0.06068543197827228,0.12429473197827227
0.0658125,-0.06425767808561589,0.13007017808561588
0.0648749,-0.06263655318605688,0.1275114531860569
0.0629821,-0.061880303058087116,0.12486240305808712
0.0595712,-0.06317493567018251,0.1227461356701825
0.0550057,-0.06132831672865049,0.11633401672865049
0.0495956,-0.061211859568033725,0.11080745956803373
0.043209,-0.05930608451128576,0.10251508451128576
0.0355871,-0.058181087727840974,0.09376818772784098
0.0280452,-0.056312001829659,0.084357201829659
0.0207785,-0.05664055530580612,0.07741905530580612
0.0140733,-0.05476384300949526,0.06883714300949526
0.00889611,-0.050674774451655226,0.059570884451655225
0.00518249,-0.05034024352832601,0.055522733528326006
0.00231362,-0.05132848044262171,0.053642100442621715
0.000558401,-0.0478796377017582,0.0484380387017582
-5.97661e-05,-0.04718773788448678,0.047127971784486786
0.000298642,-0.04656550624471707,0.046864148244717074
0.0015875,-0.045090045549419755,0.046677545549419754
0.00401548,-0.04456903888589587,0.04858451888589587
0.00735009,-0.04452093074202339,0.05187102074202339
0.0114275,-0.044043600666702494,0.055471100666702494
0.0157248,-0.043589788754260145,0.05931458875426014
0.0206557,-0.04355689218287176,0.06421259218287176
0.025928,-0.043608339452411486,0.06953633945241149
0.0312855,-0.04537655077642383,0.07666205077642382
0.0365736,-0.045733486820742505,0.0823070868207425
0.0408853,-0.046489840008146426,0.08737514000814642
0.0446064,-0.049797986009475416,0.09440438600947541
0.0478824,-0.05041042700299859,0.09829282700299859
0.0508975,-0.048094990695408464,0.09899249069540847
0.0535279,-0.05041166371620868,0.10393956371620869
0.0556847,-0.04950039158735421,0.1051850915873542
0.0571004,-0.05167119428502436,0.10877159428502436
0.0582401,-0.05234310057206601,0.11058320057206601
0.0591554,-0.05265139256345449,0.1118067925634545
0.0599832,-0.0515267461820859,0.1115099461820859
0.0602421,-0.058255290520446354,0.11849739052044636
0.0602571,-0.056814931868428745,0.11707203186842874
0.060149,-0.05664880006054005,0.11679780006054005
0.0599778,-0.05688975301763916,0.11686755301763915
0.0597034,-0.05842843036985888,0.11813183036985889
0.0596413,-0.052850771344807757,0.11249207134480776
0.0597332,-0.05671372750406975,0.11644692750406975
0.0599655,-0.05602487824604988,0.11599037824604988
0.0603951,-0.05532881482763782,0.11572391482763783
0.0610434,-0.054223811574422826,0.11526721157442282
0.0614239,-0.05535148790315613,0.11677538790315613
0.0619465,-0.05509177812903733,0.11703827812903733
0.0628072,-0.05046970678953555,0.11327690678953554
0.0638208,-0.05132709944620378,0.11514789944620378
0.065005,-0.04999886945856763,0.11500386945856762
0.0665421,-0.046121855992484286,0.1126639559924843
0.0685786,-0.04334149796544783,0.11192009796544783
0.0708853,-0.042524855009052044,0.11341015500905205
0.0734937,-0.040877181999249765,0.11437088199924976
0.0765066,-0.03720527741905977,0.11371187741905976
0.0796531,-0.03901374375806053,0.11866684375806053
0.0829908,-0.03469458470748334,0.11768538470748335
0.0864772,-0.03320641121874291,0.11968361121874291
0.0901142,-0.031914406003862354,0.12202860600386237
0.0938278,-0.031169822203841114,0.12499762220384111
0.0976326,-0.029676909423960753,0.12730950942396074
0.101769,-0.025240798527482768,0.12700979852748276
0.105857,-0.027265792737683366,0.13312279273768338
0.110022,-0.02400258064965429,0.13402458064965428
0.114164,-0.024007816068910337,0.13817181606891032
0.118104,-0.024093046220972344,0.14219704622097235
0.121816,-0.024278738709467285,0.14609473870946726
0.125416,-0.02270807170887991,0.14812407170887992
0.128797,-0.023901046495105945,0.15269804649510593
0.131992,-0.023334734904319112,0.1553267349043191
0.135143,-0.019817213356521958,0.15496021335652196
0.137941,-0.024361722165864293,0.1623027221658643
0.140555,-0.022637434772696963,0.163192434772697
0.142932,-0.02317169487945564,0.16610369487945564
0.144984,-0.024621143373567408,0.1696051433735674
0.146661,-0.023365797017779192,0.1700267970177792
0.148383,-0.021001448702730026,0.16938444870273
0.14983,-0.0230348319508724,0.17286483195087238
0.150929,-0.024643445435122688,0.17557244543512268
0.151759,-0.02440546058972779,0.1761644605897278
0.152607,-0.022890383847933942,0.17549738384793392
0.153307,-0.023656197891395052,0.17696319789139506
0.153648,-0.02748774153512077,0.18113574153512077
0.153726,-0.027181572568076268,0.18090757256807627
0.153639,-0.02774091734111293,0.18137991734111292
0.153138,-0.0282791967658044,0.1814171967658044
0.152485,-0.027486628493231687,0.1799716284932317
0.151633,-0.02934681005630102,0.180979810056301
0.150554,-0.030685098644712572,0.18123909864471258
0.149345,-0.030187136070670025,0.17953213607067003
0.147921,-0.03144248036526955,0.17936348036526956
0.146365,-0.029580342734139595,0.1759453427341396
0.144686,-0.031294241736342175,0.1759802417363422
0.142883,-0.03162393298864257,0.1745069329886426
0.140851,-0.03278533448661502,0.17363633448661503
0.138819,-0.033874307875438575,0.17269330787543857
0.13675,-0.030080943629697002,0.16683094362969703
0.134632,-0.03258566920003475,0.16721766920003475
0.132423,-0.03367220832502311,0.1660952083250231
0.130213,-0.03293087089717835,0.16314387089717836
0.128062,-0.031767678226239965,0.15982967822623997
0.125956,-0.03329128622799475,0.15924728622799478
0.123955,-0.03211231103530693,0.1560673110353069
0.121989,-0.0336009550934238,0.1555899550934238
0.120161,-0.03239545652475693,0.15255645652475694
0.118345,-0.034733938983017076,0.15307893898301708
0.116556,-0.03474062341791761,0.1512966234179176
0.114714,-0.03474235481641173,0.14945635481641173
0.112832,-0.03472502640314969,0.1475570264031497
0.11088,-0.03557646428571135,0.14645646428571135
0.108942,-0.033742354698299386,0.14268435469829938
0.107129,-0.03374087270363596,0.14086987270363596
0.105364,-0.03391507612640918,0.13927907612640916
0.103652,-0.033749401902408216,0.1374014019024082
0.101964,-0.03374766225915935,0.13571166225915934
0.100445,-0.031558527349338304,0.13200352734933832
0.0990706,-0.033852065588355115,0.1329226655883551
0.0977643,-0.03386090396542989,0.13162520396542987
0.0966548,-0.031657670525013816,0.12831247052501382
0.0957415,-0.03088177726889048,0.12662327726889047
0.0946653,-0.034972849302130855,0.12963814930213086
0.093636,-0.03405280063186211,0.1276888006318621
0.092607,-0.03400787496331693,0.12661487496331691
0.0915506,-0.03484449702162171,0.12639509702162172
0.0905509,-0.03388319572104175,0.12443409572104175
0.0893598,-0.03471082069074313,0.12407062069074314
0.0881845,-0.03548754460590591,0.12367204460590592
0.0870663,-0.03359889184355164,0.12066519184355164
0.0859906,-0.033541970056868584,0.11953257005686858
0.0849242,-0.03437881678473986,0.11930301678473987
0.0841221,-0.031239276017719742,0.11536137601771974
0.0833559,-0.034370429807986776,0.11772632980798678
0.0826381,-0.03343931461567642,0.11607741461567642
0.0819703,-0.033398523691630294,0.11536882369163029
0.0813018,-0.034238977499697676,0.11554077749969767
0.0807211,-0.033291156373107686,0.11401225637310769
0.0800351,-0.035000149746243575,0.11503524974624357
0.079438,-0.03313406782444891,0.1125720678244489
0.078916,-0.03309598427173854,0.11201198427173854
0.0783653,-0.034824495246637194,0.11318979524663719
0.0781049,-0.031653847020005954,0.10975874702000596
0.077724,-0.03146089502496779,0.10918489502496778
0.0773273,-0.033075378362350895,0.1104026783623509
0.0769763,-0.03178380496649953,0.10876010496649953
0.0766387,-0.031836247790173376,0.10847494779017339
0.0761727,-0.034096157735819164,0.11026885773581915
0.0756017,-0.03317525037434489,0.10877695037434489
0.0749931,-0.03318017311127765,0.10817327311127764
0.0744865,-0.030968182298502067,0.10545468229850206
0.0739458,-0.03412986641554884,0.10807566641554885
0.0733458,-0.03321840218390907,0.10656420218390908
0.0726288,-0.033233675592053674,0.10586247559205367
0.0720176,-0.031885019636801945,0.10390261963680195
0.0714135,-0.033251424487807144,0.10466492448780715
0.0707938,-0.03325465024809679,0.1040484502480968
0.0701521,-0.03193579908120822,0.10208789908120822
0.0693829,-0.031997739862335554,0.10138063986233556
0.0685868,-0.03337797364045597,0.10196477364045597
0.0678369,-0.03206706794370449,0.09990396794370449
0.0669208,-0.03517970607602779,0.1021005060760278
0.0660212,-0.03333509885465085,0.09935629885465086
0.0650995,-0.033304440734172734,0.09840394073417275
0.0642579,-0.03198124416930164,0.09623914416930165
0.0634771,-0.032036679838943906,0.09551377983894391
0.0626951,-0.03341344669769871,0.09610854669769872
0.0620843,-0.03122128184051294,0.09330558184051294
0.0615656,-0.03220262613985109,0.09376822613985109
0.0609719,-0.03358662777088491,0.09455852777088491
0.0603283,-0.03357734005467714,0.09390564005467714
0.0597143,-0.03355684977797464,0.09327114977797464
0.0589939,-0.034403344930073305,0.09339724493007331
0.0584644,-0.03215063471649892,0.09061503471649893
0.0580106,-0.032189310860955785,0.09019991086095579
0.0575026,-0.034432463342604865,0.09193506334260487
0.0569521,-0.03349667131317168,0.09044877131317168
0.0564858,-0.03520747028759431,0.0916932702875943
0.0559461,-0.034213179662135204,0.0901592796621352
0.0553525,-0.035000034319677305,0.0903525343196773
0.0549137,-0.0318169653700394,0.0867306653700394
0.0544365,-0.034034105650502924,0.08847060565050292
0.0540114,-0.033109347370211296,0.0871207473702113
0.0537921,-0.03177301876611887,0.08556511876611887
0.0535424,-0.03314128012977128,0.08668368012977128
0.0533593,-0.03183209655616484,0.08519139655616484
0.0530883,-0.034075257282568654,0.08716355728256865
0.0529567,-0.03184249319188433,0.08479919319188434
0.0528591,-0.03189669008712782,0.08475579008712782
0.0527048,-0.03415130071666837,0.08685610071666838
0.0525493,-0.033230129110804876,0.08577942911080488
0.052393,-0.03320990142954065,0.08560290142954066
0.0522111,-0.03319980984974632,0.08541090984974632
0.0521761,-0.03406184512780523,0.08623794512780524
0.0521058,-0.03400471309987647,0.08611051309987647
0.0520096,-0.0339375595725686,0.0859471595725686
0.0520739,-0.031690121879646566,0.08376402187964657
0.052114,-0.03305576464735982,0.08516976464735981
0.0520763,-0.03393533554997912,0.08601163554997912
0.0520063,-0.03388411913357195,0.08589041913357195
0.0520434,-0.03163989483380746,0.08368329483380746
0.0521531,-0.03169710724809489,0.08385020724809489
0.052292,-0.03308849782832127,0.08538049782832127
0.05236,-0.03091347835084244,0.08327347835084244
0.0523573,-0.03321637314976905,0.08557367314976905
0.0522314,-0.03410959668603547,0.08634099668603547
0.0520237,-0.03405611090088778,0.08607981090088779
0.0517646,-0.03311971617988355,0.08488431617988355
0.0517322,-0.030924567545959576,0.08265676754595958
0.0518175,-0.031039992051045916,0.08285749205104592
0.0518052,-0.03423405331993283,0.08603925331993284
0.0517719,-0.03332662736916174,0.08509852736916174
0.0517164,-0.03330703164834787,0.08502343164834787
0.0516476,-0.031988400616410693,0.08363600061641069
0.0514885,-0.03423187670468308,0.08572037670468308
0.0513974,-0.032000778054455004,0.08339817805445501
0.0512763,-0.033360490638042674,0.08463679063804266
0.0510951,-0.032050221848594386,0.08314532184859438
0.0507179,-0.032109013133413356,0.08282691313341337
0.0501743,-0.0352350489921793,0.08540934899217931
0.0495416,-0.034259238984456306,0.08380083898445631
0.0489754,-0.031996082666634035,0.08097148266663404
0.0483854,-0.03335090817185316,0.08173630817185316
0.0476732,-0.03334905104084935,0.08102225104084934
0.0468644,-0.03507759891102544,0.08194199891102544
0.0460432,-0.03409347612934196,0.08013667612934196
0.0454503,-0.03183070319261481,0.0772810031926148
0.044978,-0.031878897906412,0.076856897906412
0.0446618,-0.03413540482954136,0.07879720482954136
0.0443779,-0.033215446233218086,0.07759334623321809
0.044126,-0.033192577757012585,0.07731857775701259
0.0440119,-0.030996585478560455,0.07500848547856045
0.0438803,-0.0332910801091264,0.0771713801091264
0.0435788,-0.03332090138699902,0.07689970138699903
0.0433383,-0.03191854899311615,0.07525684899311616
0.0430155,-0.03421728761118139,0.07723278761118138
0.0426347,-0.03416677199892659,0.07680147199892659
0.0423,-0.03409555380753491,0.0763955538075349
0.0418121,-0.03489662448342699,0.07670872448342698
0.0413906,-0.033034023497080976,0.07442462349708098
0.0410876,-0.03170016605210118,0.07278776605210119
0.040793,-0.03307226660640733,0.07386526660640733
0.0405404,-0.030894618474388576,0.07143501847438857
0.0403506,-0.034064403062961435,0.07441500306296144
0.0402697,-0.030977519483238243,0.07124721948323824
0.04027,-0.031078847518918245,0.07134884751891825
0.0400623,-0.03208677702989595,0.07214907702989595
0.0396838,-0.033479489244306174,0.07316328924430618
0.0393527,-0.03347858026009676,0.07283128026009675
0.0391153,-0.0312803864260118,0.0703956864260118
0.0387458,-0.034439430160355035,0.07318523016035502
0.0382415,-0.03352276183952721,0.07176426183952721
0.0377161,-0.033491707970821856,0.07120780797082185
0.0371439,-0.033470535440665125,0.07061443544066512
0.0365774,-0.033448808450752536,0.07002620845075254
0.0360191,-0.033429416787618335,0.06944851678761833
0.0355411,-0.03122384595923519,0.06676494595923518
0.035151,-0.032196677549310555,0.06734767754931056
0.0348505,-0.032269282920686225,0.06711978292068622
0.0344899,-0.03364088856297759,0.06813078856297758
0.0341041,-0.03362759389596913,0.06773169389596913
0.0338459,-0.03447242360761154,0.06831832360761153
0.0337692,-0.03352295353007477,0.06729215353007477
0.0337242,-0.03348619429109354,0.06721039429109354
0.0336552,-0.03345716863205274,0.06711236863205275
0.0335669,-0.03342855521074864,0.06699545521074864
0.0335759,-0.034278123595174376,0.06785402359517437
0.0336028,-0.03332983457875324,0.06693263457875324
0.0338695,-0.03198955282088476,0.06585905282088475
0.0341519,-0.03334749484339332,0.06749939484339332
0.0345236,-0.032028987482777146,0.06655258748277715
0.0348771,-0.033389345218422746,0.06826644521842275
0.0352958,-0.0333801791123473,0.0686759791123473
0.0355916,-0.03205152864221971,0.06764312864221972
0.0358464,-0.03340882551267034,0.06925522551267034
0.0360645,-0.03340077450967266,0.06946527450967266
0.0363864,-0.031199066348882365,0.06758546634888236
0.0366538,-0.033481507148027306,0.0701353071480273
0.0366501,-0.03435045276726646,0.07100055276726647
0.0366952,-0.03209527737202663,0.06879047737202662
0.0366044,-0.03518722941472251,0.0717916294147225
0.0365191,-0.03333715592095697,0.06985625592095697
0.0365515,-0.03330039049840969,0.06985189049840969
0.0365175,-0.033280240317839965,0.06979774031783997
0.0365779,-0.031952084532996416,0.06852998453299641
0.0366417,-0.03331406442413591,0.06995576442413591
0.0366027,-0.03418284308709171,0.07078554308709172
0.0364824,-0.03411856285680862,0.07060096285680861
0.0364815,-0.033169550981516194,0.0696510509815162
0.0363789,-0.034889086716411485,0.07126798671641149
0.0363261,-0.03303414572556991,0.06936024572556991
0.0363155,-0.03300492549031739,0.06932042549031739
0.0361862,-0.03386735754719787,0.07005355754719787
0.0362265,-0.031629755846673414,0.06785625584667342
0.0362913,-0.03299588161273087,0.06928718161273087
0.0364326,-0.031692380942443664,0.06812498094244367
0.0364953,-0.033941939598521,0.070437239598521
0.0365084,-0.03302820826544827,0.06953660826544827
0.0363921,-0.0330141041696438,0.0694062041696438
0.0362638,-0.033011256019120964,0.06927505601912096
0.0361325,-0.03300903158429375,0.06914153158429376
0.0360908,-0.030823239510279574,0.06691403951027958
0.0361785,-0.03181492479324275,0.06799342479324275
0.0361247,-0.033217456922778825,0.06934215692277883
0.0360324,-0.03322762229312802,0.06926002229312803
0.035898,-0.033256212629118875,0.06915421262911887
0.0357239,-0.03320055476333653,0.06892445476333653
0.0356878,-0.03190665799560114,0.06759445799560114
0.035731,-0.034155987859734616,0.06988698785973461
0.0357797,-0.03324132425102034,0.06902102425102033
0.0359619,-0.0310432260560903,0.0670051260560903
0.036015,-0.03421273856775694,0.07022773856775694
0.0362042,-0.030248353374569457,0.06645255337456946
0.0361305,-0.03214214880268902,0.06827264880268902
0.0359213,-0.034413889971378,0.070335189971378
0.0356728,-0.03349149979076483,0.06916429979076483
0.035426,-0.0321554043071125,0.0675814043071125
0.0351128,-0.033520381166597786,0.06863318116659778
0.0349072,-0.03358997101892952,0.06849717101892952
0.0347922,-0.03130899984731591,0.06610119984731591
0.0344536,-0.036205580295683895,0.0706591802956839
0.0343019,-0.033443700825194864,0.06774560082519487
0.0341038,-0.0333946424733393,0.0674984424733393
0.0338643,-0.031188737732389435,0.06505303773238943
0.0335848,-0.033473223230708386,0.06705802323070839
0.0332705,-0.03346969653687095,0.06674019653687095
0.0330098,-0.032138007874623904,0.0651478078746239
0.032849,-0.03131270586456881,0.06416170586456882
0.0327749,-0.032296618405006576,0.06507151840500658
0.0326649,-0.033673980947290905,0.0663388809472909
0.0326075,-0.03234987745939908,0.06495737745939908
0.0325866,-0.032393141809865376,0.06497974180986538
0.0324114,-0.03463027355937,0.06704167355936999
0.0321567,-0.03456618089725711,0.06672288089725711
0.032019,-0.031420870863111926,0.06343987086311192
0.0319621,-0.031495797132945196,0.0634578971329452
0.0318295,-0.033787593667524464,0.06561709366752447
0.0317833,-0.033774610240007205,0.0655579102400072
0.0318366,-0.03242619297040502,0.06426279297040502
0.0319579,-0.03158739429685048,0.06354529429685048
0.0319476,-0.03473652165243748,0.06668412165243748
0.0319059,-0.03467039459709399,0.066576294597094
0.0319506,-0.03238983978559444,0.06434043978559445
0.032184,-0.0315373135954079,0.06372131359540789
0.0324985,-0.03163107706861953,0.06412957706861952
0.0327314,-0.0339114793521565,0.0666428793521565
0.0330639,-0.03170683811986961,0.06477073811986961
0.0333368,-0.03484293670178831,0.06817973670178831
0.0333143,-0.03505660776547285,0.06837090776547285
0.033196,-0.03527118162980075,0.06846718162980076
0.0329988,-0.035486472787790505,0.06848527278779051
0.0327455,-0.0357046908337108,0.06845019083371079
0.0324823,-0.03591837426452744,0.06840067426452744
0.0321654,-0.03613315012534632,0.06829855012534632
0.0320571,-0.031449241064151374,0.06350634106415137
0.0320148,-0.03303550693457648,0.06505030693457647
0.0320635,-0.033021818168291736,0.06508531816829174
0.0321555,-0.03300177166551279,0.06515727166551279
0.0326351,-0.028187308974294747,0.06082240897429475
0.0331319,-0.03192162840900928,0.06505352840900927
0.0336199,-0.03202683354060291,0.06564673354060291
0.033967,-0.03340067969499322,0.06736767969499322
0.0342044,-0.03208345233254949,0.0662878523325495
0.034511,-0.03431802408570923,0.06882902408570923
0.0349317,-0.030334675956633705,0.0652663759566337
0.0353802,-0.0313434175759527,0.0667236175759527
0.0356183,-0.033653935887344034,0.06927223588734403
0.0358255,-0.03365041537707265,0.06947591537707265
0.0359892,-0.033622010135825574,0.06961121013582558
0.0362649,-0.030537064073464855,0.06680196407346486
0.0364342,-0.033731558191975305,0.0701657581919753
0.0364702,-0.033735297188247144,0.07020549718824715
0.0363237,-0.03369704152628171,0.07002074152628171
0.0361168,-0.03366703474142757,0.06978383474142758
0.035992,-0.03232250693487111,0.06831450693487112
0.0359318,-0.03236202404431084,0.06829382404431084
0.0357817,-0.03459611966288469,0.0703778196628847
0.0355528,-0.03365562606206449,0.0692084260620645
0.0352097,-0.033611061101538914,0.06882076110153891
0.0348243,-0.03445050698834007,0.06927480698834007
0.03441,-0.03436448533982361,0.06877448533982361
0.0340407,-0.03209195267468017,0.06613265267468017
0.0338247,-0.03430700084862996,0.06813170084862996
0.0335957,-0.032055694304549034,0.06565139430454903
0.0332211,-0.03601574481793515,0.06923684481793516
0.0329021,-0.0332417321602608,0.06614383216026079
0.0327062,-0.03100682752512868,0.06371302752512868
0.0327337,-0.03328769357611944,0.06602139357611944
0.0327721,-0.033286423883890415,0.06605852388389041
0.0328735,-0.03195603789289134,0.06482953789289134
0.0329412,-0.033318277493804956,0.06625947749380495
0.0329951,-0.03331027389814699,0.06630537389814699
0.0330942,-0.03329122851471161,0.0663854285147116
0.0333113,-0.03196391987841697,0.06527521987841697
0.033635,-0.031145423913394733,0.06478042391339472
0.0338952,-0.033442758861966515,0.06733795886196652
0.0341367,-0.03344128511205782,0.06757798511205781
0.0342797,-0.03342052894201516,0.06770022894201516
0.0344414,-0.03208956169580733,0.06653096169580733
0.0345037,-0.0343242550590994,0.06882795505909939
0.0346689,-0.031212783559570943,0.06588168355957094
0.0348463,-0.03348314785421935,0.06832944785421935
0.034929,-0.03217061794078528,0.06709961794078528
0.0348296,-0.03352925664506886,0.06835885664506886
0.0346358,-0.03438898875089285,0.06902478875089285
0.0344164,-0.03344425116257336,0.06786065116257337
0.0342335,-0.031227248981751624,0.06546074898175162
0.0338513,-0.03350897660961207,0.06736027660961208
0.0336941,-0.032195193493458445,0.06588929349345844
0.0336074,-0.03136820543106026,0.06497560543106026
0.0334284,-0.033657464642370155,0.06708586464237015
0.0330875,-0.03452546623719228,0.06761296623719228
0.0328027,-0.032264373169242175,0.06506707316924218
0.0324356,-0.033607322105267075,0.06604292210526708
0.0321331,-0.03228061121369065,0.06441371121369065
0.0317798,-0.033633049862414305,0.0654128498624143
0.0315195,-0.03230507752336358,0.06382457752336358
0.0313426,-0.0323459818127873,0.0636885818127873
0.0310968,-0.03239934804899134,0.06349614804899134
0.030811,-0.033760161307335994,0.06457116130733599
0.0304976,-0.03373669467417455,0.06423429467417455
0.0304281,-0.030644142825571777,0.061072242825571776
0.0302512,-0.03383054883968824,0.06408174883968823
0.0300991,-0.03251403670971768,0.06261313670971767
0.0299657,-0.03254822358522192,0.06251392358522193
0.0297162,-0.034772009138001,0.064488209138001
0.0294149,-0.03469286773731,0.06410776773731
0.0290131,-0.03372069572761335,0.06273379572761335
0.0287828,-0.032358728203605955,0.06114152820360595
0.0285955,-0.03238910600242312,0.060984606002423114
0.0284523,-0.03243153763266129,0.06088383763266129
0.0281811,-0.0355325197429795,0.06371361974297951
0.0280837,-0.03234548094393721,0.060429180943937205
0.027863,-0.032357196740414124,0.06022019674041412
0.0276072,-0.033711049364574655,0.061318249364574653
0.0274013,-0.032372940099578563,0.05977424009957856
0.0271829,-0.03371368356371215,0.06089658356371215
0.0269555,-0.03237630395951001,0.05933180395951001
0.0267039,-0.03458996083109845,0.061293860831098446
0.0267288,-0.028837428496951978,0.055566228496951975
0.0268018,-0.03167649948363743,0.05847829948363743
0.0268154,-0.03398374668858808,0.060799146688588074
0.026754,-0.03264603111063054,0.05940003111063054
0.0264262,-0.03485336837771542,0.06127956837771542
0.0260374,-0.03389253496696661,0.05992993496696661
0.0256185,-0.03383588525718977,0.05945438525718977
0.0251807,-0.034661216123886444,0.059841916123886445
0.0244146,-0.034567640218845015,0.05898224021884502
0.0239513,-0.03140797194433069,0.055359271944330685
0.0234946,-0.03365580950785732,0.057150409507857325
0.0230469,-0.03363253662643212,0.056679436626432114
0.022592,-0.03368404985400972,0.05627604985400972
0.0224389,-0.032231029319909475,0.05466992931990948
0.0224432,-0.03138831026547895,0.05383151026547894
0.0224694,-0.032353290787858924,0.054822690787858924
0.0225715,-0.03153312938238043,0.054104629382380434
0.0227139,-0.031628634560029595,0.05434253456002959
0.022555,-0.03478260570902278,0.05733760570902278
0.0225882,-0.03252664087851718,0.055114840878517174
0.0226747,-0.03167118573921141,0.05434588573921141
0.0226713,-0.03394206326984201,0.05661336326984201
0.0225457,-0.03479151416651279,0.05733721416651279
0.0224609,-0.031638078926577315,0.054098978926577314
0.0225096,-0.031701672781028804,0.0542112727810288
0.0225921,-0.03179793235373612,0.054390032353736115
0.0225624,-0.03407025065525648,0.05663265065525648
0.0224515,-0.03403880928307863,0.05649030928307863
0.0224184,-0.03416299590125846,0.05658139590125846
0.0223308,-0.03478795037127905,0.057118750371279045
0.0222535,-0.03381748708700101,0.056070987087001006
0.0221306,-0.0346288266049142,0.0567594266049142
0.0221571,-0.03147202338266991,0.05362912338266991
0.0221317,-0.03371867370151486,0.055850373701514855
0.0219835,-0.03369157525389311,0.055675075253893105
0.0219199,-0.03233203787134354,0.05425193787134354
0.0219703,-0.03148419264065719,0.053454492640657186
0.0220969,-0.03157427276969143,0.053671172769691425
0.0222727,-0.031669250283037624,0.053941950283037624
0.0223888,-0.031763953658288914,0.054152753658288914
0.0223852,-0.03404044998927069,0.05642564998927069
0.0223747,-0.03269940971396668,0.05507410971396669
0.0223649,-0.032718704501232765,0.055083604501232765
0.0222801,-0.031004698317218644,0.05328479831721865
0.0223085,-0.03287649302956846,0.05518499302956846
0.0223421,-0.03204984258987662,0.05439194258987662
0.0223827,-0.0319686585512003,0.054351358551200296
0.0223633,-0.03309003094046404,0.055453330940464035
0.0227547,-0.030486482503172194,0.053241182503172196
0.0232116,-0.032395260711832,0.055606860711832
0.0236492,-0.03247901093041926,0.05612821093041925
0.0239447,-0.034724610043035634,0.05866931004303563
0.0242878,-0.03160762486377886,0.05589542486377886
0.0247947,-0.03256813466790436,0.05736283466790436
0.0251206,-0.03481583000941184,0.05993643000941184
0.025335,-0.03474826218317859,0.060083262183178596
0.0255814,-0.032473773449974534,0.05805517344997453
0.0258116,-0.033375885656319604,0.05918748565631961
0.0263148,-0.029880678537209836,0.05619547853720984
0.0264208,-0.03573626824434176,0.06215706824434176
0.0265313,-0.03345830434701734,0.05998960434701734
0.0266321,-0.03341984050499487,0.06005194050499487
0.0267692,-0.03253235243235911,0.05930155243235911
0.0268089,-0.031692749895218,0.058501649895218
0.0269257,-0.031780857466682154,0.05870655746668216
0.0269009,-0.034928255484963706,0.061829155484963705
0.0268446,-0.03354395292038209,0.06038855292038209
0.0267118,-0.03481843329071907,0.06153023329071907
0.0265205,-0.03341248824496089,0.05993298824496089
0.0262936,-0.03250267337650564,0.05879627337650564
0.0259474,-0.03558419374327441,0.06153159374327441
0.025644,-0.03326980864191286,0.05891380864191286
0.0254724,-0.031482436507898864,0.056954836507898864
0.0252274,-0.03330771802417947,0.058535118024179475
0.0250165,-0.0315626085029316,0.0565791085029316
0.0248709,-0.03163935067999502,0.056510250679995024
0.0246699,-0.03348090734212041,0.058150807342120414
0.0244411,-0.0334764283791112,0.057917528379111204
0.0241729,-0.03345478383674595,0.05762768383674595
0.0238745,-0.03474127681473027,0.05861577681473027
0.0235126,-0.03464958071376818,0.058162180713768184
0.0232412,-0.03236157264398916,0.05560277264398916
0.0230482,-0.03227048047131133,0.05531868047131133
0.022696,-0.0346019095418966,0.0572979095418966
0.0222706,-0.03452181587203383,0.05679241587203383
0.0218127,-0.03441652210932681,0.05622922210932681
0.0215117,-0.031260908192952894,0.052772608192952895
0.021371,-0.030458161770661143,0.051829161770661145
0.021563,-0.03148249009880463,0.05304549009880463
0.0221498,-0.031595051612809615,0.05374485161280962
0.0226491,-0.033441895223908134,0.05609099522390813
0.0231501,-0.03257032777266359,0.05572042777266359
0.0236019,-0.03347506593339142,0.05707696593339141
0.0239578,-0.034772823307530974,0.058730623307530976
0.0241546,-0.03497176923926071,0.05912636923926071
0.0244283,-0.03237020490219558,0.05679850490219558
0.0247299,-0.032401877127505974,0.05713177712750597
0.024999,-0.03331679962151889,0.05831579962151889
0.0252419,-0.032436447384105345,0.05767834738410535
0.0256543,-0.033341995591985786,0.058996295591985784
0.0261366,-0.03158710779162347,0.057723707791623474
0.0265709,-0.03341279742326341,0.05998369742326341
0.0269554,-0.032538212391786246,0.059493612391786244
0.0272261,-0.03344146031309592,0.06066756031309592
0.027535,-0.03255578196412425,0.06009078196412425
0.027877,-0.03171281144467434,0.05958981144467434
0.0282391,-0.031795900021694204,0.06003500002169421
0.0284317,-0.03275933671375025,0.06119103671375026
0.0285081,-0.034985661650987376,0.06349376165098738
0.0285599,-0.034890529548489924,0.06345042954848992
0.028539,-0.03477916146273268,0.06331816146273268
0.0284851,-0.034668011862975884,0.06315311186297588
0.0285391,-0.032373880001618234,0.06091298000161824
0.0287292,-0.03238856597098805,0.061117765970988044
0.0290437,-0.03460590824794255,0.06364960824794255
0.0293255,-0.03452144279688212,0.06384694279688212
0.0296597,-0.03310606018649888,0.06276576018649888
0.0301505,-0.03132984258728328,0.061480342587283285
0.0307013,-0.032283847279923714,0.06298514727992371
0.0313461,-0.031463483877954244,0.06280958387795424
0.0319286,-0.03330027507184342,0.06522887507184341
0.0325142,-0.03243261975672012,0.06494681975672012
0.0333111,-0.032465135008202056,0.06577623500820207
0.034012,-0.03250696271015597,0.06651896271015598
0.0347115,-0.03254755163771111,0.0672590516377111
0.0352447,-0.03476874833750373,0.07001344833750373
0.0357398,-0.03337706053386919,0.0691168605338692
0.036353,-0.03159887717900616,0.06795187717900616
0.0367647,-0.03473332062641203,0.07149802062641203
0.037424,-0.03073137233065676,0.06815537233065676
0.038086,-0.03258656581711206,0.07067256581711207
0.0387353,-0.03264157894307421,0.0713768789430742
0.0394542,-0.030928318909363515,0.07038251890936352
0.0399648,-0.034988961614069634,0.07495376161406964
0.0404811,-0.032736296746646285,0.07321739674664629
0.0409978,-0.03274319348398122,0.07374099348398122
0.0414646,-0.03364619200146019,0.07511079200146019
0.0420526,-0.031006066946504478,0.07305866694650448
0.0426623,-0.030794506540031828,0.07345680654003182
0.0431427,-0.030584924874695323,0.07372762487469532
0.0436767,-0.030370849818028824,0.07404754981802883
0.0442509,-0.030163081998733784,0.07441398199873378
0.0446693,-0.02995086201188242,0.07462016201188243
0.0451251,-0.029740682601827703,0.0748657826018277
0.0452974,-0.0351769853069656,0.0804743853069656
0.0452756,-0.03480176651902443,0.08007736651902443
0.0451744,-0.033867747111859046,0.07904214711185906
0.0448972,-0.036025617911729035,0.08092281791172903
0.0447174,-0.033699737561079704,0.07841713756107971
0.044565,-0.03452586404660819,0.0790908640466082
0.0443045,-0.035767165462707154,0.08007166546270715
0.0440582,-0.034304391383756676,0.07836259138375667
0.0437478,-0.03552425437635874,0.07927205437635874
0.0434611,-0.035371747025667866,0.07883284702566787
0.043252,-0.03390242661145864,0.07715442661145863
0.0430951,-0.03381772618488829,0.07691282618488829
0.0429142,-0.03505982940338513,0.07797402940338513
0.0428114,-0.03361156403157769,0.0764229640315777
0.0428181,-0.03091578688216794,0.07373388688216793
0.043026,-0.032752334855792466,0.07577833485579247
0.0432144,-0.033644695578475985,0.07685909557847598
0.0434024,-0.03359922575611836,0.07700162575611835
0.0437682,-0.03354895954769427,0.07731715954769428
0.0442773,-0.03175566149621526,0.07603296149621526
0.0448408,-0.03267675312795784,0.07751755312795784
0.04536,-0.03356954463907621,0.0789295446390762
0.0458273,-0.03353507744191101,0.07936237744191102
0.0463966,-0.03349477089720551,0.07989137089720552
0.0470793,-0.03083261791878942,0.07791191791878942
0.0476943,-0.03355853376912905,0.08125283376912905
0.0481602,-0.03572804410149466,0.08388824410149466
0.0487419,-0.03164051112922382,0.08038241112922381
0.0493039,-0.03342411128794705,0.08272801128794705
0.0497416,-0.03471707433720882,0.08445867433720881
0.0501536,-0.032430469936923244,0.08258406993692324
0.0504835,-0.03461752716855135,0.08510102716855135
0.0506983,-0.035400912845539145,0.08609921284553915
0.0510145,-0.032184506230134594,0.0831990062301346
0.0512722,-0.03306215805128136,0.08433435805128137
0.0514496,-0.03217654591943898,0.08362614591943898
0.0517318,-0.031336749630561635,0.08306854963056164
0.0520433,-0.03229942986637084,0.08434272986637084
0.0523362,-0.03322116232167512,0.08555736232167513
0.0525023,-0.032340688680248114,0.08484298868024812
0.0528396,-0.032372171276199624,0.08521177127619962
0.0531078,-0.03328714736111832,0.08639494736111832
0.0533282,-0.0332805227006896,0.0866087227006896
0.0538061,-0.031517322126366806,0.08532342212636682
0.0542169,-0.033345204862765966,0.08756210486276597
0.05461,-0.031605460615661204,0.08621546061566121
0.0549485,-0.033427650348916586,0.08837615034891658
0.0552884,-0.03255493687676402,0.08784333687676402
0.0556408,-0.0334612168066271,0.0891020168066271
0.0560048,-0.030831133862937312,0.08683593386293731
0.0562866,-0.032699457121306404,0.0889860571213064
0.056468,-0.03362358282279107,0.09009158282279106
0.0566658,-0.031861703470414386,0.08852750347041438
0.0566651,-0.03193133866889716,0.08859643866889716
0.0566017,-0.03026781099574153,0.08686951099574153
0.0564941,-0.033066612188715705,0.0895607121887157
0.0563947,-0.03224271007617877,0.08863741007617877
0.0562508,-0.03318320264640463,0.08943400264640464
0.0559471,-0.035389782426648336,0.09133688242664834
0.0554158,-0.03309863660933645,0.08851443660933644
0.0550792,-0.033963740791226195,0.0890429407912262
0.0547858,-0.032178580312669576,0.08696438031266958
0.0545554,-0.032227399566637865,0.08678279956663787
0.0542465,-0.036223347742135516,0.09046984774213551
0.0536842,-0.03388718412114429,0.08757138412114429
0.0531875,-0.032943923786754245,0.08613142378675424
0.0528995,-0.03032346309019556,0.08322296309019556
0.0526117,-0.03309506910396307,0.08570676910396308
0.0523325,-0.03400185216998379,0.08633435216998378
0.0520294,-0.033083951670560975,0.08511335167056097
0.0517426,-0.03395120876403063,0.08569380876403063
0.0514406,-0.03390685198356208,0.08534745198356208
0.0512439,-0.032105331850424655,0.08334923185042466
0.0509625,-0.03389473837766925,0.08485723837766926
0.0511306,-0.02905698631551654,0.08018758631551653
0.0508822,-0.03407195113592035,0.08495415113592035
0.0507109,-0.031445386641313265,0.08215628664131328
0.050489,-0.03327896650323357,0.08376796650323357
0.0501909,-0.033293953406151176,0.08348485340615117
0.0501737,-0.03241564380672295,0.08258934380672295
0.0500302,-0.03333537505393444,0.08336557505393444
0.0498614,-0.033386766671379714,0.08324816667137971
0.0497612,-0.03156452334721856,0.08132572334721855
0.0499728,-0.03166774767648736,0.08164054767648736
0.0501597,-0.032644681032042856,0.08280438103204285
0.0501486,-0.03356984969500137,0.08371844969500136
0.0500447,-0.03443478217987378,0.08447948217987378
0.0499168,-0.0334980296365141,0.08341482963651409
0.0498254,-0.032595379459922635,0.08242077945992263
0.0497574,-0.03262339719769721,0.08238079719769721
0.0497765,-0.03353306159937857,0.08330956159937858
0.0498213,-0.03264729668048219,0.08246859668048219
0.0497744,-0.0344175588872346,0.0841919588872346
0.0495944,-0.03566126158814982,0.08525566158814982
0.0494204,-0.03332696334291715,0.08274736334291716
0.0494245,-0.034157325571190195,0.0835818255711902
0.0494285,-0.03409136547213007,0.08351986547213007
0.0494288,-0.03401492010623707,0.08344372010623707
0.049393,-0.03394267956525837,0.08333567956525836
0.0493784,-0.033870573001544106,0.0832489730015441
0.0494863,-0.03292667143135463,0.08241297143135462
0.0497372,-0.03116692005017477,0.08090412005017478
0.050091,-0.03125226356761437,0.08134326356761437
0.0505198,-0.03136214553633082,0.08188194553633082
0.0507789,-0.035402932810448956,0.08618183281044896
0.0511139,-0.033108475075160446,0.08422237507516045
0.0515871,-0.030460552749533985,0.08204765274953399
0.0519369,-0.034091462347998196,0.0860283623479982
0.0523115,-0.03319052811098573,0.08550202811098573
0.0528173,-0.032301557013092196,0.08511885701309219
0.0533348,-0.032343625874122074,0.08567842587412208
0.0537501,-0.03413873777164255,0.08788883777164255
0.0540881,-0.034088024285274146,0.08817612428527415
0.0545648,-0.03140405362464339,0.08596885362464338
0.0550909,-0.0314813832404816,0.0865722832404816
0.0554951,-0.03333173293353073,0.08882683293353072
0.0558446,-0.033338190637676075,0.08918279063767608
0.0561637,-0.03332523400561171,0.0894889340056117
0.0566267,-0.031570168943022614,0.08819686894302262
0.0570297,-0.03339966971253831,0.09042936971253832
0.0574723,-0.03165568353912294,0.08912798353912293
0.0578412,-0.033482912878709435,0.09132411287870944
0.058092,-0.03435636631759937,0.09244836631759937
0.0583223,-0.032544290837213836,0.09086659083721384
0.0585617,-0.03256569009812575,0.09112739009812576
0.0587512,-0.033477234303886445,0.09222843430388644
0.0590154,-0.03171877652472434,0.09073417652472435
0.059228,-0.03354044271605412,0.09276844271605413
0.0594157,-0.031787461515224026,0.09120316151522403
0.0595552,-0.0336085546960998,0.0931637546960998
0.059459,-0.033602158827614956,0.09306115882761495
0.0593271,-0.033575462311786486,0.09290256231178648
0.0591176,-0.034424430890305335,0.09354203089030533
0.0590158,-0.03173046346455968,0.09074626346455969
0.0589911,-0.031790885149627295,0.09078198514962729
0.0589907,-0.032750687966034364,0.09174138796603437
0.0590111,-0.03278687625575027,0.09179797625575026
0.059003,-0.03368616463359897,0.09268916463359897
0.0590348,-0.034536011278496974,0.09357081127849698
0.0591648,-0.032709187993081125,0.09187398799308112
0.0592731,-0.033589132115135346,0.09286223211513535
0.0594743,-0.03182013960061196,0.09129443960061195
0.0596804,-0.03275725697436862,0.09243765697436862
0.0598793,-0.033661547857152134,0.09354084785715214
0.0600289,-0.033635671694419694,0.09366457169441969
0.0600298,-0.03578235642330442,0.09581215642330443
0.0601143,-0.03257404615704859,0.0926883461570486
0.0602066,-0.033442501213381076,0.09364910121338108
0.060227,-0.033420741244449555,0.09364774124444955
0.0603813,-0.0316463917005378,0.09202769170053779
0.0604889,-0.03345811884003583,0.09394701884003583
0.0606723,-0.031704008107807186,0.09237630810780718
0.0608624,-0.03264200973150906,0.09350440973150906
0.0609954,-0.031809011242909836,0.09280441124290983
0.0611588,-0.03188245964045706,0.09304125964045706
0.0613471,-0.031962524453678254,0.09330962445367826
0.061497,-0.03291482062701895,0.09441182062701894
0.0616257,-0.032945037446999934,0.09457073744699993
0.0619033,-0.03296503200782405,0.09486833200782405
0.0620593,-0.0329832642523238,0.0950425642523238
0.0622424,-0.03212582418831584,0.09436822418831584
0.0624327,-0.03219253456005675,0.09462523456005675
0.0626327,-0.032262635587181995,0.094895335587182
0.0627897,-0.03320300448608685,0.09599270448608685
0.062944,-0.03409177564867808,0.09703577564867807
0.0631006,-0.033173622653641544,0.09627422265364155
0.0633013,-0.0322970141532338,0.0955983141532338
0.0634593,-0.033222413463205994,0.09668171346320599
0.0632283,-0.03410593395374493,0.09733423395374494
0.0630256,-0.03318217947234215,0.09620777947234216
0.0628213,-0.033174691998330536,0.09599599199833053
0.0626175,-0.0331756683834099,0.0957931683834099
0.062415,-0.03317616739719017,0.09559116739719017
0.0620194,-0.03317576958777426,0.09519516958777427
0.0615622,-0.034921418522100595,0.09648361852210059
0.0610927,-0.033947160589456266,0.09503986058945627
0.0607842,-0.031258286360947504,0.0920424863609475
0.0603769,-0.03483711796613484,0.09521401796613484
0.0599715,-0.03214154693559345,0.09211304693559344
0.0596995,-0.03217205665048636,0.09187155665048635
0.0593364,-0.03615903865521086,0.09549543865521086
0.0590412,-0.03294005472947648,0.09198125472947649
0.0588043,-0.03290628503856178,0.09171058503856178
0.0586991,-0.033780999924926,0.09248009992492601
0.0586802,-0.03286260865647765,0.09154280865647765
0.058705,-0.031985253181291015,0.09069025318129101
0.0587373,-0.03291321846505527,0.09165051846505527
0.0588792,-0.031177582579234427,0.09005678257923443
0.0591609,-0.03128322674401764,0.09044412674401764
0.0593884,-0.03314796003005671,0.09253636003005672
0.0593529,-0.034040503580176455,0.09339340358017645
0.0593439,-0.032246719088168146,0.09159061908816815
0.059354,-0.0322850345246054,0.0916390345246054
0.0594392,-0.03147025694396816,0.09090945694396815
0.0595465,-0.03244629986601239,0.09199279986601239
0.0594315,-0.034254372517974606,0.09368587251797461
0.0592225,-0.034210805172771835,0.09343330517277183
0.0589547,-0.03413976630479561,0.0930944663047956
0.0587084,-0.033202333981408115,0.09191073398140812
0.0587815,-0.030129855637156044,0.08891135563715605
0.0588754,-0.03334836260382906,0.09222376260382906
0.0589245,-0.033398824625178083,0.09232332462517809
0.0590095,-0.032484021680108804,0.0914935216801088
0.0590055,-0.03426892863245736,0.09327442863245736
0.0590675,-0.031589292651627965,0.09065679265162796
0.0592461,-0.03254495453996992,0.09179105453996991
0.0593625,-0.03346661918216651,0.0928291191821665
0.0593826,-0.03433150632088789,0.09371410632088789
0.0594708,-0.03426673346650945,0.09373753346650945
0.0595047,-0.033316673889009205,0.09282137388900921
0.0594324,-0.03503998840111793,0.09447238840111793
0.059361,-0.03405242549552172,0.09341342549552172
0.0593362,-0.03310173457592772,0.09243793457592772
0.0592014,-0.03308142502424899,0.09228282502424899
0.0591141,-0.03307152070344655,0.09218562070344655
0.0590587,-0.033055802099158205,0.0921145020991582
0.0589938,-0.03396812906193333,0.09296192906193333
0.0590079,-0.032119574664227525,0.09112747466422752
0.0590272,-0.03303385839586743,0.09206105839586742
0.0590561,-0.03303607458593991,0.0920921745859399
0.0591732,-0.033021452307300414,0.09219465230730042
0.0592362,-0.03389971408715118,0.09313591408715119
0.0592166,-0.034720794782782505,0.09393739478278251
0.0592488,-0.03286980983138113,0.09211860983138112
0.0589829,-0.03372890956451703,0.09271180956451702
0.0587904,-0.031063293789112687,0.08985369378911269
0.0585968,-0.0328993782014023,0.0914961782014023
0.0584968,-0.031177219810026136,0.08967401981002614
0.0584161,-0.032150039032969396,0.0905661390329694
0.0580263,-0.03483708086473854,0.09286338086473854
0.0576462,-0.03213519641325964,0.08978139641325963
0.0572419,-0.03304047192587725,0.09028237192587725
0.0568069,-0.033040488827624455,0.08984738882762446
0.0563606,-0.03306764199980575,0.08942824199980574
0.0559722,-0.033924504003447424,0.08989670400344743
0.0556559,-0.0340199700185116,0.0896758700185116
0.0553251,-0.03381345127955875,0.08913855127955875
0.0549914,-0.033886126731349664,0.08887752673134966
0.0546027,-0.034604049055750055,0.08920674905575005
0.054543,-0.029682907483029687,0.08422590748302969
0.0544107,-0.03377074138884831,0.08818144138884831
0.0543458,-0.0320147302406535,0.0863605302406535
0.0543224,-0.032061290431824686,0.08638369043182469
0.054216,-0.03387017106975082,0.08808617106975082
0.0537765,-0.03602491710757665,0.08980141710757665
0.0531461,-0.034539915169863496,0.08768601516986349
0.0525475,-0.03354960676094088,0.08609710676094087
0.0519728,-0.03349733707711645,0.08547013707711645
0.0515322,-0.03170781100092821,0.0832400110009282
0.0510247,-0.0335095228246132,0.0845342228246132
0.0505166,-0.033540232474808404,0.08405683247480841
0.0500689,-0.03257602489818474,0.08264492489818473
0.0496627,-0.03258780253032215,0.08225050253032215
0.0493849,-0.030863618196588997,0.080248518196589
0.049254,-0.031852343612602696,0.08110634361260269
0.0491344,-0.031941834241673454,0.08107623424167346
0.0488775,-0.034636053132438484,0.08351355313243848
0.0486838,-0.03194866089859315,0.08063246089859315
0.0482595,-0.035926783914356046,0.08418628391435604
0.047981,-0.0327258135410021,0.08070681354100209
0.0477419,-0.03271572196120776,0.08045762196120776
0.047524,-0.03273848366783946,0.08026248366783946
0.0473071,-0.03275762798833165,0.08006472798833164
0.0472553,-0.029719658477256182,0.07697495847725619
0.0470556,-0.03471422577444824,0.08176982577444825
0.0469696,-0.03291579474479076,0.07988539474479076
0.0468936,-0.032909745362123606,0.0798033453621236
0.0467713,-0.03380612375378897,0.08057742375378897
0.0466506,-0.032892236800970635,0.07954283680097063
0.0466634,-0.03289609307887856,0.07955949307887855
0.0467395,-0.033782364431834466,0.08052186443183447
0.0467508,-0.03462202674344739,0.0813728267434474
0.0468773,-0.03191087518764755,0.07878817518764755
0.0470605,-0.031960609609391295,0.0790211096093913
0.0474618,-0.03203152480604651,0.07949332480604651
0.0478176,-0.03210117855522744,0.07991877855522744
0.0480858,-0.03391671271022386,0.08200251271022385
0.0483332,-0.03301461184041654,0.08134781184041653
0.0486304,-0.0330158572106191,0.0816462572106191
0.0487403,-0.03215360076701445,0.08089390076701444
0.0487675,-0.03308309071204788,0.08185059071204788
0.048941,-0.030043368159997117,0.07898436815999711
0.0490416,-0.03327179150542637,0.08231339150542637
0.0490418,-0.03330433355236119,0.0823461335523612
0.0487461,-0.0333041336170589,0.0820502336170589
0.0485003,-0.03417292258595811,0.0826732225859581
0.0482964,-0.03237655130215203,0.08067295130215203
0.0480281,-0.03415763887187009,0.08218573887187008
0.0478347,-0.032365647614016405,0.0802003476140164
0.0474813,-0.03501869632201755,0.08249999632201754
0.047126,-0.034926107726355515,0.08205210772635552
0.0467529,-0.03393202115857608,0.08068492115857609
0.0464894,-0.03211594491095591,0.07860534491095592
0.0461735,-0.033897873445656826,0.08007137344565682
0.0458993,-0.03298627564899037,0.07888557564899037
0.0457625,-0.032974398461439534,0.07873689846143953
0.0456069,-0.03384789374245974,0.07945479374245974
0.045549,-0.03205461424167889,0.07760361424167889
0.0452816,-0.03602396896078225,0.08130556896078225
0.0453673,-0.031061267640636825,0.07642856764063682
0.0454052,-0.03375207938650806,0.07915727938650806
0.0454872,-0.03285431422709645,0.07834151422709645
0.045593,-0.0328501774214087,0.0784431774214087
0.0456962,-0.033729900996273786,0.07942610099627379
0.0457978,-0.035878820053691404,0.0816766200536914
0.045791,-0.03569619873633485,0.08148719873633485
0.0460195,-0.030714182017036514,0.07673368201703651
0.0462679,-0.03341540482694802,0.07968330482694802
0.0465917,-0.03252827952352055,0.07911997952352054
0.0467395,-0.03428669195653161,0.08102619195653162
0.0467675,-0.030720180076105448,0.07748768007610544
0.0468143,-0.03256960017305832,0.07938390017305832
0.0467585,-0.034357361871733494,0.0811158618717335
0.0467604,-0.032535405052799345,0.07929580505279935
0.0468597,-0.030796299774186457,0.07765599977418645
0.0469484,-0.03266715623344755,0.07961555623344754
0.0471032,-0.03096315299811437,0.07806635299811437
0.0471367,-0.03370480808524107,0.08084150808524107
0.0472008,-0.03194978218523696,0.07915058218523696
0.0473347,-0.03288279490784934,0.08021749490784934
0.0474676,-0.03291044472344391,0.08037804472344391
0.0475748,-0.03293009609635224,0.08050489609635224
0.0476592,-0.0329484695322768,0.0806076695322768
0.047771,-0.032965409411472,0.080736409411472
0.0474083,-0.03604159212402602,0.08344989212402602
0.0470609,-0.033698886290153426,0.08075978629015343
0.0468834,-0.03101718912064055,0.07790058912064055
0.0467268,-0.0328662101714643,0.0795930101714643
0.0466879,-0.032025592705015454,0.07871349270501546
0.0466348,-0.03208973895803411,0.07872453895803411
0.0463061,-0.03390340773727198,0.08020950773727198
0.0459544,-0.033004635893307356,0.07895903589330736
0.0454751,-0.034753198730075534,0.08022829873007553
0.0449711,-0.032920108194348686,0.0778912081943487
0.0443516,-0.0359707902927484,0.0803223902927484
0.043892,-0.03188339335893067,0.07577539335893067
0.0434952,-0.03278444405310375,0.07627964405310375
0.0432519,-0.031060280331257434,0.07431218033125744
0.0429361,-0.03378816873916715,0.07672426873916716
0.0430253,-0.03289614996768622,0.07592144996768622
0.0431652,-0.032898037810401425,0.07606323781040142
0.0432878,-0.03291018192188677,0.07619798192188677
0.0434089,-0.032920822602346377,0.07632972260234638
0.0435532,-0.031186185980799284,0.07473938598079928
0.0436857,-0.033041127796116336,0.07672682779611634
0.0435191,-0.03393901683296782,0.07745811683296783
0.0432936,-0.034049480056893025,0.07734308005689303
0.0430883,-0.032949611636926314,0.07603791163692632
0.0428532,-0.03297158638171866,0.07582478638171866
0.0426323,-0.03297855855855941,0.07561085855855941
0.0424229,-0.032985880725238614,0.07540878072523861
0.042213,-0.032993804140656786,0.07520680414065678
0.0419999,-0.03299985785182018,0.07499975785182017
0.0416609,-0.03387924854471288,0.07554014854471289
0.0412009,-0.03296526244871887,0.07416616244871888
0.0409015,-0.032090074931789524,0.07299157493178952
0.0406536,-0.031983787676137056,0.07263738767613706
0.0403761,-0.03309401130193071,0.07347011130193071
0.040177,-0.03222650088837186,0.07240350088837186
0.0399311,-0.03227781418064716,0.07220891418064715
0.0397766,-0.03146216265600813,0.07123876265600813
0.0396176,-0.0324409077964164,0.0720585077964164
0.0395026,-0.031633857612153544,0.07113645761215354
0.0393624,-0.03347995919532601,0.072842359195326
0.0393122,-0.03436490376112636,0.07367710376112635
0.0391617,-0.03343089053752702,0.07259259053752702
0.0387858,-0.03646675351376797,0.07525255351376797
0.0383398,-0.03497765599414073,0.07331745599414073
0.0379032,-0.033968491831141624,0.07187169183114162
0.0376132,-0.033893279056081346,0.07150647905608135
0.0374849,-0.03208448086570255,0.06956938086570255
0.0374216,-0.03299139296213485,0.07041299296213485
0.0375134,-0.031247327020717426,0.06876072702071742
0.0376712,-0.03308788854094643,0.07075908854094642
0.0378234,-0.03484967472759462,0.07267307472759463
0.0379556,-0.03300390911817756,0.07095950911817756
0.0381561,-0.03210935116835745,0.07026545116835745
0.0384025,-0.031994845953423945,0.07039734595342395
0.038624,-0.033092892694832184,0.07171689269483218
0.0388788,-0.033100188272177374,0.07197898827217737
0.0392228,-0.03135062761396752,0.07057342761396752
0.0395835,-0.032317314800577424,0.07190081480057742
0.0399485,-0.032379634840422514,0.07232813484042251
0.0401761,-0.034177747828666144,0.07435384782866614
0.040551,-0.032383505752770096,0.07293450575277009
0.0406998,-0.03503434280531387,0.07573414280531388
0.0409111,-0.03232174223386954,0.07323284223386954
0.0411829,-0.032344522491199394,0.0735274224911994
0.0414342,-0.03326793687646939,0.07470213687646939
0.0418019,-0.03326709549924879,0.0750689954992488
0.0423181,-0.031513082261244885,0.07383118226124488
0.0427501,-0.03334493484704843,0.07609503484704844
0.0430636,-0.034225899257500976,0.07728949925750098
0.0433674,-0.03329012577876595,0.07665752577876594
0.0435081,-0.03239640054917396,0.07590450054917397
0.0435957,-0.03417760766783566,0.07777330766783566
0.0436366,-0.03412646751540978,0.07776306751540978
0.0436805,-0.03318419387204252,0.07686469387204252
0.0436404,-0.03491149802096699,0.07855189802096699
0.0433803,-0.03480487479155912,0.07818517479155912
0.0432711,-0.03381152819051706,0.07708262819051706
0.0432297,-0.03286629983317203,0.07609599983317203
0.0432913,-0.03198223766224708,0.07527353766224708
0.0433732,-0.032902744946997894,0.0762759449469979
0.0432643,-0.033782943625854524,0.07704724362585452
0.0430176,-0.034605510438526645,0.07762311043852665
0.0429059,-0.03188616978008733,0.07479206978008732
0.0428965,-0.03192299909948379,0.0748194990994838
0.0427941,-0.03285777784856017,0.07565187784856017
0.043146,-0.03199834379061981,0.07514434379061981
0.0435896,-0.03292686662592295,0.07651646662592296
0.0440084,-0.032939749879670195,0.07694814987967019
0.0444049,-0.03294656272662571,0.07735146272662571
0.0447778,-0.032954440177536244,0.07773224017753624
0.0450569,-0.03601751744020295,0.08107441744020294
0.0453704,-0.03192718125132258,0.07729758125132258
0.0456353,-0.03369870284436059,0.0793340028443606
0.0458186,-0.03454028000026047,0.08035888000026048
0.0460595,-0.03270046710376131,0.07875996710376132
0.0461269,-0.032697132100471434,0.07882403210047143
0.0461964,-0.030963915637927258,0.07716031563792726
0.0463166,-0.03195020060653971,0.0782668006065397
0.0463101,-0.03464802451631215,0.08095812451631215
0.0462655,-0.03370265414306683,0.07996815414306682
0.0459998,-0.03583530836058309,0.08183510836058308
0.0461088,-0.03174232148305576,0.07785112148305576
0.0463478,-0.03090117305440205,0.07724897305440205
0.046516,-0.03364367529007766,0.08015967529007767
0.0467413,-0.031882599801287534,0.07862389980128753
0.0469525,-0.031942716430429986,0.07889521643042999
0.0472132,-0.03201619780699614,0.07922939780699614
0.0474344,-0.032961402872909044,0.08039580287290904
0.0475846,-0.03385673005834584,0.08144133005834583
0.0477259,-0.032947830976022656,0.08067373097602265
0.048032,-0.03382465384005348,0.08185665384005347
0.048359,-0.032044073322751554,0.08040307332275155
0.04855,-0.034714165999976426,0.08326416599997644
0.0487593,-0.03289248538032586,0.08165178538032586
0.0490876,-0.03201254538064901,0.08110014538064901
0.0494046,-0.0329440575578998,0.0823486575578998
0.0497802,-0.03208958436888285,0.08186978436888284
0.0501389,-0.03302150301254203,0.08316040301254203
0.0504803,-0.033038000972883494,0.08351830097288349
0.0509823,-0.029988437481582305,0.0809707374815823
0.0515077,-0.034969508115274925,0.08647720811527493
0.0518405,-0.0331603018095368,0.0850008018095368
0.0521946,-0.032275408773453536,0.08447000877345354
0.0526112,-0.0314530563244045,0.08406425632440451
0.0529674,-0.03330577020087358,0.08627317020087358
0.0531786,-0.0333201181352993,0.0864987181352993
0.0533781,-0.03157004733289029,0.08494814733289029
0.0534576,-0.03427863064759051,0.08773623064759051
0.0534359,-0.03424231250298755,0.08767821250298755
0.0533115,-0.03504704178879281,0.08835854178879281
0.0531254,-0.033187292869228134,0.08631269286922813
0.0530437,-0.03316338163766766,0.08620708163766766
0.0530754,-0.03140963326240958,0.08448503326240958
0.0531394,-0.03237095929725374,0.08551035929725374
0.0531238,-0.03417443549845178,0.08729823549845178
0.0531775,-0.03238049023372616,0.08555799023372616
0.0531227,-0.033283969008168386,0.08640666900816839
0.0530633,-0.03328355264805432,0.08634685264805432
0.0529893,-0.03327582731286863,0.08626512731286863
0.0529017,-0.03326672634035558,0.08616842634035558
0.0528412,-0.032382370037805495,0.0852235700378055
0.0527547,-0.032422136551075925,0.08517683655107593
0.0526906,-0.03246668089971467,0.08515728089971467
0.0526503,-0.03251103561899453,0.08516133561899453
0.0526286,-0.03255418866527192,0.08518278866527192
0.0527323,-0.03346956255960652,0.08620186255960652
0.052826,-0.03346063967379573,0.08628663967379573
0.0528473,-0.03431486222226877,0.08716216222226877
0.0529605,-0.03162825736250052,0.08458875736250052
0.052926,-0.03519027997397406,0.08811627997397406
0.0529929,-0.032473573514672234,0.08546647351467224
0.0531805,-0.032484889440544555,0.08566538944054455
0.0534059,-0.032522990513358725,0.08592889051335872
0.0536588,-0.03256175528892898,0.08622055528892898
0.0539905,-0.03172488588798218,0.08571538588798218
0.0541701,-0.03355676114686125,0.08772686114686125
0.054454,-0.029620144287617643,0.08407414428761764
0.0545208,-0.03548799806741628,0.09000879806741628
0.0545739,-0.03278697725399576,0.08736087725399576
0.0545133,-0.03453483227857002,0.08904813227857003
0.0542866,-0.03271979487004632,0.08700639487004633
0.0539476,-0.035346497464295204,0.0892940974642952
0.0535654,-0.03435752470563949,0.08792292470563949
0.0532727,-0.032518124046877026,0.08579082404687702
0.0531125,-0.03165584018946288,0.08476834018946289
0.0529669,-0.0326089358978939,0.08557583589789389
0.0528185,-0.03439506101275439,0.08721356101275439
0.0527094,-0.03258068936817546,0.08529008936817545
0.0526213,-0.03259279679050223,0.08521409679050224
0.0525448,-0.0326248214790775,0.0851696214790775
0.0525174,-0.03265438098598732,0.08517178098598732
0.0523328,-0.034430443377695054,0.08676324337769506
0.0521825,-0.03261427849896149,0.08479677849896149
0.0519679,-0.034370052610457696,0.0863379526104577
0.051666,-0.03517729448526812,0.08684329448526812
0.0513492,-0.032422728112228086,0.08377192811222808
0.0509132,-0.03417258042863665,0.08508578042863665
0.050572,-0.03236369772952183,0.08293569772952183
0.0503402,-0.031506601884024016,0.08184680188402402
0.0501223,-0.03246196490000686,0.08258426490000687
0.0497197,-0.03425594108256273,0.08397564108256272
0.0494329,-0.032447454131675144,0.08188035413167515
0.0491721,-0.032464605282710404,0.08163670528271041
0.0489494,-0.03250202616325903,0.08145142616325902
0.0488137,-0.03166326459110079,0.08047696459110079
0.0486165,-0.034366257962091404,0.0829827579620914
0.0484068,-0.03344066057188673,0.08184746057188673
0.0481714,-0.03340850396723572,0.08157990396723572
0.0478497,-0.0342614609458571,0.0821111609458571
0.0475624,-0.032443624443101234,0.08000602444310123
0.0473491,-0.033335729578388,0.08068482957838799
0.0470566,-0.03332461358781798,0.08038121358781797
0.0468301,-0.032431700466567286,0.07926180046656728
0.0465505,-0.034206478737725206,0.08075697873772521
0.0463376,-0.0324011371607686,0.0787387371607686
0.0461296,-0.03329610116475937,0.07942570116475936
0.0458637,-0.0333164615865748,0.0791801615865748
0.0456526,-0.03238045313232986,0.07803305313232986
0.0454205,-0.0333006522693725,0.0787211522693725
0.0452235,-0.032417686444708285,0.07764118644470829
0.0448521,-0.03507171421733409,0.07992381421733409
0.0445111,-0.03321834673793348,0.07772944673793347
0.0442425,-0.03231263384107723,0.07655513384107723
0.0440324,-0.03234479869048298,0.07637719869048298
0.0437675,-0.03413326943806527,0.07790076943806527
0.0434579,-0.03320423934422712,0.07666213934422712
0.0432201,-0.03318183154369238,0.07640193154369238
0.0428809,-0.0349156904787492,0.0777965904787492
0.0424839,-0.0348114417387047,0.0772953417387047
0.0422072,-0.03206675258183592,0.07427395258183592
0.0419267,-0.03470809579930357,0.07663479579930357
0.04175,-0.03374196925601557,0.07549196925601558
0.0417454,-0.031053600018734268,0.07279900001873427
0.0418123,-0.03201596695386359,0.07382826695386359
0.0419842,-0.03208258044973638,0.07406678044973639
0.042023,-0.03388720885540849,0.07591020885540849
0.0421738,-0.03122818270022524,0.07340198270022524
0.0423436,-0.03219259845690594,0.07453619845690594
0.0424126,-0.03400378762615758,0.07641638762615757
0.0424997,-0.03221929497273441,0.0747189949727344
0.0425432,-0.033131247706092166,0.07567444770609216
0.0427583,-0.030083169713475164,0.07284146971347516
0.0428934,-0.033303070043698216,0.07619647004369821
0.0429716,-0.03332783522573026,0.07629943522573027
0.0431227,-0.03157363380119955,0.07469633380119955
0.0432579,-0.03166453016095245,0.07492243016095246
0.0434577,-0.031537492918823365,0.07499519291882337
0.043593,-0.032777417460881766,0.07637041746088177
0.0436352,-0.03367735923554313,0.07731255923554313
0.0435513,-0.034536846059913785,0.0780881460599138
0.0434999,-0.031850634887184086,0.07535053488718409
0.043384,-0.03453403047617215,0.07791803047617216
0.0433283,-0.031862156931924755,0.07519045693192475
0.04327,-0.03279666277961944,0.07606666277961945
0.0431269,-0.034579401361472965,0.07770630136147297
0.0432063,-0.030582636955256655,0.07378893695525665
0.0432357,-0.032895529962130236,0.07613122996213023
0.0431997,-0.03381593707311103,0.07701563707311103
0.0432894,-0.03073497941085285,0.07402437941085285
0.0432627,-0.03479462862261353,0.07805732862261353
0.0431248,-0.03474196112937319,0.07786676112937319
0.0429741,-0.03289447319069221,0.0758685731906922
0.0428498,-0.03289342651907874,0.07574322651907875
0.0426359,-0.034655481896968994,0.07729138189696899
0.0424744,-0.032830249849216786,0.07530464984921678
0.0423759,-0.032828730753157065,0.07520463075315706
0.0423046,-0.0328440124060564,0.0751486124060564
0.0423845,-0.03067833794583075,0.07306283794583075
0.0424341,-0.032996368877735646,0.07543046887773565
0.0423782,-0.03390676747482606,0.07628496747482605
0.042254,-0.03474539300853118,0.07699939300853118
0.0421988,-0.03203323559265381,0.07423203559265382
0.0422071,-0.031922551821539476,0.07412965182153947
0.0421535,-0.033936092006225965,0.07608959200622598
0.0420604,-0.03386320837437802,0.07592360837437802
0.0419991,-0.03294223340591492,0.07494133340591491
0.041908,-0.03381570209760111,0.07572370209760111
0.0417401,-0.03464948383790006,0.07638958383790007
0.0414746,-0.0354292954137107,0.0769038954137107
0.0412847,-0.03353389225841801,0.07481859225841801
0.0410831,-0.03434842249641323,0.07543152249641323
0.0408217,-0.035131907110457834,0.07595360711045784
0.0405235,-0.035325535175384185,0.07584903517538419
0.0402826,-0.03395058216267084,0.07423318216267084
0.040353,-0.02992882790485599,0.07028182790485599
0.0406251,-0.030082200954793928,0.07070730095479393
0.0408447,-0.03330181065741261,0.07414651065741261
0.0409927,-0.03418126009418279,0.07517396009418278
0.0410708,-0.034288571760610946,0.07535937176061094
0.0411996,-0.0322613123040472,0.0734609123040472
0.0413156,-0.03317107564278536,0.07448667564278535
0.0413111,-0.03490517223289739,0.0762162722328974
0.0413884,-0.03217418173601903,0.07356258173601903
0.0414708,-0.033066811196483095,0.0745376111964831
0.0416109,-0.03218750319848037,0.07379840319848037
0.0417967,-0.032225189972369166,0.07402188997236916
0.0418506,-0.034890943847415305,0.0767415438474153
0.0418698,-0.03391997557190981,0.0757897755719098
0.0419775,-0.032099849088526596,0.07407734908852659
0.0421875,-0.03125964880666728,0.07344714880666728
0.0424632,-0.031357726347793435,0.07382092634779344
0.0426804,-0.03321393888593385,0.07589433888593386
0.0428425,-0.03322516226443429,0.07606766226443429
0.0428615,-0.034963534790470194,0.07782503479047019
0.0429386,-0.03223861449426469,0.07517721449426469
0.0430637,-0.032261001064556,0.075324701064556
0.0432813,-0.03143523940942448,0.07471653940942448
0.0434512,-0.033277876134420015,0.07672907613442001
0.0435821,-0.03328895502359373,0.07687105502359373
0.0436886,-0.03327966524619727,0.07696826524619726
0.0437179,-0.03414589627994029,0.07786379627994028
0.0437339,-0.033212430301936414,0.07694633030193641
0.0437899,-0.03232107646992478,0.07611097646992478
0.0438235,-0.03323448502084968,0.07705798502084968
0.0439443,-0.0314875482558339,0.0754318482558339
0.0440241,-0.03331894325774972,0.07734304325774971
0.0440693,-0.03332712823801183,0.07739642823801182
0.0439826,-0.035058471080042716,0.07904107108004271
0.0439095,-0.03320546533925606,0.07711496533925605
0.0438467,-0.03317752778172127,0.07702422778172127
0.0439096,-0.03141846339472962,0.07532806339472961
0.0439575,-0.0332510841855555,0.0772085841855555
0.044098,-0.03151312760739592,0.07561112760739591
0.0441939,-0.03334344460763027,0.07753734460763027
0.0442458,-0.033348523376546375,0.07759432337654637
0.0441586,-0.03507778441800695,0.07923638441800696
0.0441327,-0.03234944873215292,0.07648214873215292
0.0442057,-0.031492410599938236,0.07569811059993824
0.044247,-0.03333021795984837,0.07757721795984837
0.0442687,-0.03333381473410105,0.07760251473410104
0.0442823,-0.033321950532038916,0.07760425053203891
0.0443416,-0.03243724300293717,0.07677884300293716
0.0443812,-0.03334475346244429,0.07772595346244429
0.0444962,-0.03159461464080872,0.07609081464080872
0.0444458,-0.03516624651392465,0.07961204651392464
0.0442973,-0.03507001373667022,0.07936731373667022
0.0442373,-0.0323183907410702,0.0765556907410702
0.0441463,-0.034077825523668274,0.07822412552366828
0.0441403,-0.032279768187519105,0.0764200681875191
0.0441212,-0.033178157268745206,0.0772993572687452
0.0441507,-0.03229973079991863,0.07645043079991863
0.044156,-0.03321006982865609,0.0773660698286561
0.0442049,-0.032334657642160244,0.07653955764216025
0.0442345,-0.03324574591298415,0.07748024591298415
0.0443508,-0.031496116617191136,0.07584691661719115
0.0444208,-0.03332392308960901,0.07774472308960902
0.0447097,-0.029403162954907434,0.07411286295490743
0.0449012,-0.033534448779362555,0.07843564877936256
0.0449135,-0.03530599510666477,0.08021949510666476
0.0450072,-0.03169882834064559,0.07670602834064559
0.0450128,-0.034378008798775936,0.07939080879877594
0.045007,-0.03345363987702662,0.07846063987702662
0.0450893,-0.03167708898360091,0.07676638898360091
0.0450178,-0.03524213948125048,0.08025993948125049
0.0449359,-0.03339677786481539,0.07833267786481539
0.0449172,-0.032487286602983445,0.07740448660298344
0.0449345,-0.03251464682156799,0.07744914682156799
0.0449266,-0.03342338781071914,0.07834998781071914
0.0448437,-0.03428321060884521,0.07912691060884522
0.0447056,-0.03421306629675761,0.07891866629675762
0.0445986,-0.03326186791250974,0.07786046791250975
0.0446205,-0.03148876229596847,0.07610926229596847
0.0446349,-0.03330940407652256,0.07794430407652256
0.0447479,-0.031564094619972394,0.0763119946199724
0.0448668,-0.03251371516428306,0.07738051516428306
0.044933,-0.033434305927175556,0.07836730592717556
0.0450698,-0.03167576570046611,0.07674556570046612
0.045155,-0.03349698667504026,0.07865198667504025
0.0452029,-0.03349250358965368,0.07869540358965368
0.0452123,-0.0334709002710621,0.0786832002710621
0.045249,-0.03257632583173252,0.07782532583173252
0.0452449,-0.033473233536651804,0.0787181335366518
0.0452072,-0.033525253816645534,0.07873245381664554
0.0451081,-0.03429301568341254,0.07940111568341254
0.0450719,-0.03248473072901593,0.07755663072901592
0.0449351,-0.03512309346764726,0.08005819346764725
0.0447721,-0.03414161312985601,0.07891371312985601
0.0445888,-0.03424402328959484,0.07883282328959484
0.0444613,-0.03310043582093826,0.07756173582093825
0.0444811,-0.031331512150116904,0.0758126121501169
0.0445563,-0.03228689990036395,0.07684319990036395
0.0446686,-0.03234092983932408,0.07700952983932408
0.0447541,-0.03325641194606457,0.07801051194606456
0.0448826,-0.03237863310272234,0.07726123310272234
0.0449814,-0.033287258665307226,0.07826865866530722
0.0450113,-0.03415281362916205,0.07916411362916205
0.0450815,-0.032345602554069534,0.07742710255406954
0.0451261,-0.03324302844182384,0.07836912844182384
0.0450959,-0.034111651691152906,0.0792075516911529
0.0450645,-0.033176393509588745,0.07824089350958874
0.0450502,-0.033154392175462385,0.07820459217546238
0.0451045,-0.03227052993983973,0.07737502993983973
0.0450529,-0.034928781088077995,0.07998168108807799
0.0450251,-0.03308306185540632,0.07810816185540631
0.0450106,-0.03305774674823352,0.07806834674823351
0.04505,-0.03217733535470475,0.07722733535470475
0.0450378,-0.03396480642577556,0.07900260642577556
0.0450362,-0.033046565933279405,0.0780827659332794
0.0449941,-0.033903374758253044,0.07889747475825304
0.0447918,-0.03603423368042599,0.08082603368042598
0.0444932,-0.03585657982779663,0.08034977982779662
0.0443783,-0.03172803950666791,0.07610633950666791
0.0443481,-0.03262056924682347,0.07696866924682347
0.0443805,-0.032635178952212,0.07701567895221201
0.0444985,-0.031771994355343176,0.07627049435534318
0.0446684,-0.031834238131206984,0.07650263813120697
0.0448679,-0.03190284685772538,0.07677074685772539
0.0451392,-0.031097497154126397,0.0762366971541264
0.045468,-0.030879283230583466,0.07634728323058347
0.045604,-0.03486984139767381,0.0804738413976738
0.0457515,-0.03215413461488347,0.07790563461488348
0.0459577,-0.031320610523169964,0.07727831052316997
0.0461067,-0.03317674123211965,0.07928344123211965
0.0462527,-0.0323269013891443,0.0785796013891443
0.046383,-0.03237829094540089,0.07876129094540088
0.0465522,-0.0315616479890051,0.0781138479890051
0.0466805,-0.03253885960503286,0.07921935960503286
0.0469098,-0.030418834290580298,0.0773286342905803
0.0470223,-0.033640202187145994,0.08066250218714599
0.0470013,-0.03453239595354615,0.08153369595354615
0.0469738,-0.032720409104274005,0.07969420910427401
0.0468515,-0.03448546268722325,0.08133696268722325
0.0468042,-0.03180915140374031,0.07861335140374032
0.046759,-0.03275138670899806,0.07951038670899807
0.0466674,-0.03366832916792079,0.08033572916792078
0.0465504,-0.033652688868190526,0.08020308886819053
0.0463578,-0.034501018478217495,0.08085881847821749
0.0462644,-0.03180777246851107,0.07807217246851106
0.046141,-0.03361843397345973,0.07975943397345973
0.0459958,-0.0336078559531361,0.0796036559531361
0.0458837,-0.03270714741628448,0.07859084741628447
0.0458067,-0.03272358127365788,0.07853028127365788
0.0458117,-0.03187659143627518,0.07768829143627518
0.0458835,-0.03175985807637483,0.07764335807637483
0.0458846,-0.03379319803955485,0.07967779803955485
0.0458293,-0.033767791827842245,0.07959709182784225
0.0457275,-0.03373482723722731,0.0794623272372273
0.0456991,-0.0319543951255106,0.07765349512551059
0.0457176,-0.03201145088945808,0.07772905088945808
0.0455613,-0.03557813384854497,0.08113943384854497
0.045487,-0.031964534112644646,0.07745153411264465
0.0454272,-0.03287796595500167,0.07830516595500167
0.0453241,-0.033774987437536284,0.07909908743753628
0.0452016,-0.033743257498942754,0.07894485749894276
0.0449709,-0.03545178298224749,0.0804226829822475
0.0448216,-0.032693840382143916,0.07751544038214392
0.0447328,-0.032684940169408636,0.07741774016940864
0.0446361,-0.03357797283960297,0.07821407283960297
0.044638,-0.03179995437983462,0.07643795437983461
0.0445595,-0.034479015289021316,0.07903851528902131
0.044426,-0.034413500406716827,0.07883950040671683
0.0443659,-0.03257399874970887,0.07693989874970887
0.0443,-0.03345302358161026,0.07775302358161026
0.044131,-0.03517360495752469,0.07930460495752469
0.0439974,-0.03330121497388308,0.07729861497388307
0.0439581,-0.03238206292069166,0.07634016292069165
0.0439893,-0.032401580316335554,0.07639088031633556
0.0439122,-0.03504862272051304,0.07896082272051304
0.0439231,-0.03232066835456545,0.07624376835456545
0.0439961,-0.03232631601155819,0.0763224160115582
0.0441607,-0.0314873359533995,0.0756480359533995
0.0442853,-0.03331920090633515,0.07760450090633515
0.0444818,-0.03157017512658866,0.07605197512658866
0.0445636,-0.03426616457843281,0.07882976457843281
0.0447179,-0.031592677123446246,0.07631057712344624
0.0448161,-0.033406397432401196,0.0782224974324012
0.0449886,-0.03165826620854334,0.07664686620854333
0.0451541,-0.03260604198898229,0.07776014198898229
0.0452425,-0.03352486837436173,0.07876736837436173
0.045328,-0.03263548400813716,0.07796348400813716
0.0453088,-0.03440400244926334,0.07971280244926335
0.0453297,-0.03259274732197383,0.07792244732197383
0.0453249,-0.033482945857728375,0.07880784585772838
0.0452522,-0.034339660383319745,0.07959186038331975
0.0450774,-0.035135926428390626,0.08021332642839063
0.0450311,-0.03151736747251784,0.07654846747251784
0.0450842,-0.03157126755659091,0.07665546755659092
0.045057,-0.03428020745693337,0.07933720745693337
0.0451299,-0.03160881416964923,0.07673871416964922
0.0451664,-0.03342146059930009,0.07858786059930009
0.0452222,-0.03254290365722985,0.07776510365722986
0.0452935,-0.032571848929911995,0.077865348929912
0.0453247,-0.03347967062891032,0.07880437062891033
0.0454383,-0.03171740789543851,0.07715570789543852
0.0455942,-0.03178822415503692,0.07738242415503692
0.0454952,-0.03667520152532856,0.08217040152532856
0.0454094,-0.033445805298840704,0.07885520529884071
0.0453296,-0.033388939164252104,0.0787185391642521
0.0453135,-0.032492544695315005,0.077806044695315
0.0453398,-0.03251633287391108,0.07785613287391108
0.0454499,-0.031675745088579274,0.07712564508857928
0.0455228,-0.03350472437735805,0.07902752437735805
0.0456568,-0.03175012102103406,0.07740692102103405
0.0456841,-0.034438517053768256,0.08012261705376825
0.0456884,-0.03351102749235214,0.07919942749235213
0.0457848,-0.03172984510795464,0.07751464510795464
0.0457736,-0.03441794020714105,0.08019154020714105
0.0457472,-0.03348655706030183,0.07923375706030183
0.0457643,-0.032577731562414655,0.07834203156241465
0.0457582,-0.033471409384666924,0.07922960938466692
0.045722,-0.03345184664287199,0.079173846642872
0.0456251,-0.03429577561505972,0.07992087561505973
0.0455354,-0.033349067530358815,0.07888446753035881
0.0455028,-0.03244177761804083,0.07794457761804083
0.0454108,-0.034210786622073684,0.07962158662207369
0.0454296,-0.03153162265345281,0.07696122265345282
0.0453982,-0.03421452355715684,0.07961272355715684
0.0453809,-0.03328807901840325,0.07866897901840325
0.0454314,-0.03238585756905795,0.07781725756905794
0.0455721,-0.031541021673849486,0.07711312167384948
0.0456095,-0.03424602882618387,0.07985552882618387
0.0455731,-0.034194049769963805,0.0797671497699638
0.0455393,-0.033242666497091025,0.07878196649709102
0.0456161,-0.031471132949158646,0.07708723294915865
0.0457329,-0.032420112463788744,0.07815301246378875
0.0458066,-0.03334407945374479,0.0791506794537448
0.0459713,-0.031588204344003085,0.07755950434400308
0.0460864,-0.03341257275369691,0.07949897275369691
0.0462137,-0.03253761258587935,0.07875131258587936
0.0462917,-0.03344084814005693,0.07973254814005692
0.0462701,-0.034302987714263225,0.08057308771426322
0.0461767,-0.0342325094896089,0.0804092094896089
0.0461307,-0.032410746422411,0.078541446422411
0.046177,-0.0315584655136778,0.0777354655136778
0.0462891,-0.03164254964483179,0.07793164964483179
0.0464086,-0.03261083837504875,0.07901943837504875
0.0465826,-0.03178254970259129,0.07836514970259129
0.046572,-0.03535801950903587,0.08193001950903588
0.0466434,-0.031762683966059885,0.07840608396605989
0.0467197,-0.03269241610076363,0.07941211610076362
0.0467932,-0.03272991942885959,0.07952311942885959
0.0468427,-0.03275861735889972,0.07960131735889972
0.0467761,-0.034535388799514566,0.08131148879951457
0.0466286,-0.03446320184944164,0.08109180184944165
0.0464823,-0.03350574054337901,0.079988040543379
0.0463478,-0.03346799811739576,0.07981579811739575
0.0462795,-0.03256549016282345,0.07884499016282345
0.0463925,-0.03040603430885587,0.07679853430885587
0.0466248,-0.03055441928217978,0.07717921928217977
0.0465763,-0.0368378087005685,0.0834141087005685
0.0466216,-0.03185977007542928,0.07848137007542928
0.0466839,-0.032769883816243635,0.07945378381624363
0.0466955,-0.0336732327357988,0.08036873273579881
0.046711,-0.03277544902568904,0.07948644902568905
0.0467314,-0.03278768836409156,0.07951908836409155
0.0468081,-0.03193725634160744,0.07874535634160744
0.0468202,-0.03375012125725875,0.08057032125725874
0.0467452,-0.03460500750848787,0.08135020750848787
0.0466573,-0.03364845724782334,0.08030575724782334
0.0466163,-0.03272938558099057,0.07934568558099056
0.0465997,-0.03273910614682187,0.07933880614682187
0.046596,-0.032760596100035864,0.07935659610003587
0.0465589,-0.03365522619145989,0.0802141261914599
0.0465517,-0.03275417549728681,0.07930587549728682
0.0464706,-0.03450993518046224,0.08098053518046225
0.0463837,-0.03355924900160222,0.07994294900160222
0.0461991,-0.035261926892611914,0.08146102689261192
0.0461497,-0.031638823015692055,0.07778852301569206
0.0460923,-0.03342921066874999,0.07952151066874999
0.046039,-0.03341741448591441,0.07945641448591441
0.0459918,-0.033389895555801234,0.07938169555580124
0.0459138,-0.034233979117140226,0.08014777911714022
0.0460442,-0.030232069983969944,0.07627626998396994
0.0461804,-0.0325472156639557,0.0787276156639557
0.0462121,-0.03434862861528158,0.08056072861528157
0.0462117,-0.03340526377862529,0.07961696377862529
0.0461978,-0.033370163796534257,0.07956796379653425
0.046232,-0.03247364359508747,0.07870564359508747
0.0464279,-0.030310415765829116,0.07673831576582912
0.0465953,-0.03264830047937105,0.07924360047937104
0.0467472,-0.03269998272442069,0.0794471827244207
0.0469471,-0.03185675043400798,0.07880385043400798
0.0470578,-0.03368022016543581,0.0807380201654358
0.0471003,-0.03366766546516471,0.08076796546516471
0.0470478,-0.03451076996187905,0.08155856996187905
0.0470664,-0.0318135211237493,0.07887992112374931
0.047039,-0.03361737246128774,0.08065637246128773
0.046973,-0.03360305544469227,0.08057605544469226
0.0468905,-0.033571490401193414,0.08046199040119342
0.0468569,-0.03266735822993853,0.07952425822993853
0.0467682,-0.03443149664511231,0.08119969664511231
0.0466359,-0.03435585926518323,0.08099175926518323
0.0465774,-0.03252308738922685,0.07910048738922684
0.0466198,-0.03166157441638033,0.07828137441638033
0.0466836,-0.03261022826319844,0.07929382826319845
0.0468047,-0.03177815730950679,0.07858285730950679
0.0467562,-0.03534542564617979,0.08210162564617979
0.046743,-0.03261689826977819,0.07935989826977818
0.0468112,-0.03174246370507492,0.07855366370507491
0.0468741,-0.0326905733980806,0.0795646733980806
0.0469386,-0.03272830964049779,0.07966690964049779
0.046905,-0.03449650447500067,0.08140150447500066
0.0468595,-0.033552684115645326,0.08041218411564532
0.046803,-0.03350945892776401,0.08031245892776401
0.0466819,-0.03435160497174053,0.08103350497174053
0.0466197,-0.03252746535399057,0.07914716535399058
0.0466056,-0.03253730340757683,0.07914290340757682
0.0465196,-0.034312405285358054,0.08083200528535806
0.0464806,-0.03249945173859336,0.07898005173859335
0.0464834,-0.03251305146152698,0.07899645146152698
0.0464679,-0.03341800810825526,0.07988590810825526
0.0463887,-0.03427037558691316,0.08065907558691315
0.0463751,-0.03245497747036986,0.07883007747036985
0.0463575,-0.03334348789259263,0.07970098789259264
0.0464453,-0.03157990187598602,0.07802520187598602
0.0465474,-0.03252824036093556,0.07907564036093556
0.0466389,-0.032572698139649595,0.07921159813964959
0.0466283,-0.03435295711151689,0.08098125711151688
0.0466502,-0.032541308297188834,0.07919150829718884
0.0466433,-0.03343069472460209,0.08007399472460208
0.0466714,-0.032540102501809,0.079211502501809
0.0468464,-0.030382227579561646,0.07722862757956164
0.0470406,-0.03184320636316881,0.07888380636316882
0.0471898,-0.032817557049303905,0.0800073570493039
0.0471979,-0.03460092429370589,0.08179882429370589
0.0471151,-0.03453185179973371,0.08164695179973372
0.0469159,-0.035318568357634014,0.08223446835763401
0.0468474,-0.031691383327120855,0.07853878332712086
0.0467226,-0.034359324123360166,0.08108192412336017
0.0467048,-0.03168117632076025,0.07838597632076025
0.0467189,-0.03261370754969616,0.07933260754969616
0.0467587,-0.03265511889153601,0.07941381889153601
0.0467094,-0.03443029703329852,0.08113969703329851
0.0467522,-0.03174033037478752,0.07849253037478751
0.0467138,-0.034418950189595954,0.08113275018959595
0.0466714,-0.033484901925789,0.080156301925789
0.0467866,-0.030391647211845164,0.07717824721184516
0.0468342,-0.03358767279354744,0.08042187279354744
0.0468361,-0.03358888683368201,0.08042498683368202
0.0469108,-0.031812925440219776,0.07872372544021977
0.0469272,-0.03362388375633886,0.08055108375633886
0.0470075,-0.03186424491606112,0.07887174491606112
0.0470742,-0.03280147977757274,0.07987567977757273
0.0471308,-0.03283252127914599,0.07996332127914599
0.047131,-0.033726691725493606,0.0808576917254936
0.0470444,-0.034571948103193494,0.08161634810319349
0.0470545,-0.0318701007531109,0.07892460075311089
0.0471262,-0.031924456359883016,0.07905065635988301
0.0471324,-0.03374567115089111,0.0808780711508911
0.0471424,-0.032852401443998175,0.07999480144399818
0.0472125,-0.03198573343825427,0.07919823343825427
0.0472122,-0.03379826444133885,0.08101046444133886
0.0471141,-0.0346512626437339,0.08176536264373391
0.0469361,-0.03483712208851221,0.0817732220885122
0.0467257,-0.034462542269062924,0.08118824226906293
0.0464996,-0.03435976521773843,0.08085936521773843
0.0462645,-0.034265690505035605,0.0805301905050356
0.0460463,-0.0341741592991682,0.0802204592991682
0.0459493,-0.03233956533241562,0.07828886533241561
0.0459391,-0.032351503737270346,0.07829060373727034
0.0458775,-0.03412611917452227,0.08000361917452227
0.0458862,-0.03231478159968542,0.07820098159968542
0.045906,-0.03320217176585872,0.07910817176585871
0.0459923,-0.032317362207917144,0.07830966220791714
0.0460187,-0.03409063168895875,0.08010933168895876
0.0461017,-0.032285450884719465,0.07838715088471947
0.0462099,-0.03230654302851754,0.07851644302851754
0.0463935,-0.031474849272354964,0.07786834927235496
0.0465219,-0.03330779428816076,0.07982969428816075
0.0466644,-0.032436156756500974,0.07910055675650098
0.0467563,-0.03334222232274097,0.08009852232274098
0.0469196,-0.03158993986487458,0.07850953986487458
0.0471198,-0.03166662226746618,0.07878642226746618
0.0472343,-0.03350823870406339,0.0807425387040634
0.0473933,-0.031759565387581776,0.07915286538758178
0.0475684,-0.03183293752114771,0.0794013375211477
0.0475334,-0.03541262039726132,0.08294602039726132
0.0474609,-0.033562765389496235,0.08102366538949624
0.0474175,-0.03264637326795199,0.080063873267952
0.0473995,-0.03266659352893696,0.08006609352893695
0.0475098,-0.03051144349812917,0.07802124349812917
0.0475416,-0.03371681038694499,0.081258410386945
0.0475657,-0.032845457299323526,0.08041115729932352
0.0475234,-0.03373314942963895,0.08125654942963895
0.0474292,-0.0337100208314216,0.0811392208314216
0.0473568,-0.03280401916203079,0.08016081916203079
0.0472339,-0.033691476316836305,0.0809253763168363
0.0470841,-0.03366303809657029,0.08074713809657029
0.0469208,-0.03362945102697295,0.08055025102697294
0.046869,-0.031849107546369625,0.07871810754636963
0.0467895,-0.033657765575917944,0.08044726557591794
0.0466402,-0.03451185414712656,0.08115205414712656
0.0464925,-0.03355687245105016,0.08004937245105015
0.0464019,-0.03263943530684339,0.0790413353068434
0.0463165,-0.0335268677273847,0.0798433677273847
0.0463323,-0.03175682606782143,0.07808912606782142
0.0462688,-0.03443842017790013,0.08070722017790014
0.0461442,-0.03437573324646937,0.08051993324646937
0.0460908,-0.03253979950707253,0.07863059950707253
0.0460389,-0.03342322085443578,0.07946212085443578
0.0460865,-0.03165526511782019,0.07774176511782019
0.0461062,-0.033467379760790714,0.07957357976079071
0.0461476,-0.03258134894855417,0.07872894894855417
0.0462068,-0.03252388506924736,0.07873068506924735
0.0462588,-0.03246568740676923,0.07872448740676924
0.0463352,-0.032407506233800565,0.07874270623380056
0.0464196,-0.03234909833007672,0.07876869833007671
0.0465162,-0.03229160765531703,0.07880780765531703
0.046626,-0.03223360168338646,0.07885960168338646
0.0466077,-0.03479506765580311,0.08140276765580312
0.0465462,-0.03363219653029934,0.08017839653029935
0.0464506,-0.03360559070677295,0.08005619070677295
0.0463931,-0.03270016617021352,0.07909326617021352
0.0463663,-0.03271387307495868,0.07908017307495868
0.0463754,-0.032736344153986005,0.079111744153986
0.0464009,-0.03275937999871261,0.07916027999871261
0.0463863,-0.03365444706213754,0.08004074706213754
0.0463901,-0.03275543694476111,0.0791455369447611
0.046399,-0.03276659622029348,0.07916559622029348
0.0463589,-0.03365961446216703,0.08001851446216704
0.0462803,-0.03363157199012825,0.07991187199012825
0.046122,-0.034469206092076626,0.08059120609207662
0.0457958,-0.03657197719605976,0.08236777719605975
0.0456563,-0.031557366900109504,0.0772136669001095
0.0456431,-0.03158960595230786,0.07723270595230786
0.0456126,-0.03341886144037022,0.07903146144037022
0.0455647,-0.03341026834474878,0.07897496834474878
0.0455044,-0.033383005002032354,0.07888740500203235
0.0455016,-0.032483681583976035,0.07798528158397604
0.0455339,-0.03250261772441119,0.0780365177244112
0.0455975,-0.03253426521545738,0.07813176521545738
0.0456883,-0.03256640739178761,0.07825470739178761
0.0457849,-0.032597747765719956,0.07838264776571996
0.0458252,-0.0335012121118414,0.07932641211184141
0.0459474,-0.0317336315115662,0.07768103151156619
0.0460112,-0.033550612621018425,0.07956181262101843
0.0460311,-0.033541854630302306,0.07957295463030231
0.0459693,-0.03438645761118953,0.08035575761118953
0.0458512,-0.03431125514207267,0.08016245514207268
0.0458196,-0.03247928919089153,0.07829888919089154
0.0457327,-0.034239723650001094,0.0799724236500011
0.0457105,-0.03242693912070844,0.07813743912070845
0.0456272,-0.034188960695104284,0.07981616069510428
0.0455654,-0.033255016727444714,0.07882041672744472
0.0455685,-0.03235083797332558,0.07791933797332558
0.0455061,-0.03412679318322177,0.07963289318322177
0.0454045,-0.03406781020785523,0.07947231020785522
0.0452764,-0.03399096084898027,0.07926736084898027
0.0451489,-0.03391909956671933,0.07906799956671934
0.0449677,-0.03472137809917993,0.07968907809917994
0.044872,-0.03285883420776046,0.07773083420776046
0.0447773,-0.03370955088040176,0.07848685088040176
0.0446785,-0.033659158939467984,0.07833765893946798
0.0447504,-0.030988361335713362,0.07573876133571336
0.0448322,-0.03281516813161975,0.07764736813161975
0.0449728,-0.03196377353402044,0.07693657353402045
0.0451999,-0.031142373354143178,0.07634227335414318
0.0453792,-0.032996129573729494,0.0783753295737295
0.0455757,-0.0321421013953493,0.0777178013953493
0.0456738,-0.033939105464081215,0.07961290546408122
0.0456956,-0.03404070763785612,0.07973630763785612
0.0457393,-0.03296178460505323,0.07870108460505323
0.0458375,-0.03209137760303748,0.07792887760303749
0.0461018,-0.029963064248888636,0.07606486424888864
0.0462466,-0.034068175038252206,0.08031477503825221
0.0464054,-0.032302670054981275,0.07870807005498127
0.0465695,-0.032341424524608114,0.07891092452460811
0.0466665,-0.0332694046489309,0.0799359046489309
0.046711,-0.033271816239690576,0.07998281623969059
0.0466745,-0.03413932521041734,0.08081382521041734
0.0466827,-0.032339045912867376,0.07902174591286737
0.0467249,-0.0323743705645249,0.0790992705645249
0.0467868,-0.03242370717685274,0.07921050717685274
0.0468071,-0.03334611796935275,0.08015321796935275
0.046867,-0.03247023851138236,0.07933723851138236
0.0469741,-0.03164190655396254,0.07861600655396253
0.0471981,-0.0304243995000257,0.0776224995000257
0.0472584,-0.03452415119881222,0.08178255119881223
0.0472032,-0.03472427819165759,0.08192747819165759
0.0470724,-0.03439190533287998,0.08146430533287999
0.0469461,-0.03345035021988778,0.08039645021988778
0.0468796,-0.03254853482471313,0.07942813482471313
0.0467947,-0.03345013791745338,0.08024483791745338
0.0468083,-0.0316931002972942,0.07850140029729419
0.0467844,-0.03351230130695853,0.08029670130695853
0.0467404,-0.03350820366385577,0.08024860366385578
0.0465779,-0.03523428635236641,0.08181218635236641
0.0464354,-0.03336662473556472,0.07980202473556472
0.0463191,-0.03339426115343285,0.07971336115343286
0.0462132,-0.03328736584711876,0.07950056584711876
0.0461072,-0.033284074128791245,0.07939127412879124
0.0460079,-0.03326528103485072,0.07927318103485072
0.0460171,-0.03150210849269402,0.07751920849269402
0.0461238,-0.031577956113868814,0.07770175611386881
0.0462354,-0.03254451344559165,0.07877991344559165
0.0462949,-0.03346538246895642,0.07976028246895642
0.0463094,-0.033452949378817654,0.07976234937881765
0.0462346,-0.034303360789414934,0.08053796078941494
0.0462086,-0.03248657961526501,0.07869517961526501
0.0460579,-0.03512442499553679,0.08118232499553679
0.0459902,-0.032398432881215876,0.07838863288121588
0.0459247,-0.033284004048376004,0.079208704048376
0.0458676,-0.0332742834825447,0.0791418834825447
0.0458163,-0.03325812087760204,0.07907442087760204
0.0458728,-0.03149466347916928,0.07736746347916929
0.0458316,-0.034191528936203905,0.0800231289362039
0.0457826,-0.033270851603386706,0.0790534516033867
0.0456769,-0.03411789503167517,0.07979479503167516
0.0455355,-0.03405611296207647,0.07959161296207647
0.0455344,-0.03136494875294036,0.07689934875294036
0.0455396,-0.03318746559683981,0.07872706559683981
0.0455353,-0.0331933115401839,0.0787286115401839
0.0456304,-0.03143452005457394,0.07706492005457394
0.0457405,-0.032389499689461664,0.07812999968946166
0.045761,-0.03419111875965589,0.0799521187596559
0.0457697,-0.03326317738568036,0.07903287738568036
0.0458591,-0.03149389259460166,0.07735299259460165
0.0458525,-0.03419470110558778,0.08004720110558777
0.0457811,-0.03415196441942446,0.07993306441942447
0.0458274,-0.03146157727842202,0.07728897727842202
0.0459677,-0.03152536694579844,0.07749306694579844
0.0460009,-0.0342468739135441,0.0802477739135441
0.0459526,-0.03421030636511043,0.08016290636511043
0.0459424,-0.03239049112121842,0.07833289112121841
0.0458125,-0.035034118135747375,0.08084661813574737
0.045755,-0.03231278636903981,0.0780677863690398
0.0456031,-0.034949885599008176,0.08055298559900817
0.0454975,-0.03310288945994708,0.07860038945994707
0.0453645,-0.03394925475715868,0.07931375475715868
0.0452179,-0.033893685110251995,0.07911158511025199
0.0452203,-0.031209465045790537,0.07642976504579053
0.0452286,-0.03303835961971442,0.07826695961971442
0.0451898,-0.033923797015728986,0.07911359701572898
0.045274,-0.03125104540510243,0.07652504540510244
0.04545,-0.031333043613308735,0.07678304361330873
0.0456778,-0.03144876492956549,0.07712656492956549
0.0458936,-0.0324286663968252,0.0783222663968252
0.0460843,-0.032488539805703,0.07857283980570301
0.0461009,-0.035156517703338615,0.08125741770333861
0.0461478,-0.03243962779824396,0.07858742779824396
0.0462621,-0.0315845333669578,0.0778466333669578
0.0462139,-0.03516983298223391,0.08138373298223392
0.0460347,-0.03542135983727929,0.08145605983727928
0.0459801,-0.03143713776420197,0.07741723776420198
0.0460953,-0.030199832992960276,0.07629513299296027
0.0461995,-0.03255782666329827,0.07875732666329827
0.0461898,-0.03436919515596537,0.08055899515596537
0.0462552,-0.03169317243889812,0.07794837243889813
0.0463652,-0.03176195018288856,0.07812715018288857
